run,seed,generation,best_profit,current_best_profit,unique_evaluated
1,2024,0,37.366255144,37.366255144,100
1,2024,1,41.024234111,41.024234111,167
1,2024,2,41.024234111,41.024234111,234
1,2024,3,44.878829447,44.878829447,299
1,2024,4,48.962962963,48.962962963,337
1,2024,5,50.082304527,50.082304527,373
1,2024,6,52.255144033,52.255144033,405
1,2024,7,54.477366255,54.477366255,435
1,2024,8,54.477366255,54.477366255,465
1,2024,9,55.135802469,55.135802469,484
1,2024,10,57.679012346,57.679012346,504
1,2024,11,57.679012346,57.679012346,508
1,2024,12,57.679012346,57.679012346,518
1,2024,13,57.679012346,57.679012346,530
1,2024,14,60.222222222,60.222222222,539
1,2024,15,60.222222222,60.222222222,548
1,2024,16,60.222222222,60.222222222,562
1,2024,17,60.222222222,60.222222222,568
1,2024,18,60.222222222,60.222222222,577
1,2024,19,60.222222222,60.222222222,580
1,2024,20,60.222222222,60.222222222,583
1,2024,21,60.222222222,60.222222222,590
1,2024,22,60.222222222,60.222222222,593
1,2024,23,60.222222222,60.222222222,594
1,2024,24,60.222222222,60.222222222,596
1,2024,25,60.222222222,60.222222222,603
1,2024,26,60.222222222,60.222222222,605
1,2024,27,60.222222222,60.222222222,610
1,2024,28,60.222222222,60.222222222,613
1,2024,29,60.222222222,60.222222222,617
1,2024,30,60.222222222,60.222222222,621
1,2024,31,60.222222222,60.222222222,622
1,2024,32,60.222222222,60.222222222,623
1,2024,33,60.222222222,60.222222222,623
1,2024,34,60.222222222,60.222222222,625
1,2024,35,60.222222222,60.222222222,628
1,2024,36,60.222222222,60.222222222,630
1,2024,37,60.222222222,60.222222222,633
1,2024,38,60.222222222,60.222222222,634
1,2024,39,60.222222222,60.222222222,635
1,2024,40,60.222222222,60.222222222,635
1,2024,41,60.222222222,60.222222222,639
1,2024,42,60.222222222,60.222222222,641
1,2024,43,60.222222222,60.222222222,642
1,2024,44,60.222222222,60.222222222,642
1,2024,45,60.222222222,60.222222222,644
1,2024,46,60.222222222,60.222222222,645
1,2024,47,60.222222222,60.222222222,647
1,2024,48,60.222222222,60.222222222,650
1,2024,49,60.222222222,60.222222222,652
1,2024,50,60.222222222,60.222222222,652
1,2024,51,60.222222222,60.222222222,655
1,2024,52,60.222222222,60.222222222,657
1,2024,53,60.222222222,60.222222222,658
1,2024,54,60.222222222,60.222222222,660
1,2024,55,60.222222222,60.222222222,662
1,2024,56,60.222222222,60.222222222,664
1,2024,57,60.222222222,60.222222222,667
1,2024,58,60.222222222,60.222222222,668
1,2024,59,60.222222222,60.222222222,671
1,2024,60,60.222222222,60.222222222,672
1,2024,61,60.222222222,60.222222222,672
1,2024,62,60.222222222,60.222222222,674
1,2024,63,60.222222222,60.222222222,675
1,2024,64,60.222222222,60.222222222,675
1,2024,65,60.222222222,60.222222222,675
1,2024,66,60.222222222,60.222222222,677
1,2024,67,60.222222222,60.222222222,678
1,2024,68,60.222222222,60.222222222,680
1,2024,69,60.222222222,60.222222222,681
1,2024,70,60.222222222,60.222222222,682
1,2024,71,60.222222222,60.222222222,683
1,2024,72,60.222222222,60.222222222,685
1,2024,73,60.222222222,60.222222222,685
1,2024,74,60.222222222,60.222222222,688
1,2024,75,60.222222222,60.222222222,688
1,2024,76,60.222222222,60.222222222,689
1,2024,77,60.222222222,60.222222222,690
1,2024,78,60.222222222,60.222222222,690
1,2024,79,60.222222222,60.222222222,690
1,2024,80,60.222222222,60.222222222,691
1,2024,81,60.222222222,60.222222222,691
1,2024,82,60.222222222,60.222222222,692
1,2024,83,60.222222222,60.222222222,692
1,2024,84,60.222222222,60.222222222,693
1,2024,85,60.222222222,60.222222222,695
1,2024,86,60.222222222,60.222222222,695
1,2024,87,60.222222222,60.222222222,697
1,2024,88,60.222222222,60.222222222,698
1,2024,89,60.222222222,60.222222222,699
1,2024,90,60.222222222,60.222222222,699
1,2024,91,60.222222222,60.222222222,699
1,2024,92,60.222222222,60.222222222,699
1,2024,93,60.222222222,60.222222222,699
1,2024,94,60.222222222,60.222222222,700
1,2024,95,60.222222222,60.222222222,700
1,2024,96,60.222222222,60.222222222,701
1,2024,97,60.222222222,60.222222222,702
1,2024,98,60.222222222,60.222222222,705
1,2024,99,60.222222222,60.222222222,706
1,2024,100,60.222222222,60.222222222,706
1,2024,101,60.222222222,60.222222222,710
1,2024,102,60.222222222,60.222222222,711
1,2024,103,60.222222222,60.222222222,712
1,2024,104,60.222222222,60.222222222,713
1,2024,105,60.222222222,60.222222222,713
1,2024,106,60.222222222,60.222222222,715
1,2024,107,60.222222222,60.222222222,715
1,2024,108,60.222222222,60.222222222,716
1,2024,109,60.222222222,60.222222222,716
1,2024,110,60.222222222,60.222222222,716
1,2024,111,60.222222222,60.222222222,716
1,2024,112,60.222222222,60.222222222,716
1,2024,113,60.222222222,60.222222222,717
1,2024,114,60.222222222,60.222222222,719
1,2024,115,60.222222222,60.222222222,720
1,2024,116,60.222222222,60.222222222,722
1,2024,117,60.222222222,60.222222222,722
1,2024,118,60.222222222,60.222222222,722
1,2024,119,60.222222222,60.222222222,723
1,2024,120,60.222222222,60.222222222,724
1,2024,121,60.222222222,60.222222222,725
1,2024,122,60.222222222,60.222222222,725
1,2024,123,60.222222222,60.222222222,725
1,2024,124,60.222222222,60.222222222,725
1,2024,125,60.222222222,60.222222222,725
1,2024,126,60.222222222,60.222222222,725
1,2024,127,60.222222222,60.222222222,725
1,2024,128,60.222222222,60.222222222,726
1,2024,129,60.222222222,60.222222222,726
1,2024,130,60.222222222,60.222222222,726
1,2024,131,60.222222222,60.222222222,726
1,2024,132,60.222222222,60.222222222,727
1,2024,133,60.222222222,60.222222222,727
1,2024,134,60.222222222,60.222222222,727
1,2024,135,60.222222222,60.222222222,729
1,2024,136,60.222222222,60.222222222,729
1,2024,137,60.222222222,60.222222222,729
1,2024,138,60.222222222,60.222222222,729
1,2024,139,60.222222222,60.222222222,731
1,2024,140,60.222222222,60.222222222,731
1,2024,141,60.222222222,60.222222222,732
1,2024,142,60.222222222,60.222222222,732
1,2024,143,60.222222222,60.222222222,732
1,2024,144,60.222222222,60.222222222,735
1,2024,145,60.222222222,60.222222222,735
1,2024,146,60.222222222,60.222222222,735
1,2024,147,60.222222222,60.222222222,735
1,2024,148,60.222222222,60.222222222,735
1,2024,149,60.222222222,60.222222222,735
1,2024,150,60.222222222,60.222222222,735
1,2024,151,60.222222222,60.222222222,735
1,2024,152,60.222222222,60.222222222,735
1,2024,153,60.222222222,60.222222222,735
1,2024,154,60.222222222,60.222222222,735
1,2024,155,60.222222222,60.222222222,735
1,2024,156,60.222222222,60.222222222,735
1,2024,157,60.222222222,60.222222222,736
1,2024,158,60.222222222,60.222222222,737
1,2024,159,60.222222222,60.222222222,737
1,2024,160,60.222222222,60.222222222,737
1,2024,161,60.222222222,60.222222222,737
1,2024,162,60.222222222,60.222222222,738
1,2024,163,60.222222222,60.222222222,738
1,2024,164,60.222222222,60.222222222,738
1,2024,165,60.222222222,60.222222222,739
1,2024,166,60.222222222,60.222222222,739
1,2024,167,60.222222222,60.222222222,740
1,2024,168,60.222222222,60.222222222,740
1,2024,169,60.222222222,60.222222222,741
1,2024,170,60.222222222,60.222222222,741
1,2024,171,60.222222222,60.222222222,741
1,2024,172,60.222222222,60.222222222,742
1,2024,173,60.222222222,60.222222222,743
1,2024,174,60.222222222,60.222222222,744
1,2024,175,60.222222222,60.222222222,744
1,2024,176,60.222222222,60.222222222,744
1,2024,177,60.222222222,60.222222222,745
1,2024,178,60.222222222,60.222222222,745
1,2024,179,60.222222222,60.222222222,745
1,2024,180,60.222222222,60.222222222,745
1,2024,181,60.222222222,60.222222222,745
1,2024,182,60.222222222,60.222222222,745
1,2024,183,60.222222222,60.222222222,746
1,2024,184,60.222222222,60.222222222,746
1,2024,185,60.222222222,60.222222222,746
1,2024,186,60.222222222,60.222222222,746
1,2024,187,60.222222222,60.222222222,747
1,2024,188,60.222222222,60.222222222,747
1,2024,189,60.222222222,60.222222222,747
1,2024,190,60.222222222,60.222222222,747
1,2024,191,60.222222222,60.222222222,747
1,2024,192,60.222222222,60.222222222,747
1,2024,193,60.222222222,60.222222222,748
1,2024,194,60.222222222,60.222222222,748
1,2024,195,60.222222222,60.222222222,748
1,2024,196,60.222222222,60.222222222,748
1,2024,197,60.222222222,60.222222222,748
1,2024,198,60.222222222,60.222222222,748
1,2024,199,60.222222222,60.222222222,748
1,2024,200,60.222222222,60.222222222,748
2,2025,0,51.308641975,51.308641975,100
2,2025,1,55.259259259,55.259259259,181
2,2025,2,55.259259259,55.259259259,246
2,2025,3,57.802469136,57.802469136,301
2,2025,4,57.802469136,57.802469136,344
2,2025,5,58.049382716,58.049382716,360
2,2025,6,58.049382716,58.049382716,383
2,2025,7,58.049382716,58.049382716,397
2,2025,8,58.049382716,58.049382716,407
2,2025,9,60.222222222,60.222222222,416
2,2025,10,60.222222222,60.222222222,419
2,2025,11,60.222222222,60.222222222,427
2,2025,12,60.222222222,60.222222222,436
2,2025,13,60.222222222,60.222222222,441
2,2025,14,60.222222222,60.222222222,449
2,2025,15,60.222222222,60.222222222,452
2,2025,16,60.222222222,60.222222222,453
2,2025,17,60.222222222,60.222222222,458
2,2025,18,60.222222222,60.222222222,461
2,2025,19,60.222222222,60.222222222,464
2,2025,20,60.222222222,60.222222222,467
2,2025,21,60.222222222,60.222222222,470
2,2025,22,60.222222222,60.222222222,473
2,2025,23,60.222222222,60.222222222,478
2,2025,24,60.222222222,60.222222222,479
2,2025,25,60.222222222,60.222222222,482
2,2025,26,60.222222222,60.222222222,486
2,2025,27,60.222222222,60.222222222,487
2,2025,28,60.222222222,60.222222222,491
2,2025,29,60.222222222,60.222222222,494
2,2025,30,60.222222222,60.222222222,494
2,2025,31,60.222222222,60.222222222,496
2,2025,32,60.222222222,60.222222222,498
2,2025,33,60.222222222,60.222222222,499
2,2025,34,60.222222222,60.222222222,501
2,2025,35,60.222222222,60.222222222,502
2,2025,36,60.222222222,60.222222222,504
2,2025,37,60.222222222,60.222222222,506
2,2025,38,60.222222222,60.222222222,509
2,2025,39,60.222222222,60.222222222,510
2,2025,40,60.222222222,60.222222222,510
2,2025,41,60.222222222,60.222222222,513
2,2025,42,60.222222222,60.222222222,515
2,2025,43,60.222222222,60.222222222,516
2,2025,44,60.222222222,60.222222222,517
2,2025,45,60.222222222,60.222222222,517
2,2025,46,60.222222222,60.222222222,521
2,2025,47,60.222222222,60.222222222,524
2,2025,48,60.222222222,60.222222222,524
2,2025,49,60.222222222,60.222222222,525
2,2025,50,60.222222222,60.222222222,527
2,2025,51,60.222222222,60.222222222,529
2,2025,52,60.222222222,60.222222222,529
2,2025,53,60.222222222,60.222222222,531
2,2025,54,60.222222222,60.222222222,532
2,2025,55,60.222222222,60.222222222,536
2,2025,56,60.222222222,60.222222222,538
2,2025,57,60.222222222,60.222222222,539
2,2025,58,60.222222222,60.222222222,540
2,2025,59,60.222222222,60.222222222,542
2,2025,60,60.222222222,60.222222222,542
2,2025,61,60.222222222,60.222222222,542
2,2025,62,60.222222222,60.222222222,544
2,2025,63,60.222222222,60.222222222,545
2,2025,64,60.222222222,60.222222222,545
2,2025,65,60.222222222,60.222222222,546
2,2025,66,60.222222222,60.222222222,546
2,2025,67,60.222222222,60.222222222,546
2,2025,68,60.222222222,60.222222222,548
2,2025,69,60.222222222,60.222222222,548
2,2025,70,60.222222222,60.222222222,548
2,2025,71,60.222222222,60.222222222,548
2,2025,72,60.222222222,60.222222222,549
2,2025,73,60.222222222,60.222222222,549
2,2025,74,60.222222222,60.222222222,549
2,2025,75,60.222222222,60.222222222,549
2,2025,76,60.222222222,60.222222222,549
2,2025,77,60.222222222,60.222222222,549
2,2025,78,60.222222222,60.222222222,550
2,2025,79,60.222222222,60.222222222,551
2,2025,80,60.222222222,60.222222222,552
2,2025,81,60.222222222,60.222222222,552
2,2025,82,60.222222222,60.222222222,552
2,2025,83,60.222222222,60.222222222,552
2,2025,84,60.222222222,60.222222222,553
2,2025,85,60.222222222,60.222222222,553
2,2025,86,60.222222222,60.222222222,553
2,2025,87,60.222222222,60.222222222,555
2,2025,88,60.222222222,60.222222222,556
2,2025,89,60.222222222,60.222222222,559
2,2025,90,60.222222222,60.222222222,559
2,2025,91,60.222222222,60.222222222,559
2,2025,92,60.222222222,60.222222222,559
2,2025,93,60.222222222,60.222222222,561
2,2025,94,60.222222222,60.222222222,562
2,2025,95,60.222222222,60.222222222,562
2,2025,96,60.222222222,60.222222222,562
2,2025,97,60.222222222,60.222222222,565
2,2025,98,60.222222222,60.222222222,567
2,2025,99,60.222222222,60.222222222,567
2,2025,100,60.222222222,60.222222222,568
2,2025,101,60.222222222,60.222222222,568
2,2025,102,60.222222222,60.222222222,569
2,2025,103,60.222222222,60.222222222,569
2,2025,104,60.222222222,60.222222222,569
2,2025,105,60.222222222,60.222222222,570
2,2025,106,60.222222222,60.222222222,571
2,2025,107,60.222222222,60.222222222,573
2,2025,108,60.222222222,60.222222222,573
2,2025,109,60.222222222,60.222222222,573
2,2025,110,60.222222222,60.222222222,573
2,2025,111,60.222222222,60.222222222,574
2,2025,112,60.222222222,60.222222222,575
2,2025,113,60.222222222,60.222222222,577
2,2025,114,60.222222222,60.222222222,577
2,2025,115,60.222222222,60.222222222,578
2,2025,116,60.222222222,60.222222222,578
2,2025,117,60.222222222,60.222222222,579
2,2025,118,60.222222222,60.222222222,579
2,2025,119,60.222222222,60.222222222,580
2,2025,120,60.222222222,60.222222222,580
2,2025,121,60.222222222,60.222222222,580
2,2025,122,60.222222222,60.222222222,581
2,2025,123,60.222222222,60.222222222,581
2,2025,124,60.222222222,60.222222222,581
2,2025,125,60.222222222,60.222222222,583
2,2025,126,60.222222222,60.222222222,583
2,2025,127,60.222222222,60.222222222,585
2,2025,128,60.222222222,60.222222222,586
2,2025,129,60.222222222,60.222222222,586
2,2025,130,60.222222222,60.222222222,586
2,2025,131,60.222222222,60.222222222,587
2,2025,132,60.222222222,60.222222222,588
2,2025,133,60.222222222,60.222222222,588
2,2025,134,60.222222222,60.222222222,588
2,2025,135,60.222222222,60.222222222,588
2,2025,136,60.222222222,60.222222222,589
2,2025,137,60.222222222,60.222222222,589
2,2025,138,60.222222222,60.222222222,589
2,2025,139,60.222222222,60.222222222,589
2,2025,140,60.222222222,60.222222222,590
2,2025,141,60.222222222,60.222222222,590
2,2025,142,60.222222222,60.222222222,590
2,2025,143,60.222222222,60.222222222,590
2,2025,144,60.222222222,60.222222222,590
2,2025,145,60.222222222,60.222222222,590
2,2025,146,60.222222222,60.222222222,590
2,2025,147,60.222222222,60.222222222,590
2,2025,148,60.222222222,60.222222222,590
2,2025,149,60.222222222,60.222222222,591
2,2025,150,60.222222222,60.222222222,592
2,2025,151,60.222222222,60.222222222,592
2,2025,152,60.222222222,60.222222222,593
2,2025,153,60.222222222,60.222222222,593
2,2025,154,60.222222222,60.222222222,595
2,2025,155,60.222222222,60.222222222,597
2,2025,156,60.222222222,60.222222222,598
2,2025,157,60.222222222,60.222222222,598
2,2025,158,60.222222222,60.222222222,599
2,2025,159,60.222222222,60.222222222,599
2,2025,160,60.222222222,60.222222222,599
2,2025,161,60.222222222,60.222222222,601
2,2025,162,60.222222222,60.222222222,602
2,2025,163,60.222222222,60.222222222,603
2,2025,164,60.222222222,60.222222222,603
2,2025,165,60.222222222,60.222222222,603
2,2025,166,60.222222222,60.222222222,603
2,2025,167,60.222222222,60.222222222,604
2,2025,168,60.222222222,60.222222222,604
2,2025,169,60.222222222,60.222222222,604
2,2025,170,60.222222222,60.222222222,604
2,2025,171,60.222222222,60.222222222,604
2,2025,172,60.222222222,60.222222222,604
2,2025,173,60.222222222,60.222222222,604
2,2025,174,60.222222222,60.222222222,604
2,2025,175,60.222222222,60.222222222,605
2,2025,176,60.222222222,60.222222222,605
2,2025,177,60.222222222,60.222222222,605
2,2025,178,60.222222222,60.222222222,606
2,2025,179,60.222222222,60.222222222,606
2,2025,180,60.222222222,60.222222222,606
2,2025,181,60.222222222,60.222222222,606
2,2025,182,60.222222222,60.222222222,606
2,2025,183,60.222222222,60.222222222,606
2,2025,184,60.222222222,60.222222222,608
2,2025,185,60.222222222,60.222222222,609
2,2025,186,60.222222222,60.222222222,609
2,2025,187,60.222222222,60.222222222,609
2,2025,188,60.222222222,60.222222222,609
2,2025,189,60.222222222,60.222222222,609
2,2025,190,60.222222222,60.222222222,609
2,2025,191,60.222222222,60.222222222,609
2,2025,192,60.222222222,60.222222222,609
2,2025,193,60.222222222,60.222222222,610
2,2025,194,60.222222222,60.222222222,610
2,2025,195,60.222222222,60.222222222,611
2,2025,196,60.222222222,60.222222222,612
2,2025,197,60.222222222,60.222222222,612
2,2025,198,60.222222222,60.222222222,612
2,2025,199,60.222222222,60.222222222,612
2,2025,200,60.222222222,60.222222222,612
3,2026,0,42.894375857,42.894375857,100
3,2026,1,43.443072702,43.443072702,170
3,2026,2,49.478737997,49.478737997,232
3,2026,3,51.11659808,51.11659808,296
3,2026,4,53.338820302,53.338820302,346
3,2026,5,55.50617284,55.50617284,390
3,2026,6,55.50617284,55.50617284,425
3,2026,7,55.50617284,55.50617284,447
3,2026,8,55.50617284,55.50617284,468
3,2026,9,57.020576132,57.020576132,483
3,2026,10,58.049382716,58.049382716,499
3,2026,11,60.222222222,60.222222222,511
3,2026,12,60.222222222,60.222222222,527
3,2026,13,60.222222222,60.222222222,536
3,2026,14,60.222222222,60.222222222,548
3,2026,15,60.222222222,60.222222222,559
3,2026,16,60.222222222,60.222222222,565
3,2026,17,60.222222222,60.222222222,568
3,2026,18,60.222222222,60.222222222,569
3,2026,19,60.222222222,60.222222222,575
3,2026,20,60.222222222,60.222222222,576
3,2026,21,60.222222222,60.222222222,583
3,2026,22,60.222222222,60.222222222,586
3,2026,23,60.222222222,60.222222222,587
3,2026,24,60.222222222,60.222222222,590
3,2026,25,60.222222222,60.222222222,591
3,2026,26,60.222222222,60.222222222,594
3,2026,27,60.222222222,60.222222222,595
3,2026,28,60.222222222,60.222222222,599
3,2026,29,60.222222222,60.222222222,601
3,2026,30,60.222222222,60.222222222,608
3,2026,31,60.222222222,60.222222222,609
3,2026,32,60.222222222,60.222222222,612
3,2026,33,60.222222222,60.222222222,613
3,2026,34,60.222222222,60.222222222,615
3,2026,35,60.222222222,60.222222222,616
3,2026,36,60.222222222,60.222222222,619
3,2026,37,60.222222222,60.222222222,621
3,2026,38,60.222222222,60.222222222,622
3,2026,39,60.222222222,60.222222222,623
3,2026,40,60.222222222,60.222222222,626
3,2026,41,60.222222222,60.222222222,629
3,2026,42,60.222222222,60.222222222,631
3,2026,43,60.222222222,60.222222222,632
3,2026,44,60.222222222,60.222222222,634
3,2026,45,60.222222222,60.222222222,637
3,2026,46,60.222222222,60.222222222,638
3,2026,47,60.222222222,60.222222222,640
3,2026,48,60.222222222,60.222222222,642
3,2026,49,60.222222222,60.222222222,644
3,2026,50,60.222222222,60.222222222,644
3,2026,51,60.222222222,60.222222222,647
3,2026,52,60.222222222,60.222222222,648
3,2026,53,60.222222222,60.222222222,649
3,2026,54,60.222222222,60.222222222,649
3,2026,55,60.222222222,60.222222222,653
3,2026,56,60.222222222,60.222222222,653
3,2026,57,60.222222222,60.222222222,654
3,2026,58,60.222222222,60.222222222,655
3,2026,59,60.222222222,60.222222222,657
3,2026,60,60.222222222,60.222222222,659
3,2026,61,60.222222222,60.222222222,661
3,2026,62,60.222222222,60.222222222,662
3,2026,63,60.222222222,60.222222222,662
3,2026,64,60.222222222,60.222222222,662
3,2026,65,60.222222222,60.222222222,662
3,2026,66,60.222222222,60.222222222,663
3,2026,67,60.222222222,60.222222222,665
3,2026,68,60.222222222,60.222222222,666
3,2026,69,60.222222222,60.222222222,668
3,2026,70,60.222222222,60.222222222,670
3,2026,71,60.222222222,60.222222222,673
3,2026,72,60.222222222,60.222222222,674
3,2026,73,60.222222222,60.222222222,674
3,2026,74,60.222222222,60.222222222,675
3,2026,75,60.222222222,60.222222222,675
3,2026,76,60.222222222,60.222222222,675
3,2026,77,60.222222222,60.222222222,677
3,2026,78,60.222222222,60.222222222,678
3,2026,79,60.222222222,60.222222222,678
3,2026,80,60.222222222,60.222222222,678
3,2026,81,60.222222222,60.222222222,678
3,2026,82,60.222222222,60.222222222,679
3,2026,83,60.222222222,60.222222222,680
3,2026,84,60.222222222,60.222222222,683
3,2026,85,60.222222222,60.222222222,683
3,2026,86,60.222222222,60.222222222,683
3,2026,87,60.222222222,60.222222222,684
3,2026,88,60.222222222,60.222222222,685
3,2026,89,60.222222222,60.222222222,685
3,2026,90,60.222222222,60.222222222,685
3,2026,91,60.222222222,60.222222222,686
3,2026,92,60.222222222,60.222222222,688
3,2026,93,60.222222222,60.222222222,688
3,2026,94,60.222222222,60.222222222,688
3,2026,95,60.222222222,60.222222222,688
3,2026,96,60.222222222,60.222222222,690
3,2026,97,60.222222222,60.222222222,691
3,2026,98,60.222222222,60.222222222,691
3,2026,99,60.222222222,60.222222222,692
3,2026,100,60.222222222,60.222222222,693
3,2026,101,60.222222222,60.222222222,693
3,2026,102,60.222222222,60.222222222,694
3,2026,103,60.222222222,60.222222222,694
3,2026,104,60.222222222,60.222222222,694
3,2026,105,60.222222222,60.222222222,694
3,2026,106,60.222222222,60.222222222,695
3,2026,107,60.222222222,60.222222222,695
3,2026,108,60.222222222,60.222222222,697
3,2026,109,60.222222222,60.222222222,697
3,2026,110,60.222222222,60.222222222,697
3,2026,111,60.222222222,60.222222222,697
3,2026,112,60.222222222,60.222222222,697
3,2026,113,60.222222222,60.222222222,697
3,2026,114,60.222222222,60.222222222,697
3,2026,115,60.222222222,60.222222222,697
3,2026,116,60.222222222,60.222222222,697
3,2026,117,60.222222222,60.222222222,697
3,2026,118,60.222222222,60.222222222,697
3,2026,119,60.222222222,60.222222222,698
3,2026,120,60.222222222,60.222222222,699
3,2026,121,60.222222222,60.222222222,699
3,2026,122,60.222222222,60.222222222,699
3,2026,123,60.222222222,60.222222222,700
3,2026,124,60.222222222,60.222222222,700
3,2026,125,60.222222222,60.222222222,701
3,2026,126,60.222222222,60.222222222,701
3,2026,127,60.222222222,60.222222222,701
3,2026,128,60.222222222,60.222222222,702
3,2026,129,60.222222222,60.222222222,702
3,2026,130,60.222222222,60.222222222,702
3,2026,131,60.222222222,60.222222222,702
3,2026,132,60.222222222,60.222222222,702
3,2026,133,60.222222222,60.222222222,702
3,2026,134,60.222222222,60.222222222,703
3,2026,135,60.222222222,60.222222222,703
3,2026,136,60.222222222,60.222222222,704
3,2026,137,60.222222222,60.222222222,704
3,2026,138,60.222222222,60.222222222,704
3,2026,139,60.222222222,60.222222222,705
3,2026,140,60.222222222,60.222222222,707
3,2026,141,60.222222222,60.222222222,707
3,2026,142,60.222222222,60.222222222,707
3,2026,143,60.222222222,60.222222222,708
3,2026,144,60.222222222,60.222222222,710
3,2026,145,60.222222222,60.222222222,711
3,2026,146,60.222222222,60.222222222,711
3,2026,147,60.222222222,60.222222222,711
3,2026,148,60.222222222,60.222222222,712
3,2026,149,60.222222222,60.222222222,712
3,2026,150,60.222222222,60.222222222,712
3,2026,151,60.222222222,60.222222222,712
3,2026,152,60.222222222,60.222222222,712
3,2026,153,60.222222222,60.222222222,712
3,2026,154,60.222222222,60.222222222,712
3,2026,155,60.222222222,60.222222222,713
3,2026,156,60.222222222,60.222222222,716
3,2026,157,60.222222222,60.222222222,716
3,2026,158,60.222222222,60.222222222,717
3,2026,159,60.222222222,60.222222222,718
3,2026,160,60.222222222,60.222222222,720
3,2026,161,60.222222222,60.222222222,721
3,2026,162,60.222222222,60.222222222,722
3,2026,163,60.222222222,60.222222222,722
3,2026,164,60.222222222,60.222222222,722
3,2026,165,60.222222222,60.222222222,722
3,2026,166,60.222222222,60.222222222,723
3,2026,167,60.222222222,60.222222222,724
3,2026,168,60.222222222,60.222222222,724
3,2026,169,60.222222222,60.222222222,724
3,2026,170,60.222222222,60.222222222,725
3,2026,171,60.222222222,60.222222222,725
3,2026,172,60.222222222,60.222222222,725
3,2026,173,60.222222222,60.222222222,726
3,2026,174,60.222222222,60.222222222,727
3,2026,175,60.222222222,60.222222222,727
3,2026,176,60.222222222,60.222222222,727
3,2026,177,60.222222222,60.222222222,728
3,2026,178,60.222222222,60.222222222,728
3,2026,179,60.222222222,60.222222222,728
3,2026,180,60.222222222,60.222222222,728
3,2026,181,60.222222222,60.222222222,728
3,2026,182,60.222222222,60.222222222,729
3,2026,183,60.222222222,60.222222222,729
3,2026,184,60.222222222,60.222222222,729
3,2026,185,60.222222222,60.222222222,729
3,2026,186,60.222222222,60.222222222,729
3,2026,187,60.222222222,60.222222222,729
3,2026,188,60.222222222,60.222222222,729
3,2026,189,60.222222222,60.222222222,729
3,2026,190,60.222222222,60.222222222,729
3,2026,191,60.222222222,60.222222222,730
3,2026,192,60.222222222,60.222222222,731
3,2026,193,60.222222222,60.222222222,731
3,2026,194,60.222222222,60.222222222,731
3,2026,195,60.222222222,60.222222222,731
3,2026,196,60.222222222,60.222222222,731
3,2026,197,60.222222222,60.222222222,731
3,2026,198,60.222222222,60.222222222,731
3,2026,199,60.222222222,60.222222222,731
3,2026,200,60.222222222,60.222222222,732
4,2027,0,54.847736626,54.847736626,100
4,2027,1,54.847736626,54.847736626,179
4,2027,2,54.847736626,54.847736626,244
4,2027,3,57.020576132,57.020576132,304
4,2027,4,57.020576132,57.020576132,340
4,2027,5,57.020576132,57.020576132,372
4,2027,6,57.679012346,57.679012346,383
4,2027,7,57.679012346,57.679012346,394
4,2027,8,57.679012346,57.679012346,410
4,2027,9,57.679012346,57.679012346,415
4,2027,10,60.222222222,60.222222222,418
4,2027,11,60.222222222,60.222222222,424
4,2027,12,60.222222222,60.222222222,431
4,2027,13,60.222222222,60.222222222,437
4,2027,14,60.222222222,60.222222222,442
4,2027,15,60.222222222,60.222222222,450
4,2027,16,60.222222222,60.222222222,456
4,2027,17,60.222222222,60.222222222,458
4,2027,18,60.222222222,60.222222222,460
4,2027,19,60.222222222,60.222222222,462
4,2027,20,60.222222222,60.222222222,466
4,2027,21,60.222222222,60.222222222,470
4,2027,22,60.222222222,60.222222222,474
4,2027,23,60.222222222,60.222222222,479
4,2027,24,60.222222222,60.222222222,481
4,2027,25,60.222222222,60.222222222,482
4,2027,26,60.222222222,60.222222222,489
4,2027,27,60.222222222,60.222222222,490
4,2027,28,60.222222222,60.222222222,495
4,2027,29,60.222222222,60.222222222,497
4,2027,30,60.222222222,60.222222222,499
4,2027,31,60.222222222,60.222222222,503
4,2027,32,60.222222222,60.222222222,504
4,2027,33,60.222222222,60.222222222,507
4,2027,34,60.222222222,60.222222222,508
4,2027,35,60.222222222,60.222222222,509
4,2027,36,60.222222222,60.222222222,511
4,2027,37,60.222222222,60.222222222,513
4,2027,38,60.222222222,60.222222222,514
4,2027,39,60.222222222,60.222222222,516
4,2027,40,60.222222222,60.222222222,518
4,2027,41,60.222222222,60.222222222,521
4,2027,42,60.222222222,60.222222222,525
4,2027,43,60.222222222,60.222222222,527
4,2027,44,60.222222222,60.222222222,530
4,2027,45,60.222222222,60.222222222,533
4,2027,46,60.222222222,60.222222222,533
4,2027,47,60.222222222,60.222222222,536
4,2027,48,60.222222222,60.222222222,538
4,2027,49,60.222222222,60.222222222,538
4,2027,50,60.222222222,60.222222222,538
4,2027,51,60.222222222,60.222222222,539
4,2027,52,60.222222222,60.222222222,542
4,2027,53,60.222222222,60.222222222,543
4,2027,54,60.222222222,60.222222222,546
4,2027,55,60.222222222,60.222222222,548
4,2027,56,60.222222222,60.222222222,548
4,2027,57,60.222222222,60.222222222,550
4,2027,58,60.222222222,60.222222222,551
4,2027,59,60.222222222,60.222222222,551
4,2027,60,60.222222222,60.222222222,554
4,2027,61,60.222222222,60.222222222,556
4,2027,62,60.222222222,60.222222222,557
4,2027,63,60.222222222,60.222222222,557
4,2027,64,60.222222222,60.222222222,558
4,2027,65,60.222222222,60.222222222,558
4,2027,66,60.222222222,60.222222222,558
4,2027,67,60.222222222,60.222222222,560
4,2027,68,60.222222222,60.222222222,561
4,2027,69,60.222222222,60.222222222,561
4,2027,70,60.222222222,60.222222222,562
4,2027,71,60.222222222,60.222222222,563
4,2027,72,60.222222222,60.222222222,563
4,2027,73,60.222222222,60.222222222,563
4,2027,74,60.222222222,60.222222222,563
4,2027,75,60.222222222,60.222222222,563
4,2027,76,60.222222222,60.222222222,563
4,2027,77,60.222222222,60.222222222,565
4,2027,78,60.222222222,60.222222222,565
4,2027,79,60.222222222,60.222222222,566
4,2027,80,60.222222222,60.222222222,567
4,2027,81,60.222222222,60.222222222,568
4,2027,82,60.222222222,60.222222222,569
4,2027,83,60.222222222,60.222222222,571
4,2027,84,60.222222222,60.222222222,571
4,2027,85,60.222222222,60.222222222,573
4,2027,86,60.222222222,60.222222222,575
4,2027,87,60.222222222,60.222222222,577
4,2027,88,60.222222222,60.222222222,577
4,2027,89,60.222222222,60.222222222,577
4,2027,90,60.222222222,60.222222222,579
4,2027,91,60.222222222,60.222222222,580
4,2027,92,60.222222222,60.222222222,580
4,2027,93,60.222222222,60.222222222,580
4,2027,94,60.222222222,60.222222222,581
4,2027,95,60.222222222,60.222222222,582
4,2027,96,60.222222222,60.222222222,583
4,2027,97,60.222222222,60.222222222,584
4,2027,98,60.222222222,60.222222222,584
4,2027,99,60.222222222,60.222222222,585
4,2027,100,60.222222222,60.222222222,586
4,2027,101,60.222222222,60.222222222,586
4,2027,102,60.222222222,60.222222222,586
4,2027,103,60.222222222,60.222222222,586
4,2027,104,60.222222222,60.222222222,586
4,2027,105,60.222222222,60.222222222,586
4,2027,106,60.222222222,60.222222222,587
4,2027,107,60.222222222,60.222222222,587
4,2027,108,60.222222222,60.222222222,587
4,2027,109,60.222222222,60.222222222,587
4,2027,110,60.222222222,60.222222222,587
4,2027,111,60.222222222,60.222222222,590
4,2027,112,60.222222222,60.222222222,591
4,2027,113,60.222222222,60.222222222,593
4,2027,114,60.222222222,60.222222222,593
4,2027,115,60.222222222,60.222222222,593
4,2027,116,60.222222222,60.222222222,594
4,2027,117,60.222222222,60.222222222,594
4,2027,118,60.222222222,60.222222222,594
4,2027,119,60.222222222,60.222222222,595
4,2027,120,60.222222222,60.222222222,596
4,2027,121,60.222222222,60.222222222,598
4,2027,122,60.222222222,60.222222222,598
4,2027,123,60.222222222,60.222222222,599
4,2027,124,60.222222222,60.222222222,599
4,2027,125,60.222222222,60.222222222,600
4,2027,126,60.222222222,60.222222222,600
4,2027,127,60.222222222,60.222222222,600
4,2027,128,60.222222222,60.222222222,600
4,2027,129,60.222222222,60.222222222,600
4,2027,130,60.222222222,60.222222222,600
4,2027,131,60.222222222,60.222222222,600
4,2027,132,60.222222222,60.222222222,602
4,2027,133,60.222222222,60.222222222,602
4,2027,134,60.222222222,60.222222222,602
4,2027,135,60.222222222,60.222222222,602
4,2027,136,60.222222222,60.222222222,603
4,2027,137,60.222222222,60.222222222,603
4,2027,138,60.222222222,60.222222222,603
4,2027,139,60.222222222,60.222222222,604
4,2027,140,60.222222222,60.222222222,605
4,2027,141,60.222222222,60.222222222,605
4,2027,142,60.222222222,60.222222222,607
4,2027,143,60.222222222,60.222222222,607
4,2027,144,60.222222222,60.222222222,607
4,2027,145,60.222222222,60.222222222,607
4,2027,146,60.222222222,60.222222222,608
4,2027,147,60.222222222,60.222222222,608
4,2027,148,60.222222222,60.222222222,608
4,2027,149,60.222222222,60.222222222,609
4,2027,150,60.222222222,60.222222222,610
4,2027,151,60.222222222,60.222222222,610
4,2027,152,60.222222222,60.222222222,610
4,2027,153,60.222222222,60.222222222,610
4,2027,154,60.222222222,60.222222222,610
4,2027,155,60.222222222,60.222222222,610
4,2027,156,60.222222222,60.222222222,610
4,2027,157,60.222222222,60.222222222,610
4,2027,158,60.222222222,60.222222222,612
4,2027,159,60.222222222,60.222222222,612
4,2027,160,60.222222222,60.222222222,613
4,2027,161,60.222222222,60.222222222,615
4,2027,162,60.222222222,60.222222222,615
4,2027,163,60.222222222,60.222222222,615
4,2027,164,60.222222222,60.222222222,616
4,2027,165,60.222222222,60.222222222,616
4,2027,166,60.222222222,60.222222222,616
4,2027,167,60.222222222,60.222222222,616
4,2027,168,60.222222222,60.222222222,616
4,2027,169,60.222222222,60.222222222,618
4,2027,170,60.222222222,60.222222222,618
4,2027,171,60.222222222,60.222222222,619
4,2027,172,60.222222222,60.222222222,620
4,2027,173,60.222222222,60.222222222,620
4,2027,174,60.222222222,60.222222222,620
4,2027,175,60.222222222,60.222222222,621
4,2027,176,60.222222222,60.222222222,621
4,2027,177,60.222222222,60.222222222,621
4,2027,178,60.222222222,60.222222222,621
4,2027,179,60.222222222,60.222222222,622
4,2027,180,60.222222222,60.222222222,622
4,2027,181,60.222222222,60.222222222,623
4,2027,182,60.222222222,60.222222222,624
4,2027,183,60.222222222,60.222222222,624
4,2027,184,60.222222222,60.222222222,624
4,2027,185,60.222222222,60.222222222,624
4,2027,186,60.222222222,60.222222222,625
4,2027,187,60.222222222,60.222222222,626
4,2027,188,60.222222222,60.222222222,626
4,2027,189,60.222222222,60.222222222,626
4,2027,190,60.222222222,60.222222222,626
4,2027,191,60.222222222,60.222222222,626
4,2027,192,60.222222222,60.222222222,628
4,2027,193,60.222222222,60.222222222,629
4,2027,194,60.222222222,60.222222222,629
4,2027,195,60.222222222,60.222222222,631
4,2027,196,60.222222222,60.222222222,631
4,2027,197,60.222222222,60.222222222,632
4,2027,198,60.222222222,60.222222222,632
4,2027,199,60.222222222,60.222222222,633
4,2027,200,60.222222222,60.222222222,633
5,2028,0,48.606310014,48.606310014,100
5,2028,1,52.962962963,52.962962963,168
5,2028,2,54.477366255,54.477366255,230
5,2028,3,57.679012346,57.679012346,287
5,2028,4,60.222222222,60.222222222,320
5,2028,5,60.222222222,60.222222222,340
5,2028,6,60.222222222,60.222222222,355
5,2028,7,60.222222222,60.222222222,369
5,2028,8,60.222222222,60.222222222,381
5,2028,9,60.222222222,60.222222222,389
5,2028,10,60.222222222,60.222222222,396
5,2028,11,60.222222222,60.222222222,400
5,2028,12,60.222222222,60.222222222,402
5,2028,13,60.222222222,60.222222222,402
5,2028,14,60.222222222,60.222222222,408
5,2028,15,60.222222222,60.222222222,412
5,2028,16,60.222222222,60.222222222,412
5,2028,17,60.222222222,60.222222222,413
5,2028,18,60.222222222,60.222222222,414
5,2028,19,60.222222222,60.222222222,417
5,2028,20,60.222222222,60.222222222,419
5,2028,21,60.222222222,60.222222222,422
5,2028,22,60.222222222,60.222222222,424
5,2028,23,60.222222222,60.222222222,427
5,2028,24,60.222222222,60.222222222,429
5,2028,25,60.222222222,60.222222222,434
5,2028,26,60.222222222,60.222222222,436
5,2028,27,60.222222222,60.222222222,438
5,2028,28,60.222222222,60.222222222,440
5,2028,29,60.222222222,60.222222222,442
5,2028,30,60.222222222,60.222222222,445
5,2028,31,60.222222222,60.222222222,449
5,2028,32,60.222222222,60.222222222,452
5,2028,33,60.222222222,60.222222222,453
5,2028,34,60.222222222,60.222222222,455
5,2028,35,60.222222222,60.222222222,457
5,2028,36,60.222222222,60.222222222,462
5,2028,37,60.222222222,60.222222222,462
5,2028,38,60.222222222,60.222222222,464
5,2028,39,60.222222222,60.222222222,467
5,2028,40,60.222222222,60.222222222,469
5,2028,41,60.222222222,60.222222222,470
5,2028,42,60.222222222,60.222222222,472
5,2028,43,60.222222222,60.222222222,476
5,2028,44,60.222222222,60.222222222,477
5,2028,45,60.222222222,60.222222222,479
5,2028,46,60.222222222,60.222222222,482
5,2028,47,60.222222222,60.222222222,483
5,2028,48,60.222222222,60.222222222,484
5,2028,49,60.222222222,60.222222222,485
5,2028,50,60.222222222,60.222222222,486
5,2028,51,60.222222222,60.222222222,489
5,2028,52,60.222222222,60.222222222,489
5,2028,53,60.222222222,60.222222222,490
5,2028,54,60.222222222,60.222222222,492
5,2028,55,60.222222222,60.222222222,493
5,2028,56,60.222222222,60.222222222,495
5,2028,57,60.222222222,60.222222222,495
5,2028,58,60.222222222,60.222222222,496
5,2028,59,60.222222222,60.222222222,498
5,2028,60,60.222222222,60.222222222,500
5,2028,61,60.222222222,60.222222222,502
5,2028,62,60.222222222,60.222222222,502
5,2028,63,60.222222222,60.222222222,504
5,2028,64,60.222222222,60.222222222,505
5,2028,65,60.222222222,60.222222222,506
5,2028,66,60.222222222,60.222222222,508
5,2028,67,60.222222222,60.222222222,509
5,2028,68,60.222222222,60.222222222,511
5,2028,69,60.222222222,60.222222222,511
5,2028,70,60.222222222,60.222222222,512
5,2028,71,60.222222222,60.222222222,512
5,2028,72,60.222222222,60.222222222,512
5,2028,73,60.222222222,60.222222222,513
5,2028,74,60.222222222,60.222222222,513
5,2028,75,60.222222222,60.222222222,513
5,2028,76,60.222222222,60.222222222,515
5,2028,77,60.222222222,60.222222222,517
5,2028,78,60.222222222,60.222222222,518
5,2028,79,60.222222222,60.222222222,518
5,2028,80,60.222222222,60.222222222,519
5,2028,81,60.222222222,60.222222222,520
5,2028,82,60.222222222,60.222222222,520
5,2028,83,60.222222222,60.222222222,522
5,2028,84,60.222222222,60.222222222,522
5,2028,85,60.222222222,60.222222222,522
5,2028,86,60.222222222,60.222222222,523
5,2028,87,60.222222222,60.222222222,523
5,2028,88,60.222222222,60.222222222,523
5,2028,89,60.222222222,60.222222222,525
5,2028,90,60.222222222,60.222222222,527
5,2028,91,60.222222222,60.222222222,527
5,2028,92,60.222222222,60.222222222,528
5,2028,93,60.222222222,60.222222222,528
5,2028,94,60.222222222,60.222222222,528
5,2028,95,60.222222222,60.222222222,528
5,2028,96,60.222222222,60.222222222,528
5,2028,97,60.222222222,60.222222222,529
5,2028,98,60.222222222,60.222222222,529
5,2028,99,60.222222222,60.222222222,530
5,2028,100,60.222222222,60.222222222,530
5,2028,101,60.222222222,60.222222222,530
5,2028,102,60.222222222,60.222222222,530
5,2028,103,60.222222222,60.222222222,531
5,2028,104,60.222222222,60.222222222,531
5,2028,105,60.222222222,60.222222222,532
5,2028,106,60.222222222,60.222222222,532
5,2028,107,60.222222222,60.222222222,532
5,2028,108,60.222222222,60.222222222,534
5,2028,109,60.222222222,60.222222222,535
5,2028,110,60.222222222,60.222222222,537
5,2028,111,60.222222222,60.222222222,539
5,2028,112,60.222222222,60.222222222,539
5,2028,113,60.222222222,60.222222222,539
5,2028,114,60.222222222,60.222222222,539
5,2028,115,60.222222222,60.222222222,540
5,2028,116,60.222222222,60.222222222,540
5,2028,117,60.222222222,60.222222222,540
5,2028,118,60.222222222,60.222222222,540
5,2028,119,60.222222222,60.222222222,541
5,2028,120,60.222222222,60.222222222,542
5,2028,121,60.222222222,60.222222222,543
5,2028,122,60.222222222,60.222222222,544
5,2028,123,60.222222222,60.222222222,544
5,2028,124,60.222222222,60.222222222,544
5,2028,125,60.222222222,60.222222222,544
5,2028,126,60.222222222,60.222222222,544
5,2028,127,60.222222222,60.222222222,547
5,2028,128,60.222222222,60.222222222,547
5,2028,129,60.222222222,60.222222222,548
5,2028,130,60.222222222,60.222222222,548
5,2028,131,60.222222222,60.222222222,548
5,2028,132,60.222222222,60.222222222,549
5,2028,133,60.222222222,60.222222222,549
5,2028,134,60.222222222,60.222222222,549
5,2028,135,60.222222222,60.222222222,549
5,2028,136,60.222222222,60.222222222,549
5,2028,137,60.222222222,60.222222222,550
5,2028,138,60.222222222,60.222222222,550
5,2028,139,60.222222222,60.222222222,550
5,2028,140,60.222222222,60.222222222,550
5,2028,141,60.222222222,60.222222222,550
5,2028,142,60.222222222,60.222222222,550
5,2028,143,60.222222222,60.222222222,550
5,2028,144,60.222222222,60.222222222,551
5,2028,145,60.222222222,60.222222222,551
5,2028,146,60.222222222,60.222222222,552
5,2028,147,60.222222222,60.222222222,552
5,2028,148,60.222222222,60.222222222,552
5,2028,149,60.222222222,60.222222222,552
5,2028,150,60.222222222,60.222222222,552
5,2028,151,60.222222222,60.222222222,552
5,2028,152,60.222222222,60.222222222,552
5,2028,153,60.222222222,60.222222222,553
5,2028,154,60.222222222,60.222222222,553
5,2028,155,60.222222222,60.222222222,553
5,2028,156,60.222222222,60.222222222,554
5,2028,157,60.222222222,60.222222222,554
5,2028,158,60.222222222,60.222222222,555
5,2028,159,60.222222222,60.222222222,555
5,2028,160,60.222222222,60.222222222,555
5,2028,161,60.222222222,60.222222222,555
5,2028,162,60.222222222,60.222222222,556
5,2028,163,60.222222222,60.222222222,556
5,2028,164,60.222222222,60.222222222,558
5,2028,165,60.222222222,60.222222222,558
5,2028,166,60.222222222,60.222222222,560
5,2028,167,60.222222222,60.222222222,560
5,2028,168,60.222222222,60.222222222,562
5,2028,169,60.222222222,60.222222222,562
5,2028,170,60.222222222,60.222222222,562
5,2028,171,60.222222222,60.222222222,563
5,2028,172,60.222222222,60.222222222,564
5,2028,173,60.222222222,60.222222222,564
5,2028,174,60.222222222,60.222222222,564
5,2028,175,60.222222222,60.222222222,565
5,2028,176,60.222222222,60.222222222,565
5,2028,177,60.222222222,60.222222222,565
5,2028,178,60.222222222,60.222222222,566
5,2028,179,60.222222222,60.222222222,567
5,2028,180,60.222222222,60.222222222,567
5,2028,181,60.222222222,60.222222222,567
5,2028,182,60.222222222,60.222222222,568
5,2028,183,60.222222222,60.222222222,568
5,2028,184,60.222222222,60.222222222,569
5,2028,185,60.222222222,60.222222222,569
5,2028,186,60.222222222,60.222222222,570
5,2028,187,60.222222222,60.222222222,570
5,2028,188,60.222222222,60.222222222,570
5,2028,189,60.222222222,60.222222222,570
5,2028,190,60.222222222,60.222222222,570
5,2028,191,60.222222222,60.222222222,571
5,2028,192,60.222222222,60.222222222,571
5,2028,193,60.222222222,60.222222222,571
5,2028,194,60.222222222,60.222222222,571
5,2028,195,60.222222222,60.222222222,571
5,2028,196,60.222222222,60.222222222,571
5,2028,197,60.222222222,60.222222222,571
5,2028,198,60.222222222,60.222222222,571
5,2028,199,60.222222222,60.222222222,571
5,2028,200,60.222222222,60.222222222,571
6,2029,0,44.711172077,44.711172077,100
6,2029,1,44.711172077,44.711172077,176
6,2029,2,44.711172077,44.711172077,248
6,2029,3,57.020576132,57.020576132,310
6,2029,4,57.020576132,57.020576132,363
6,2029,5,57.679012346,57.679012346,398
6,2029,6,57.679012346,57.679012346,434
6,2029,7,57.679012346,57.679012346,463
6,2029,8,57.679012346,57.679012346,474
6,2029,9,57.679012346,57.679012346,489
6,2029,10,57.679012346,57.679012346,500
6,2029,11,57.679012346,57.679012346,505
6,2029,12,60.222222222,60.222222222,513
6,2029,13,60.222222222,60.222222222,520
6,2029,14,60.222222222,60.222222222,524
6,2029,15,60.222222222,60.222222222,527
6,2029,16,60.222222222,60.222222222,534
6,2029,17,60.222222222,60.222222222,543
6,2029,18,60.222222222,60.222222222,547
6,2029,19,60.222222222,60.222222222,550
6,2029,20,60.222222222,60.222222222,551
6,2029,21,60.222222222,60.222222222,555
6,2029,22,60.222222222,60.222222222,557
6,2029,23,60.222222222,60.222222222,560
6,2029,24,60.222222222,60.222222222,562
6,2029,25,60.222222222,60.222222222,564
6,2029,26,60.222222222,60.222222222,564
6,2029,27,60.222222222,60.222222222,568
6,2029,28,60.222222222,60.222222222,570
6,2029,29,60.222222222,60.222222222,574
6,2029,30,60.222222222,60.222222222,578
6,2029,31,60.222222222,60.222222222,580
6,2029,32,60.222222222,60.222222222,583
6,2029,33,60.222222222,60.222222222,587
6,2029,34,60.222222222,60.222222222,588
6,2029,35,60.222222222,60.222222222,593
6,2029,36,60.222222222,60.222222222,597
6,2029,37,60.222222222,60.222222222,600
6,2029,38,60.222222222,60.222222222,602
6,2029,39,60.222222222,60.222222222,604
6,2029,40,60.222222222,60.222222222,606
6,2029,41,60.222222222,60.222222222,608
6,2029,42,60.222222222,60.222222222,608
6,2029,43,60.222222222,60.222222222,612
6,2029,44,60.222222222,60.222222222,614
6,2029,45,60.222222222,60.222222222,616
6,2029,46,60.222222222,60.222222222,619
6,2029,47,60.222222222,60.222222222,621
6,2029,48,60.222222222,60.222222222,622
6,2029,49,60.222222222,60.222222222,624
6,2029,50,60.222222222,60.222222222,625
6,2029,51,60.222222222,60.222222222,626
6,2029,52,60.222222222,60.222222222,626
6,2029,53,60.222222222,60.222222222,627
6,2029,54,60.222222222,60.222222222,631
6,2029,55,60.222222222,60.222222222,633
6,2029,56,60.222222222,60.222222222,633
6,2029,57,60.222222222,60.222222222,633
6,2029,58,60.222222222,60.222222222,634
6,2029,59,60.222222222,60.222222222,635
6,2029,60,60.222222222,60.222222222,635
6,2029,61,60.222222222,60.222222222,635
6,2029,62,60.222222222,60.222222222,635
6,2029,63,60.222222222,60.222222222,635
6,2029,64,60.222222222,60.222222222,637
6,2029,65,60.222222222,60.222222222,637
6,2029,66,60.222222222,60.222222222,638
6,2029,67,60.222222222,60.222222222,641
6,2029,68,60.222222222,60.222222222,642
6,2029,69,60.222222222,60.222222222,642
6,2029,70,60.222222222,60.222222222,642
6,2029,71,60.222222222,60.222222222,644
6,2029,72,60.222222222,60.222222222,644
6,2029,73,60.222222222,60.222222222,644
6,2029,74,60.222222222,60.222222222,645
6,2029,75,60.222222222,60.222222222,647
6,2029,76,60.222222222,60.222222222,647
6,2029,77,60.222222222,60.222222222,648
6,2029,78,60.222222222,60.222222222,648
6,2029,79,60.222222222,60.222222222,649
6,2029,80,60.222222222,60.222222222,650
6,2029,81,60.222222222,60.222222222,654
6,2029,82,60.222222222,60.222222222,654
6,2029,83,60.222222222,60.222222222,654
6,2029,84,60.222222222,60.222222222,656
6,2029,85,60.222222222,60.222222222,657
6,2029,86,60.222222222,60.222222222,659
6,2029,87,60.222222222,60.222222222,659
6,2029,88,60.222222222,60.222222222,660
6,2029,89,60.222222222,60.222222222,664
6,2029,90,60.222222222,60.222222222,664
6,2029,91,60.222222222,60.222222222,666
6,2029,92,60.222222222,60.222222222,666
6,2029,93,60.222222222,60.222222222,667
6,2029,94,60.222222222,60.222222222,667
6,2029,95,60.222222222,60.222222222,668
6,2029,96,60.222222222,60.222222222,669
6,2029,97,60.222222222,60.222222222,670
6,2029,98,60.222222222,60.222222222,670
6,2029,99,60.222222222,60.222222222,670
6,2029,100,60.222222222,60.222222222,670
6,2029,101,60.222222222,60.222222222,670
6,2029,102,60.222222222,60.222222222,670
6,2029,103,60.222222222,60.222222222,670
6,2029,104,60.222222222,60.222222222,671
6,2029,105,60.222222222,60.222222222,672
6,2029,106,60.222222222,60.222222222,673
6,2029,107,60.222222222,60.222222222,675
6,2029,108,60.222222222,60.222222222,675
6,2029,109,60.222222222,60.222222222,676
6,2029,110,60.222222222,60.222222222,676
6,2029,111,60.222222222,60.222222222,677
6,2029,112,60.222222222,60.222222222,680
6,2029,113,60.222222222,60.222222222,680
6,2029,114,60.222222222,60.222222222,680
6,2029,115,60.222222222,60.222222222,680
6,2029,116,60.222222222,60.222222222,681
6,2029,117,60.222222222,60.222222222,681
6,2029,118,60.222222222,60.222222222,682
6,2029,119,60.222222222,60.222222222,682
6,2029,120,60.222222222,60.222222222,682
6,2029,121,60.222222222,60.222222222,682
6,2029,122,60.222222222,60.222222222,682
6,2029,123,60.222222222,60.222222222,682
6,2029,124,60.222222222,60.222222222,682
6,2029,125,60.222222222,60.222222222,682
6,2029,126,60.222222222,60.222222222,683
6,2029,127,60.222222222,60.222222222,684
6,2029,128,60.222222222,60.222222222,685
6,2029,129,60.222222222,60.222222222,685
6,2029,130,60.222222222,60.222222222,685
6,2029,131,60.222222222,60.222222222,687
6,2029,132,60.222222222,60.222222222,689
6,2029,133,60.222222222,60.222222222,690
6,2029,134,60.222222222,60.222222222,690
6,2029,135,60.222222222,60.222222222,690
6,2029,136,60.222222222,60.222222222,690
6,2029,137,60.222222222,60.222222222,691
6,2029,138,60.222222222,60.222222222,693
6,2029,139,60.222222222,60.222222222,695
6,2029,140,60.222222222,60.222222222,696
6,2029,141,60.222222222,60.222222222,697
6,2029,142,60.222222222,60.222222222,697
6,2029,143,60.222222222,60.222222222,697
6,2029,144,60.222222222,60.222222222,698
6,2029,145,60.222222222,60.222222222,698
6,2029,146,60.222222222,60.222222222,698
6,2029,147,60.222222222,60.222222222,699
6,2029,148,60.222222222,60.222222222,700
6,2029,149,60.222222222,60.222222222,700
6,2029,150,60.222222222,60.222222222,701
6,2029,151,60.222222222,60.222222222,702
6,2029,152,60.222222222,60.222222222,702
6,2029,153,60.222222222,60.222222222,702
6,2029,154,60.222222222,60.222222222,703
6,2029,155,60.222222222,60.222222222,703
6,2029,156,60.222222222,60.222222222,703
6,2029,157,60.222222222,60.222222222,703
6,2029,158,60.222222222,60.222222222,704
6,2029,159,60.222222222,60.222222222,704
6,2029,160,60.222222222,60.222222222,705
6,2029,161,60.222222222,60.222222222,706
6,2029,162,60.222222222,60.222222222,706
6,2029,163,60.222222222,60.222222222,707
6,2029,164,60.222222222,60.222222222,708
6,2029,165,60.222222222,60.222222222,710
6,2029,166,60.222222222,60.222222222,710
6,2029,167,60.222222222,60.222222222,710
6,2029,168,60.222222222,60.222222222,711
6,2029,169,60.222222222,60.222222222,711
6,2029,170,60.222222222,60.222222222,711
6,2029,171,60.222222222,60.222222222,711
6,2029,172,60.222222222,60.222222222,713
6,2029,173,60.222222222,60.222222222,713
6,2029,174,60.222222222,60.222222222,713
6,2029,175,60.222222222,60.222222222,713
6,2029,176,60.222222222,60.222222222,713
6,2029,177,60.222222222,60.222222222,713
6,2029,178,60.222222222,60.222222222,715
6,2029,179,60.222222222,60.222222222,715
6,2029,180,60.222222222,60.222222222,715
6,2029,181,60.222222222,60.222222222,716
6,2029,182,60.222222222,60.222222222,718
6,2029,183,60.222222222,60.222222222,718
6,2029,184,60.222222222,60.222222222,718
6,2029,185,60.222222222,60.222222222,718
6,2029,186,60.222222222,60.222222222,720
6,2029,187,60.222222222,60.222222222,722
6,2029,188,60.222222222,60.222222222,724
6,2029,189,60.222222222,60.222222222,724
6,2029,190,60.222222222,60.222222222,724
6,2029,191,60.222222222,60.222222222,724
6,2029,192,60.222222222,60.222222222,724
6,2029,193,60.222222222,60.222222222,724
6,2029,194,60.222222222,60.222222222,724
6,2029,195,60.222222222,60.222222222,724
6,2029,196,60.222222222,60.222222222,724
6,2029,197,60.222222222,60.222222222,724
6,2029,198,60.222222222,60.222222222,724
6,2029,199,60.222222222,60.222222222,725
6,2029,200,60.222222222,60.222222222,725
7,2030,0,49.478737997,49.478737997,99
7,2030,1,49.478737997,49.478737997,177
7,2030,2,49.478737997,49.478737997,246
7,2030,3,50.795610425,50.795610425,296
7,2030,4,53.338820302,53.338820302,343
7,2030,5,53.338820302,53.338820302,383
7,2030,6,55.50617284,55.50617284,407
7,2030,7,55.50617284,55.50617284,430
7,2030,8,57.679012346,57.679012346,457
7,2030,9,57.679012346,57.679012346,473
7,2030,10,60.222222222,60.222222222,493
7,2030,11,60.222222222,60.222222222,512
7,2030,12,60.222222222,60.222222222,529
7,2030,13,60.222222222,60.222222222,540
7,2030,14,60.222222222,60.222222222,552
7,2030,15,60.222222222,60.222222222,557
7,2030,16,60.222222222,60.222222222,560
7,2030,17,60.222222222,60.222222222,563
7,2030,18,60.222222222,60.222222222,566
7,2030,19,60.222222222,60.222222222,569
7,2030,20,60.222222222,60.222222222,569
7,2030,21,60.222222222,60.222222222,576
7,2030,22,60.222222222,60.222222222,580
7,2030,23,60.222222222,60.222222222,584
7,2030,24,60.222222222,60.222222222,584
7,2030,25,60.222222222,60.222222222,584
7,2030,26,60.222222222,60.222222222,587
7,2030,27,60.222222222,60.222222222,589
7,2030,28,60.222222222,60.222222222,592
7,2030,29,60.222222222,60.222222222,595
7,2030,30,60.222222222,60.222222222,597
7,2030,31,60.222222222,60.222222222,601
7,2030,32,60.222222222,60.222222222,602
7,2030,33,60.222222222,60.222222222,603
7,2030,34,60.222222222,60.222222222,604
7,2030,35,60.222222222,60.222222222,605
7,2030,36,60.222222222,60.222222222,607
7,2030,37,60.222222222,60.222222222,609
7,2030,38,60.222222222,60.222222222,610
7,2030,39,60.222222222,60.222222222,612
7,2030,40,60.222222222,60.222222222,613
7,2030,41,60.222222222,60.222222222,616
7,2030,42,60.222222222,60.222222222,619
7,2030,43,60.222222222,60.222222222,620
7,2030,44,60.222222222,60.222222222,621
7,2030,45,60.222222222,60.222222222,622
7,2030,46,60.222222222,60.222222222,622
7,2030,47,60.222222222,60.222222222,624
7,2030,48,60.222222222,60.222222222,629
7,2030,49,60.222222222,60.222222222,632
7,2030,50,60.222222222,60.222222222,633
7,2030,51,60.222222222,60.222222222,635
7,2030,52,60.222222222,60.222222222,636
7,2030,53,60.222222222,60.222222222,636
7,2030,54,60.222222222,60.222222222,637
7,2030,55,60.222222222,60.222222222,637
7,2030,56,60.222222222,60.222222222,638
7,2030,57,60.222222222,60.222222222,640
7,2030,58,60.222222222,60.222222222,641
7,2030,59,60.222222222,60.222222222,641
7,2030,60,60.222222222,60.222222222,642
7,2030,61,60.222222222,60.222222222,644
7,2030,62,60.222222222,60.222222222,645
7,2030,63,60.222222222,60.222222222,646
7,2030,64,60.222222222,60.222222222,646
7,2030,65,60.222222222,60.222222222,646
7,2030,66,60.222222222,60.222222222,646
7,2030,67,60.222222222,60.222222222,647
7,2030,68,60.222222222,60.222222222,648
7,2030,69,60.222222222,60.222222222,650
7,2030,70,60.222222222,60.222222222,650
7,2030,71,60.222222222,60.222222222,650
7,2030,72,60.222222222,60.222222222,651
7,2030,73,60.222222222,60.222222222,654
7,2030,74,60.222222222,60.222222222,656
7,2030,75,60.222222222,60.222222222,656
7,2030,76,60.222222222,60.222222222,657
7,2030,77,60.222222222,60.222222222,657
7,2030,78,60.222222222,60.222222222,658
7,2030,79,60.222222222,60.222222222,659
7,2030,80,60.222222222,60.222222222,659
7,2030,81,60.222222222,60.222222222,659
7,2030,82,60.222222222,60.222222222,660
7,2030,83,60.222222222,60.222222222,660
7,2030,84,60.222222222,60.222222222,660
7,2030,85,60.222222222,60.222222222,662
7,2030,86,60.222222222,60.222222222,663
7,2030,87,60.222222222,60.222222222,663
7,2030,88,60.222222222,60.222222222,664
7,2030,89,60.222222222,60.222222222,664
7,2030,90,60.222222222,60.222222222,665
7,2030,91,60.222222222,60.222222222,666
7,2030,92,60.222222222,60.222222222,666
7,2030,93,60.222222222,60.222222222,666
7,2030,94,60.222222222,60.222222222,666
7,2030,95,60.222222222,60.222222222,666
7,2030,96,60.222222222,60.222222222,668
7,2030,97,60.222222222,60.222222222,668
7,2030,98,60.222222222,60.222222222,669
7,2030,99,60.222222222,60.222222222,669
7,2030,100,60.222222222,60.222222222,669
7,2030,101,60.222222222,60.222222222,669
7,2030,102,60.222222222,60.222222222,671
7,2030,103,60.222222222,60.222222222,673
7,2030,104,60.222222222,60.222222222,673
7,2030,105,60.222222222,60.222222222,674
7,2030,106,60.222222222,60.222222222,674
7,2030,107,60.222222222,60.222222222,674
7,2030,108,60.222222222,60.222222222,674
7,2030,109,60.222222222,60.222222222,674
7,2030,110,60.222222222,60.222222222,675
7,2030,111,60.222222222,60.222222222,675
7,2030,112,60.222222222,60.222222222,675
7,2030,113,60.222222222,60.222222222,676
7,2030,114,60.222222222,60.222222222,676
7,2030,115,60.222222222,60.222222222,678
7,2030,116,60.222222222,60.222222222,679
7,2030,117,60.222222222,60.222222222,679
7,2030,118,60.222222222,60.222222222,681
7,2030,119,60.222222222,60.222222222,682
7,2030,120,60.222222222,60.222222222,682
7,2030,121,60.222222222,60.222222222,684
7,2030,122,60.222222222,60.222222222,687
7,2030,123,60.222222222,60.222222222,687
7,2030,124,60.222222222,60.222222222,687
7,2030,125,60.222222222,60.222222222,687
7,2030,126,60.222222222,60.222222222,687
7,2030,127,60.222222222,60.222222222,687
7,2030,128,60.222222222,60.222222222,687
7,2030,129,60.222222222,60.222222222,687
7,2030,130,60.222222222,60.222222222,688
7,2030,131,60.222222222,60.222222222,689
7,2030,132,60.222222222,60.222222222,690
7,2030,133,60.222222222,60.222222222,690
7,2030,134,60.222222222,60.222222222,690
7,2030,135,60.222222222,60.222222222,690
7,2030,136,60.222222222,60.222222222,690
7,2030,137,60.222222222,60.222222222,690
7,2030,138,60.222222222,60.222222222,690
7,2030,139,60.222222222,60.222222222,690
7,2030,140,60.222222222,60.222222222,690
7,2030,141,60.222222222,60.222222222,690
7,2030,142,60.222222222,60.222222222,690
7,2030,143,60.222222222,60.222222222,690
7,2030,144,60.222222222,60.222222222,691
7,2030,145,60.222222222,60.222222222,692
7,2030,146,60.222222222,60.222222222,693
7,2030,147,60.222222222,60.222222222,693
7,2030,148,60.222222222,60.222222222,693
7,2030,149,60.222222222,60.222222222,693
7,2030,150,60.222222222,60.222222222,693
7,2030,151,60.222222222,60.222222222,693
7,2030,152,60.222222222,60.222222222,694
7,2030,153,60.222222222,60.222222222,694
7,2030,154,60.222222222,60.222222222,695
7,2030,155,60.222222222,60.222222222,696
7,2030,156,60.222222222,60.222222222,697
7,2030,157,60.222222222,60.222222222,698
7,2030,158,60.222222222,60.222222222,698
7,2030,159,60.222222222,60.222222222,698
7,2030,160,60.222222222,60.222222222,698
7,2030,161,60.222222222,60.222222222,700
7,2030,162,60.222222222,60.222222222,700
7,2030,163,60.222222222,60.222222222,701
7,2030,164,60.222222222,60.222222222,701
7,2030,165,60.222222222,60.222222222,701
7,2030,166,60.222222222,60.222222222,701
7,2030,167,60.222222222,60.222222222,701
7,2030,168,60.222222222,60.222222222,701
7,2030,169,60.222222222,60.222222222,701
7,2030,170,60.222222222,60.222222222,701
7,2030,171,60.222222222,60.222222222,701
7,2030,172,60.222222222,60.222222222,702
7,2030,173,60.222222222,60.222222222,703
7,2030,174,60.222222222,60.222222222,703
7,2030,175,60.222222222,60.222222222,704
7,2030,176,60.222222222,60.222222222,706
7,2030,177,60.222222222,60.222222222,707
7,2030,178,60.222222222,60.222222222,707
7,2030,179,60.222222222,60.222222222,707
7,2030,180,60.222222222,60.222222222,707
7,2030,181,60.222222222,60.222222222,707
7,2030,182,60.222222222,60.222222222,708
7,2030,183,60.222222222,60.222222222,709
7,2030,184,60.222222222,60.222222222,710
7,2030,185,60.222222222,60.222222222,710
7,2030,186,60.222222222,60.222222222,710
7,2030,187,60.222222222,60.222222222,710
7,2030,188,60.222222222,60.222222222,711
7,2030,189,60.222222222,60.222222222,711
7,2030,190,60.222222222,60.222222222,712
7,2030,191,60.222222222,60.222222222,712
7,2030,192,60.222222222,60.222222222,712
7,2030,193,60.222222222,60.222222222,712
7,2030,194,60.222222222,60.222222222,713
7,2030,195,60.222222222,60.222222222,713
7,2030,196,60.222222222,60.222222222,713
7,2030,197,60.222222222,60.222222222,714
7,2030,198,60.222222222,60.222222222,714
7,2030,199,60.222222222,60.222222222,714
7,2030,200,60.222222222,60.222222222,715
8,2031,0,44.052735863,44.052735863,100
8,2031,1,44.052735863,44.052735863,169
8,2031,2,49.877457705,49.877457705,230
8,2031,3,50.458161866,50.458161866,292
8,2031,4,52.255144033,52.255144033,341
8,2031,5,52.556927298,52.556927298,373
8,2031,6,52.877914952,52.877914952,390
8,2031,7,54.798353909,54.798353909,407
8,2031,8,57.679012346,57.679012346,422
8,2031,9,57.679012346,57.679012346,438
8,2031,10,60.222222222,60.222222222,458
8,2031,11,60.222222222,60.222222222,477
8,2031,12,60.222222222,60.222222222,491
8,2031,13,60.222222222,60.222222222,503
8,2031,14,60.222222222,60.222222222,512
8,2031,15,60.222222222,60.222222222,518
8,2031,16,60.222222222,60.222222222,523
8,2031,17,60.222222222,60.222222222,528
8,2031,18,60.222222222,60.222222222,529
8,2031,19,60.222222222,60.222222222,534
8,2031,20,60.222222222,60.222222222,538
8,2031,21,60.222222222,60.222222222,541
8,2031,22,60.222222222,60.222222222,548
8,2031,23,60.222222222,60.222222222,549
8,2031,24,60.222222222,60.222222222,551
8,2031,25,60.222222222,60.222222222,552
8,2031,26,60.222222222,60.222222222,554
8,2031,27,60.222222222,60.222222222,554
8,2031,28,60.222222222,60.222222222,555
8,2031,29,60.222222222,60.222222222,556
8,2031,30,60.222222222,60.222222222,561
8,2031,31,60.222222222,60.222222222,562
8,2031,32,60.222222222,60.222222222,563
8,2031,33,60.222222222,60.222222222,566
8,2031,34,60.222222222,60.222222222,567
8,2031,35,60.222222222,60.222222222,569
8,2031,36,60.222222222,60.222222222,570
8,2031,37,60.222222222,60.222222222,572
8,2031,38,60.222222222,60.222222222,574
8,2031,39,60.222222222,60.222222222,575
8,2031,40,60.222222222,60.222222222,576
8,2031,41,60.222222222,60.222222222,577
8,2031,42,60.222222222,60.222222222,579
8,2031,43,60.222222222,60.222222222,580
8,2031,44,60.222222222,60.222222222,581
8,2031,45,60.222222222,60.222222222,581
8,2031,46,60.222222222,60.222222222,582
8,2031,47,60.222222222,60.222222222,583
8,2031,48,60.222222222,60.222222222,583
8,2031,49,60.222222222,60.222222222,585
8,2031,50,60.222222222,60.222222222,587
8,2031,51,60.222222222,60.222222222,587
8,2031,52,60.222222222,60.222222222,589
8,2031,53,60.222222222,60.222222222,589
8,2031,54,60.222222222,60.222222222,591
8,2031,55,60.222222222,60.222222222,596
8,2031,56,60.222222222,60.222222222,599
8,2031,57,60.222222222,60.222222222,599
8,2031,58,60.222222222,60.222222222,601
8,2031,59,60.222222222,60.222222222,602
8,2031,60,60.222222222,60.222222222,603
8,2031,61,60.222222222,60.222222222,604
8,2031,62,60.222222222,60.222222222,604
8,2031,63,60.222222222,60.222222222,605
8,2031,64,60.222222222,60.222222222,606
8,2031,65,60.222222222,60.222222222,606
8,2031,66,60.222222222,60.222222222,607
8,2031,67,60.222222222,60.222222222,609
8,2031,68,60.222222222,60.222222222,610
8,2031,69,60.222222222,60.222222222,610
8,2031,70,60.222222222,60.222222222,612
8,2031,71,60.222222222,60.222222222,615
8,2031,72,60.222222222,60.222222222,615
8,2031,73,60.222222222,60.222222222,617
8,2031,74,60.222222222,60.222222222,618
8,2031,75,60.222222222,60.222222222,620
8,2031,76,60.222222222,60.222222222,620
8,2031,77,60.222222222,60.222222222,621
8,2031,78,60.222222222,60.222222222,621
8,2031,79,60.222222222,60.222222222,621
8,2031,80,60.222222222,60.222222222,621
8,2031,81,60.222222222,60.222222222,625
8,2031,82,60.222222222,60.222222222,626
8,2031,83,60.222222222,60.222222222,630
8,2031,84,60.222222222,60.222222222,630
8,2031,85,60.222222222,60.222222222,630
8,2031,86,60.222222222,60.222222222,630
8,2031,87,60.222222222,60.222222222,631
8,2031,88,60.222222222,60.222222222,634
8,2031,89,60.222222222,60.222222222,635
8,2031,90,60.222222222,60.222222222,635
8,2031,91,60.222222222,60.222222222,636
8,2031,92,60.222222222,60.222222222,637
8,2031,93,60.222222222,60.222222222,638
8,2031,94,60.222222222,60.222222222,638
8,2031,95,60.222222222,60.222222222,640
8,2031,96,60.222222222,60.222222222,642
8,2031,97,60.222222222,60.222222222,643
8,2031,98,60.222222222,60.222222222,644
8,2031,99,60.222222222,60.222222222,644
8,2031,100,60.222222222,60.222222222,644
8,2031,101,60.222222222,60.222222222,645
8,2031,102,60.222222222,60.222222222,645
8,2031,103,60.222222222,60.222222222,645
8,2031,104,60.222222222,60.222222222,646
8,2031,105,60.222222222,60.222222222,649
8,2031,106,60.222222222,60.222222222,650
8,2031,107,60.222222222,60.222222222,650
8,2031,108,60.222222222,60.222222222,650
8,2031,109,60.222222222,60.222222222,650
8,2031,110,60.222222222,60.222222222,651
8,2031,111,60.222222222,60.222222222,651
8,2031,112,60.222222222,60.222222222,651
8,2031,113,60.222222222,60.222222222,651
8,2031,114,60.222222222,60.222222222,652
8,2031,115,60.222222222,60.222222222,652
8,2031,116,60.222222222,60.222222222,652
8,2031,117,60.222222222,60.222222222,653
8,2031,118,60.222222222,60.222222222,653
8,2031,119,60.222222222,60.222222222,653
8,2031,120,60.222222222,60.222222222,653
8,2031,121,60.222222222,60.222222222,653
8,2031,122,60.222222222,60.222222222,655
8,2031,123,60.222222222,60.222222222,656
8,2031,124,60.222222222,60.222222222,656
8,2031,125,60.222222222,60.222222222,656
8,2031,126,60.222222222,60.222222222,656
8,2031,127,60.222222222,60.222222222,656
8,2031,128,60.222222222,60.222222222,657
8,2031,129,60.222222222,60.222222222,658
8,2031,130,60.222222222,60.222222222,658
8,2031,131,60.222222222,60.222222222,658
8,2031,132,60.222222222,60.222222222,658
8,2031,133,60.222222222,60.222222222,658
8,2031,134,60.222222222,60.222222222,658
8,2031,135,60.222222222,60.222222222,658
8,2031,136,60.222222222,60.222222222,658
8,2031,137,60.222222222,60.222222222,658
8,2031,138,60.222222222,60.222222222,658
8,2031,139,60.222222222,60.222222222,659
8,2031,140,60.222222222,60.222222222,660
8,2031,141,60.222222222,60.222222222,660
8,2031,142,60.222222222,60.222222222,660
8,2031,143,60.222222222,60.222222222,660
8,2031,144,60.222222222,60.222222222,660
8,2031,145,60.222222222,60.222222222,661
8,2031,146,60.222222222,60.222222222,662
8,2031,147,60.222222222,60.222222222,662
8,2031,148,60.222222222,60.222222222,665
8,2031,149,60.222222222,60.222222222,665
8,2031,150,60.222222222,60.222222222,666
8,2031,151,60.222222222,60.222222222,667
8,2031,152,60.222222222,60.222222222,669
8,2031,153,60.222222222,60.222222222,669
8,2031,154,60.222222222,60.222222222,669
8,2031,155,60.222222222,60.222222222,669
8,2031,156,60.222222222,60.222222222,669
8,2031,157,60.222222222,60.222222222,669
8,2031,158,60.222222222,60.222222222,669
8,2031,159,60.222222222,60.222222222,671
8,2031,160,60.222222222,60.222222222,671
8,2031,161,60.222222222,60.222222222,671
8,2031,162,60.222222222,60.222222222,671
8,2031,163,60.222222222,60.222222222,672
8,2031,164,60.222222222,60.222222222,673
8,2031,165,60.222222222,60.222222222,673
8,2031,166,60.222222222,60.222222222,673
8,2031,167,60.222222222,60.222222222,674
8,2031,168,60.222222222,60.222222222,674
8,2031,169,60.222222222,60.222222222,674
8,2031,170,60.222222222,60.222222222,674
8,2031,171,60.222222222,60.222222222,674
8,2031,172,60.222222222,60.222222222,675
8,2031,173,60.222222222,60.222222222,675
8,2031,174,60.222222222,60.222222222,677
8,2031,175,60.222222222,60.222222222,678
8,2031,176,60.222222222,60.222222222,678
8,2031,177,60.222222222,60.222222222,678
8,2031,178,60.222222222,60.222222222,678
8,2031,179,60.222222222,60.222222222,678
8,2031,180,60.222222222,60.222222222,678
8,2031,181,60.222222222,60.222222222,678
8,2031,182,60.222222222,60.222222222,678
8,2031,183,60.222222222,60.222222222,679
8,2031,184,60.222222222,60.222222222,679
8,2031,185,60.222222222,60.222222222,679
8,2031,186,60.222222222,60.222222222,679
8,2031,187,60.222222222,60.222222222,679
8,2031,188,60.222222222,60.222222222,679
8,2031,189,60.222222222,60.222222222,679
8,2031,190,60.222222222,60.222222222,679
8,2031,191,60.222222222,60.222222222,679
8,2031,192,60.222222222,60.222222222,679
8,2031,193,60.222222222,60.222222222,680
8,2031,194,60.222222222,60.222222222,681
8,2031,195,60.222222222,60.222222222,681
8,2031,196,60.222222222,60.222222222,682
8,2031,197,60.222222222,60.222222222,683
8,2031,198,60.222222222,60.222222222,683
8,2031,199,60.222222222,60.222222222,684
8,2031,200,60.222222222,60.222222222,684
9,2032,0,32.91029484,32.91029484,100
9,2032,1,35.890870294,35.890870294,169
9,2032,2,35.890870294,35.890870294,243
9,2032,3,36.165218717,36.165218717,301
9,2032,4,38.579484835,38.579484835,354
9,2032,5,38.9391861,38.9391861,405
9,2032,6,50.49382716,50.49382716,440
9,2032,7,52.378600823,52.378600823,467
9,2032,8,52.378600823,52.378600823,490
9,2032,9,58.049382716,58.049382716,515
9,2032,10,58.049382716,58.049382716,543
9,2032,11,58.049382716,58.049382716,557
9,2032,12,58.049382716,58.049382716,570
9,2032,13,58.049382716,58.049382716,588
9,2032,14,60.222222222,60.222222222,600
9,2032,15,60.222222222,60.222222222,617
9,2032,16,60.222222222,60.222222222,631
9,2032,17,60.222222222,60.222222222,640
9,2032,18,60.222222222,60.222222222,644
9,2032,19,60.222222222,60.222222222,647
9,2032,20,60.222222222,60.222222222,649
9,2032,21,60.222222222,60.222222222,652
9,2032,22,60.222222222,60.222222222,657
9,2032,23,60.222222222,60.222222222,660
9,2032,24,60.222222222,60.222222222,662
9,2032,25,60.222222222,60.222222222,665
9,2032,26,60.222222222,60.222222222,667
9,2032,27,60.222222222,60.222222222,673
9,2032,28,60.222222222,60.222222222,675
9,2032,29,60.222222222,60.222222222,677
9,2032,30,60.222222222,60.222222222,678
9,2032,31,60.222222222,60.222222222,680
9,2032,32,60.222222222,60.222222222,683
9,2032,33,60.222222222,60.222222222,686
9,2032,34,60.222222222,60.222222222,690
9,2032,35,60.222222222,60.222222222,690
9,2032,36,60.222222222,60.222222222,691
9,2032,37,60.222222222,60.222222222,693
9,2032,38,60.222222222,60.222222222,693
9,2032,39,60.222222222,60.222222222,695
9,2032,40,60.222222222,60.222222222,698
9,2032,41,60.222222222,60.222222222,699
9,2032,42,60.222222222,60.222222222,700
9,2032,43,60.222222222,60.222222222,702
9,2032,44,60.222222222,60.222222222,703
9,2032,45,60.222222222,60.222222222,703
9,2032,46,60.222222222,60.222222222,703
9,2032,47,60.222222222,60.222222222,704
9,2032,48,60.222222222,60.222222222,704
9,2032,49,60.222222222,60.222222222,706
9,2032,50,60.222222222,60.222222222,709
9,2032,51,60.222222222,60.222222222,710
9,2032,52,60.222222222,60.222222222,712
9,2032,53,60.222222222,60.222222222,714
9,2032,54,60.222222222,60.222222222,714
9,2032,55,60.222222222,60.222222222,715
9,2032,56,60.222222222,60.222222222,715
9,2032,57,60.222222222,60.222222222,715
9,2032,58,60.222222222,60.222222222,715
9,2032,59,60.222222222,60.222222222,716
9,2032,60,60.222222222,60.222222222,717
9,2032,61,60.222222222,60.222222222,718
9,2032,62,60.222222222,60.222222222,720
9,2032,63,60.222222222,60.222222222,722
9,2032,64,60.222222222,60.222222222,723
9,2032,65,60.222222222,60.222222222,725
9,2032,66,60.222222222,60.222222222,725
9,2032,67,60.222222222,60.222222222,726
9,2032,68,60.222222222,60.222222222,727
9,2032,69,60.222222222,60.222222222,730
9,2032,70,60.222222222,60.222222222,733
9,2032,71,60.222222222,60.222222222,734
9,2032,72,60.222222222,60.222222222,737
9,2032,73,60.222222222,60.222222222,740
9,2032,74,60.222222222,60.222222222,742
9,2032,75,60.222222222,60.222222222,745
9,2032,76,60.222222222,60.222222222,745
9,2032,77,60.222222222,60.222222222,746
9,2032,78,60.222222222,60.222222222,748
9,2032,79,60.222222222,60.222222222,750
9,2032,80,60.222222222,60.222222222,751
9,2032,81,60.222222222,60.222222222,752
9,2032,82,60.222222222,60.222222222,753
9,2032,83,60.222222222,60.222222222,753
9,2032,84,60.222222222,60.222222222,755
9,2032,85,60.222222222,60.222222222,756
9,2032,86,60.222222222,60.222222222,757
9,2032,87,60.222222222,60.222222222,757
9,2032,88,60.222222222,60.222222222,757
9,2032,89,60.222222222,60.222222222,759
9,2032,90,60.222222222,60.222222222,759
9,2032,91,60.222222222,60.222222222,759
9,2032,92,60.222222222,60.222222222,759
9,2032,93,60.222222222,60.222222222,759
9,2032,94,60.222222222,60.222222222,761
9,2032,95,60.222222222,60.222222222,761
9,2032,96,60.222222222,60.222222222,761
9,2032,97,60.222222222,60.222222222,761
9,2032,98,60.222222222,60.222222222,761
9,2032,99,60.222222222,60.222222222,762
9,2032,100,60.222222222,60.222222222,763
9,2032,101,60.222222222,60.222222222,763
9,2032,102,60.222222222,60.222222222,764
9,2032,103,60.222222222,60.222222222,765
9,2032,104,60.222222222,60.222222222,766
9,2032,105,60.222222222,60.222222222,766
9,2032,106,60.222222222,60.222222222,766
9,2032,107,60.222222222,60.222222222,767
9,2032,108,60.222222222,60.222222222,767
9,2032,109,60.222222222,60.222222222,768
9,2032,110,60.222222222,60.222222222,769
9,2032,111,60.222222222,60.222222222,769
9,2032,112,60.222222222,60.222222222,769
9,2032,113,60.222222222,60.222222222,769
9,2032,114,60.222222222,60.222222222,770
9,2032,115,60.222222222,60.222222222,771
9,2032,116,60.222222222,60.222222222,771
9,2032,117,60.222222222,60.222222222,773
9,2032,118,60.222222222,60.222222222,773
9,2032,119,60.222222222,60.222222222,773
9,2032,120,60.222222222,60.222222222,775
9,2032,121,60.222222222,60.222222222,775
9,2032,122,60.222222222,60.222222222,775
9,2032,123,60.222222222,60.222222222,776
9,2032,124,60.222222222,60.222222222,776
9,2032,125,60.222222222,60.222222222,776
9,2032,126,60.222222222,60.222222222,776
9,2032,127,60.222222222,60.222222222,777
9,2032,128,60.222222222,60.222222222,777
9,2032,129,60.222222222,60.222222222,779
9,2032,130,60.222222222,60.222222222,780
9,2032,131,60.222222222,60.222222222,780
9,2032,132,60.222222222,60.222222222,780
9,2032,133,60.222222222,60.222222222,780
9,2032,134,60.222222222,60.222222222,781
9,2032,135,60.222222222,60.222222222,782
9,2032,136,60.222222222,60.222222222,785
9,2032,137,60.222222222,60.222222222,785
9,2032,138,60.222222222,60.222222222,785
9,2032,139,60.222222222,60.222222222,786
9,2032,140,60.222222222,60.222222222,786
9,2032,141,60.222222222,60.222222222,787
9,2032,142,60.222222222,60.222222222,787
9,2032,143,60.222222222,60.222222222,787
9,2032,144,60.222222222,60.222222222,787
9,2032,145,60.222222222,60.222222222,787
9,2032,146,60.222222222,60.222222222,787
9,2032,147,60.222222222,60.222222222,787
9,2032,148,60.222222222,60.222222222,788
9,2032,149,60.222222222,60.222222222,788
9,2032,150,60.222222222,60.222222222,788
9,2032,151,60.222222222,60.222222222,789
9,2032,152,60.222222222,60.222222222,791
9,2032,153,60.222222222,60.222222222,791
9,2032,154,60.222222222,60.222222222,792
9,2032,155,60.222222222,60.222222222,793
9,2032,156,60.222222222,60.222222222,794
9,2032,157,60.222222222,60.222222222,797
9,2032,158,60.222222222,60.222222222,797
9,2032,159,60.222222222,60.222222222,797
9,2032,160,60.222222222,60.222222222,798
9,2032,161,60.222222222,60.222222222,798
9,2032,162,60.222222222,60.222222222,798
9,2032,163,60.222222222,60.222222222,798
9,2032,164,60.222222222,60.222222222,798
9,2032,165,60.222222222,60.222222222,800
9,2032,166,60.222222222,60.222222222,801
9,2032,167,60.222222222,60.222222222,801
9,2032,168,60.222222222,60.222222222,801
9,2032,169,60.222222222,60.222222222,801
9,2032,170,60.222222222,60.222222222,803
9,2032,171,60.222222222,60.222222222,804
9,2032,172,60.222222222,60.222222222,805
9,2032,173,60.222222222,60.222222222,806
9,2032,174,60.222222222,60.222222222,807
9,2032,175,60.222222222,60.222222222,807
9,2032,176,60.222222222,60.222222222,807
9,2032,177,60.222222222,60.222222222,807
9,2032,178,60.222222222,60.222222222,807
9,2032,179,60.222222222,60.222222222,807
9,2032,180,60.222222222,60.222222222,807
9,2032,181,60.222222222,60.222222222,807
9,2032,182,60.222222222,60.222222222,808
9,2032,183,60.222222222,60.222222222,808
9,2032,184,60.222222222,60.222222222,808
9,2032,185,60.222222222,60.222222222,808
9,2032,186,60.222222222,60.222222222,808
9,2032,187,60.222222222,60.222222222,809
9,2032,188,60.222222222,60.222222222,809
9,2032,189,60.222222222,60.222222222,809
9,2032,190,60.222222222,60.222222222,810
9,2032,191,60.222222222,60.222222222,810
9,2032,192,60.222222222,60.222222222,811
9,2032,193,60.222222222,60.222222222,811
9,2032,194,60.222222222,60.222222222,811
9,2032,195,60.222222222,60.222222222,811
9,2032,196,60.222222222,60.222222222,811
9,2032,197,60.222222222,60.222222222,811
9,2032,198,60.222222222,60.222222222,811
9,2032,199,60.222222222,60.222222222,811
9,2032,200,60.222222222,60.222222222,812
10,2033,0,51.594573998,51.594573998,100
10,2033,1,51.594573998,51.594573998,162
10,2033,2,57.679012346,57.679012346,231
10,2033,3,57.679012346,57.679012346,286
10,2033,4,57.679012346,57.679012346,338
10,2033,5,57.679012346,57.679012346,359
10,2033,6,57.679012346,57.679012346,378
10,2033,7,60.222222222,60.222222222,387
10,2033,8,60.222222222,60.222222222,391
10,2033,9,60.222222222,60.222222222,394
10,2033,10,60.222222222,60.222222222,404
10,2033,11,60.222222222,60.222222222,415
10,2033,12,60.222222222,60.222222222,417
10,2033,13,60.222222222,60.222222222,420
10,2033,14,60.222222222,60.222222222,424
10,2033,15,60.222222222,60.222222222,427
10,2033,16,60.222222222,60.222222222,432
10,2033,17,60.222222222,60.222222222,433
10,2033,18,60.222222222,60.222222222,439
10,2033,19,60.222222222,60.222222222,444
10,2033,20,60.222222222,60.222222222,447
10,2033,21,60.222222222,60.222222222,449
10,2033,22,60.222222222,60.222222222,451
10,2033,23,60.222222222,60.222222222,457
10,2033,24,60.222222222,60.222222222,458
10,2033,25,60.222222222,60.222222222,461
10,2033,26,60.222222222,60.222222222,463
10,2033,27,60.222222222,60.222222222,466
10,2033,28,60.222222222,60.222222222,466
10,2033,29,60.222222222,60.222222222,468
10,2033,30,60.222222222,60.222222222,470
10,2033,31,60.222222222,60.222222222,473
10,2033,32,60.222222222,60.222222222,477
10,2033,33,60.222222222,60.222222222,478
10,2033,34,60.222222222,60.222222222,480
10,2033,35,60.222222222,60.222222222,482
10,2033,36,60.222222222,60.222222222,483
10,2033,37,60.222222222,60.222222222,485
10,2033,38,60.222222222,60.222222222,487
10,2033,39,60.222222222,60.222222222,488
10,2033,40,60.222222222,60.222222222,488
10,2033,41,60.222222222,60.222222222,488
10,2033,42,60.222222222,60.222222222,489
10,2033,43,60.222222222,60.222222222,490
10,2033,44,60.222222222,60.222222222,492
10,2033,45,60.222222222,60.222222222,495
10,2033,46,60.222222222,60.222222222,497
10,2033,47,60.222222222,60.222222222,498
10,2033,48,60.222222222,60.222222222,498
10,2033,49,60.222222222,60.222222222,501
10,2033,50,60.222222222,60.222222222,502
10,2033,51,60.222222222,60.222222222,503
10,2033,52,60.222222222,60.222222222,503
10,2033,53,60.222222222,60.222222222,504
10,2033,54,60.222222222,60.222222222,504
10,2033,55,60.222222222,60.222222222,505
10,2033,56,60.222222222,60.222222222,507
10,2033,57,60.222222222,60.222222222,509
10,2033,58,60.222222222,60.222222222,510
10,2033,59,60.222222222,60.222222222,510
10,2033,60,60.222222222,60.222222222,510
10,2033,61,60.222222222,60.222222222,513
10,2033,62,60.222222222,60.222222222,513
10,2033,63,60.222222222,60.222222222,514
10,2033,64,60.222222222,60.222222222,515
10,2033,65,60.222222222,60.222222222,516
10,2033,66,60.222222222,60.222222222,517
10,2033,67,60.222222222,60.222222222,517
10,2033,68,60.222222222,60.222222222,519
10,2033,69,60.222222222,60.222222222,520
10,2033,70,60.222222222,60.222222222,520
10,2033,71,60.222222222,60.222222222,522
10,2033,72,60.222222222,60.222222222,522
10,2033,73,60.222222222,60.222222222,523
10,2033,74,60.222222222,60.222222222,523
10,2033,75,60.222222222,60.222222222,524
10,2033,76,60.222222222,60.222222222,525
10,2033,77,60.222222222,60.222222222,526
10,2033,78,60.222222222,60.222222222,528
10,2033,79,60.222222222,60.222222222,529
10,2033,80,60.222222222,60.222222222,529
10,2033,81,60.222222222,60.222222222,529
10,2033,82,60.222222222,60.222222222,529
10,2033,83,60.222222222,60.222222222,530
10,2033,84,60.222222222,60.222222222,531
10,2033,85,60.222222222,60.222222222,533
10,2033,86,60.222222222,60.222222222,534
10,2033,87,60.222222222,60.222222222,534
10,2033,88,60.222222222,60.222222222,537
10,2033,89,60.222222222,60.222222222,540
10,2033,90,60.222222222,60.222222222,541
10,2033,91,60.222222222,60.222222222,541
10,2033,92,60.222222222,60.222222222,541
10,2033,93,60.222222222,60.222222222,541
10,2033,94,60.222222222,60.222222222,542
10,2033,95,60.222222222,60.222222222,543
10,2033,96,60.222222222,60.222222222,544
10,2033,97,60.222222222,60.222222222,545
10,2033,98,60.222222222,60.222222222,545
10,2033,99,60.222222222,60.222222222,545
10,2033,100,60.222222222,60.222222222,546
10,2033,101,60.222222222,60.222222222,547
10,2033,102,60.222222222,60.222222222,547
10,2033,103,60.222222222,60.222222222,548
10,2033,104,60.222222222,60.222222222,548
10,2033,105,60.222222222,60.222222222,548
10,2033,106,60.222222222,60.222222222,548
10,2033,107,60.222222222,60.222222222,549
10,2033,108,60.222222222,60.222222222,551
10,2033,109,60.222222222,60.222222222,551
10,2033,110,60.222222222,60.222222222,551
10,2033,111,60.222222222,60.222222222,551
10,2033,112,60.222222222,60.222222222,551
10,2033,113,60.222222222,60.222222222,551
10,2033,114,60.222222222,60.222222222,551
10,2033,115,60.222222222,60.222222222,551
10,2033,116,60.222222222,60.222222222,552
10,2033,117,60.222222222,60.222222222,552
10,2033,118,60.222222222,60.222222222,552
10,2033,119,60.222222222,60.222222222,552
10,2033,120,60.222222222,60.222222222,553
10,2033,121,60.222222222,60.222222222,554
10,2033,122,60.222222222,60.222222222,554
10,2033,123,60.222222222,60.222222222,554
10,2033,124,60.222222222,60.222222222,554
10,2033,125,60.222222222,60.222222222,555
10,2033,126,60.222222222,60.222222222,555
10,2033,127,60.222222222,60.222222222,558
10,2033,128,60.222222222,60.222222222,558
10,2033,129,60.222222222,60.222222222,558
10,2033,130,60.222222222,60.222222222,558
10,2033,131,60.222222222,60.222222222,558
10,2033,132,60.222222222,60.222222222,558
10,2033,133,60.222222222,60.222222222,558
10,2033,134,60.222222222,60.222222222,558
10,2033,135,60.222222222,60.222222222,558
10,2033,136,60.222222222,60.222222222,560
10,2033,137,60.222222222,60.222222222,561
10,2033,138,60.222222222,60.222222222,561
10,2033,139,60.222222222,60.222222222,561
10,2033,140,60.222222222,60.222222222,561
10,2033,141,60.222222222,60.222222222,561
10,2033,142,60.222222222,60.222222222,561
10,2033,143,60.222222222,60.222222222,561
10,2033,144,60.222222222,60.222222222,562
10,2033,145,60.222222222,60.222222222,562
10,2033,146,60.222222222,60.222222222,563
10,2033,147,60.222222222,60.222222222,563
10,2033,148,60.222222222,60.222222222,563
10,2033,149,60.222222222,60.222222222,563
10,2033,150,60.222222222,60.222222222,564
10,2033,151,60.222222222,60.222222222,564
10,2033,152,60.222222222,60.222222222,564
10,2033,153,60.222222222,60.222222222,564
10,2033,154,60.222222222,60.222222222,565
10,2033,155,60.222222222,60.222222222,566
10,2033,156,60.222222222,60.222222222,566
10,2033,157,60.222222222,60.222222222,566
10,2033,158,60.222222222,60.222222222,566
10,2033,159,60.222222222,60.222222222,567
10,2033,160,60.222222222,60.222222222,567
10,2033,161,60.222222222,60.222222222,568
10,2033,162,60.222222222,60.222222222,568
10,2033,163,60.222222222,60.222222222,569
10,2033,164,60.222222222,60.222222222,569
10,2033,165,60.222222222,60.222222222,570
10,2033,166,60.222222222,60.222222222,570
10,2033,167,60.222222222,60.222222222,570
10,2033,168,60.222222222,60.222222222,570
10,2033,169,60.222222222,60.222222222,570
10,2033,170,60.222222222,60.222222222,570
10,2033,171,60.222222222,60.222222222,570
10,2033,172,60.222222222,60.222222222,571
10,2033,173,60.222222222,60.222222222,571
10,2033,174,60.222222222,60.222222222,572
10,2033,175,60.222222222,60.222222222,573
10,2033,176,60.222222222,60.222222222,573
10,2033,177,60.222222222,60.222222222,573
10,2033,178,60.222222222,60.222222222,573
10,2033,179,60.222222222,60.222222222,573
10,2033,180,60.222222222,60.222222222,574
10,2033,181,60.222222222,60.222222222,574
10,2033,182,60.222222222,60.222222222,574
10,2033,183,60.222222222,60.222222222,575
10,2033,184,60.222222222,60.222222222,576
10,2033,185,60.222222222,60.222222222,577
10,2033,186,60.222222222,60.222222222,577
10,2033,187,60.222222222,60.222222222,577
10,2033,188,60.222222222,60.222222222,578
10,2033,189,60.222222222,60.222222222,578
10,2033,190,60.222222222,60.222222222,578
10,2033,191,60.222222222,60.222222222,578
10,2033,192,60.222222222,60.222222222,578
10,2033,193,60.222222222,60.222222222,578
10,2033,194,60.222222222,60.222222222,578
10,2033,195,60.222222222,60.222222222,578
10,2033,196,60.222222222,60.222222222,578
10,2033,197,60.222222222,60.222222222,578
10,2033,198,60.222222222,60.222222222,578
10,2033,199,60.222222222,60.222222222,578
10,2033,200,60.222222222,60.222222222,578
11,2034,0,52.927297668,52.927297668,100
11,2034,1,52.927297668,52.927297668,166
11,2034,2,55.50617284,55.50617284,225
11,2034,3,55.50617284,55.50617284,274
11,2034,4,57.679012346,57.679012346,306
11,2034,5,57.679012346,57.679012346,322
11,2034,6,58.049382716,58.049382716,330
11,2034,7,58.049382716,58.049382716,342
11,2034,8,60.222222222,60.222222222,354
11,2034,9,60.222222222,60.222222222,366
11,2034,10,60.222222222,60.222222222,373
11,2034,11,60.222222222,60.222222222,384
11,2034,12,60.222222222,60.222222222,388
11,2034,13,60.222222222,60.222222222,391
11,2034,14,60.222222222,60.222222222,393
11,2034,15,60.222222222,60.222222222,395
11,2034,16,60.222222222,60.222222222,395
11,2034,17,60.222222222,60.222222222,397
11,2034,18,60.222222222,60.222222222,400
11,2034,19,60.222222222,60.222222222,402
11,2034,20,60.222222222,60.222222222,404
11,2034,21,60.222222222,60.222222222,404
11,2034,22,60.222222222,60.222222222,406
11,2034,23,60.222222222,60.222222222,410
11,2034,24,60.222222222,60.222222222,411
11,2034,25,60.222222222,60.222222222,415
11,2034,26,60.222222222,60.222222222,419
11,2034,27,60.222222222,60.222222222,421
11,2034,28,60.222222222,60.222222222,423
11,2034,29,60.222222222,60.222222222,424
11,2034,30,60.222222222,60.222222222,428
11,2034,31,60.222222222,60.222222222,430
11,2034,32,60.222222222,60.222222222,432
11,2034,33,60.222222222,60.222222222,435
11,2034,34,60.222222222,60.222222222,437
11,2034,35,60.222222222,60.222222222,439
11,2034,36,60.222222222,60.222222222,440
11,2034,37,60.222222222,60.222222222,441
11,2034,38,60.222222222,60.222222222,441
11,2034,39,60.222222222,60.222222222,443
11,2034,40,60.222222222,60.222222222,446
11,2034,41,60.222222222,60.222222222,447
11,2034,42,60.222222222,60.222222222,448
11,2034,43,60.222222222,60.222222222,449
11,2034,44,60.222222222,60.222222222,451
11,2034,45,60.222222222,60.222222222,452
11,2034,46,60.222222222,60.222222222,453
11,2034,47,60.222222222,60.222222222,455
11,2034,48,60.222222222,60.222222222,459
11,2034,49,60.222222222,60.222222222,461
11,2034,50,60.222222222,60.222222222,462
11,2034,51,60.222222222,60.222222222,463
11,2034,52,60.222222222,60.222222222,463
11,2034,53,60.222222222,60.222222222,465
11,2034,54,60.222222222,60.222222222,465
11,2034,55,60.222222222,60.222222222,465
11,2034,56,60.222222222,60.222222222,466
11,2034,57,60.222222222,60.222222222,467
11,2034,58,60.222222222,60.222222222,468
11,2034,59,60.222222222,60.222222222,468
11,2034,60,60.222222222,60.222222222,469
11,2034,61,60.222222222,60.222222222,472
11,2034,62,60.222222222,60.222222222,473
11,2034,63,60.222222222,60.222222222,474
11,2034,64,60.222222222,60.222222222,474
11,2034,65,60.222222222,60.222222222,476
11,2034,66,60.222222222,60.222222222,477
11,2034,67,60.222222222,60.222222222,477
11,2034,68,60.222222222,60.222222222,478
11,2034,69,60.222222222,60.222222222,480
11,2034,70,60.222222222,60.222222222,480
11,2034,71,60.222222222,60.222222222,480
11,2034,72,60.222222222,60.222222222,481
11,2034,73,60.222222222,60.222222222,482
11,2034,74,60.222222222,60.222222222,483
11,2034,75,60.222222222,60.222222222,484
11,2034,76,60.222222222,60.222222222,484
11,2034,77,60.222222222,60.222222222,485
11,2034,78,60.222222222,60.222222222,486
11,2034,79,60.222222222,60.222222222,486
11,2034,80,60.222222222,60.222222222,486
11,2034,81,60.222222222,60.222222222,486
11,2034,82,60.222222222,60.222222222,486
11,2034,83,60.222222222,60.222222222,486
11,2034,84,60.222222222,60.222222222,486
11,2034,85,60.222222222,60.222222222,487
11,2034,86,60.222222222,60.222222222,487
11,2034,87,60.222222222,60.222222222,487
11,2034,88,60.222222222,60.222222222,488
11,2034,89,60.222222222,60.222222222,488
11,2034,90,60.222222222,60.222222222,490
11,2034,91,60.222222222,60.222222222,490
11,2034,92,60.222222222,60.222222222,491
11,2034,93,60.222222222,60.222222222,492
11,2034,94,60.222222222,60.222222222,493
11,2034,95,60.222222222,60.222222222,494
11,2034,96,60.222222222,60.222222222,495
11,2034,97,60.222222222,60.222222222,495
11,2034,98,60.222222222,60.222222222,497
11,2034,99,60.222222222,60.222222222,497
11,2034,100,60.222222222,60.222222222,497
11,2034,101,60.222222222,60.222222222,498
11,2034,102,60.222222222,60.222222222,499
11,2034,103,60.222222222,60.222222222,499
11,2034,104,60.222222222,60.222222222,500
11,2034,105,60.222222222,60.222222222,500
11,2034,106,60.222222222,60.222222222,501
11,2034,107,60.222222222,60.222222222,501
11,2034,108,60.222222222,60.222222222,501
11,2034,109,60.222222222,60.222222222,502
11,2034,110,60.222222222,60.222222222,502
11,2034,111,60.222222222,60.222222222,502
11,2034,112,60.222222222,60.222222222,502
11,2034,113,60.222222222,60.222222222,502
11,2034,114,60.222222222,60.222222222,503
11,2034,115,60.222222222,60.222222222,503
11,2034,116,60.222222222,60.222222222,503
11,2034,117,60.222222222,60.222222222,503
11,2034,118,60.222222222,60.222222222,505
11,2034,119,60.222222222,60.222222222,505
11,2034,120,60.222222222,60.222222222,506
11,2034,121,60.222222222,60.222222222,506
11,2034,122,60.222222222,60.222222222,508
11,2034,123,60.222222222,60.222222222,509
11,2034,124,60.222222222,60.222222222,509
11,2034,125,60.222222222,60.222222222,509
11,2034,126,60.222222222,60.222222222,509
11,2034,127,60.222222222,60.222222222,509
11,2034,128,60.222222222,60.222222222,509
11,2034,129,60.222222222,60.222222222,509
11,2034,130,60.222222222,60.222222222,513
11,2034,131,60.222222222,60.222222222,516
11,2034,132,60.222222222,60.222222222,516
11,2034,133,60.222222222,60.222222222,516
11,2034,134,60.222222222,60.222222222,517
11,2034,135,60.222222222,60.222222222,517
11,2034,136,60.222222222,60.222222222,517
11,2034,137,60.222222222,60.222222222,517
11,2034,138,60.222222222,60.222222222,519
11,2034,139,60.222222222,60.222222222,519
11,2034,140,60.222222222,60.222222222,520
11,2034,141,60.222222222,60.222222222,520
11,2034,142,60.222222222,60.222222222,521
11,2034,143,60.222222222,60.222222222,524
11,2034,144,60.222222222,60.222222222,525
11,2034,145,60.222222222,60.222222222,525
11,2034,146,60.222222222,60.222222222,526
11,2034,147,60.222222222,60.222222222,526
11,2034,148,60.222222222,60.222222222,527
11,2034,149,60.222222222,60.222222222,527
11,2034,150,60.222222222,60.222222222,527
11,2034,151,60.222222222,60.222222222,527
11,2034,152,60.222222222,60.222222222,527
11,2034,153,60.222222222,60.222222222,527
11,2034,154,60.222222222,60.222222222,529
11,2034,155,60.222222222,60.222222222,530
11,2034,156,60.222222222,60.222222222,532
11,2034,157,60.222222222,60.222222222,532
11,2034,158,60.222222222,60.222222222,533
11,2034,159,60.222222222,60.222222222,533
11,2034,160,60.222222222,60.222222222,533
11,2034,161,60.222222222,60.222222222,535
11,2034,162,60.222222222,60.222222222,535
11,2034,163,60.222222222,60.222222222,538
11,2034,164,60.222222222,60.222222222,539
11,2034,165,60.222222222,60.222222222,541
11,2034,166,60.222222222,60.222222222,541
11,2034,167,60.222222222,60.222222222,541
11,2034,168,60.222222222,60.222222222,542
11,2034,169,60.222222222,60.222222222,543
11,2034,170,60.222222222,60.222222222,543
11,2034,171,60.222222222,60.222222222,543
11,2034,172,60.222222222,60.222222222,543
11,2034,173,60.222222222,60.222222222,543
11,2034,174,60.222222222,60.222222222,543
11,2034,175,60.222222222,60.222222222,544
11,2034,176,60.222222222,60.222222222,545
11,2034,177,60.222222222,60.222222222,547
11,2034,178,60.222222222,60.222222222,547
11,2034,179,60.222222222,60.222222222,547
11,2034,180,60.222222222,60.222222222,547
11,2034,181,60.222222222,60.222222222,547
11,2034,182,60.222222222,60.222222222,548
11,2034,183,60.222222222,60.222222222,549
11,2034,184,60.222222222,60.222222222,549
11,2034,185,60.222222222,60.222222222,551
11,2034,186,60.222222222,60.222222222,552
11,2034,187,60.222222222,60.222222222,552
11,2034,188,60.222222222,60.222222222,553
11,2034,189,60.222222222,60.222222222,554
11,2034,190,60.222222222,60.222222222,554
11,2034,191,60.222222222,60.222222222,554
11,2034,192,60.222222222,60.222222222,555
11,2034,193,60.222222222,60.222222222,556
11,2034,194,60.222222222,60.222222222,556
11,2034,195,60.222222222,60.222222222,556
11,2034,196,60.222222222,60.222222222,556
11,2034,197,60.222222222,60.222222222,556
11,2034,198,60.222222222,60.222222222,557
11,2034,199,60.222222222,60.222222222,557
11,2034,200,60.222222222,60.222222222,558
12,2035,0,57.802469136,57.802469136,100
12,2035,1,57.802469136,57.802469136,171
12,2035,2,57.802469136,57.802469136,249
12,2035,3,57.802469136,57.802469136,308
12,2035,4,57.802469136,57.802469136,363
12,2035,5,57.802469136,57.802469136,393
12,2035,6,58.049382716,58.049382716,418
12,2035,7,58.049382716,58.049382716,426
12,2035,8,58.049382716,58.049382716,430
12,2035,9,60.222222222,60.222222222,436
12,2035,10,60.222222222,60.222222222,446
12,2035,11,60.222222222,60.222222222,457
12,2035,12,60.222222222,60.222222222,464
12,2035,13,60.222222222,60.222222222,469
12,2035,14,60.222222222,60.222222222,472
12,2035,15,60.222222222,60.222222222,474
12,2035,16,60.222222222,60.222222222,475
12,2035,17,60.222222222,60.222222222,479
12,2035,18,60.222222222,60.222222222,484
12,2035,19,60.222222222,60.222222222,487
12,2035,20,60.222222222,60.222222222,491
12,2035,21,60.222222222,60.222222222,491
12,2035,22,60.222222222,60.222222222,492
12,2035,23,60.222222222,60.222222222,495
12,2035,24,60.222222222,60.222222222,498
12,2035,25,60.222222222,60.222222222,501
12,2035,26,60.222222222,60.222222222,501
12,2035,27,60.222222222,60.222222222,502
12,2035,28,60.222222222,60.222222222,503
12,2035,29,60.222222222,60.222222222,504
12,2035,30,60.222222222,60.222222222,504
12,2035,31,60.222222222,60.222222222,506
12,2035,32,60.222222222,60.222222222,509
12,2035,33,60.222222222,60.222222222,510
12,2035,34,60.222222222,60.222222222,513
12,2035,35,60.222222222,60.222222222,516
12,2035,36,60.222222222,60.222222222,516
12,2035,37,60.222222222,60.222222222,519
12,2035,38,60.222222222,60.222222222,520
12,2035,39,60.222222222,60.222222222,522
12,2035,40,60.222222222,60.222222222,524
12,2035,41,60.222222222,60.222222222,525
12,2035,42,60.222222222,60.222222222,530
12,2035,43,60.222222222,60.222222222,532
12,2035,44,60.222222222,60.222222222,532
12,2035,45,60.222222222,60.222222222,533
12,2035,46,60.222222222,60.222222222,535
12,2035,47,60.222222222,60.222222222,537
12,2035,48,60.222222222,60.222222222,539
12,2035,49,60.222222222,60.222222222,543
12,2035,50,60.222222222,60.222222222,543
12,2035,51,60.222222222,60.222222222,545
12,2035,52,60.222222222,60.222222222,546
12,2035,53,60.222222222,60.222222222,546
12,2035,54,60.222222222,60.222222222,547
12,2035,55,60.222222222,60.222222222,548
12,2035,56,60.222222222,60.222222222,549
12,2035,57,60.222222222,60.222222222,549
12,2035,58,60.222222222,60.222222222,550
12,2035,59,60.222222222,60.222222222,552
12,2035,60,60.222222222,60.222222222,553
12,2035,61,60.222222222,60.222222222,555
12,2035,62,60.222222222,60.222222222,556
12,2035,63,60.222222222,60.222222222,556
12,2035,64,60.222222222,60.222222222,557
12,2035,65,60.222222222,60.222222222,560
12,2035,66,60.222222222,60.222222222,560
12,2035,67,60.222222222,60.222222222,560
12,2035,68,60.222222222,60.222222222,560
12,2035,69,60.222222222,60.222222222,561
12,2035,70,60.222222222,60.222222222,561
12,2035,71,60.222222222,60.222222222,564
12,2035,72,60.222222222,60.222222222,566
12,2035,73,60.222222222,60.222222222,569
12,2035,74,60.222222222,60.222222222,569
12,2035,75,60.222222222,60.222222222,571
12,2035,76,60.222222222,60.222222222,572
12,2035,77,60.222222222,60.222222222,572
12,2035,78,60.222222222,60.222222222,573
12,2035,79,60.222222222,60.222222222,573
12,2035,80,60.222222222,60.222222222,576
12,2035,81,60.222222222,60.222222222,578
12,2035,82,60.222222222,60.222222222,578
12,2035,83,60.222222222,60.222222222,579
12,2035,84,60.222222222,60.222222222,579
12,2035,85,60.222222222,60.222222222,580
12,2035,86,60.222222222,60.222222222,581
12,2035,87,60.222222222,60.222222222,581
12,2035,88,60.222222222,60.222222222,582
12,2035,89,60.222222222,60.222222222,582
12,2035,90,60.222222222,60.222222222,582
12,2035,91,60.222222222,60.222222222,582
12,2035,92,60.222222222,60.222222222,583
12,2035,93,60.222222222,60.222222222,583
12,2035,94,60.222222222,60.222222222,584
12,2035,95,60.222222222,60.222222222,584
12,2035,96,60.222222222,60.222222222,584
12,2035,97,60.222222222,60.222222222,584
12,2035,98,60.222222222,60.222222222,586
12,2035,99,60.222222222,60.222222222,586
12,2035,100,60.222222222,60.222222222,586
12,2035,101,60.222222222,60.222222222,586
12,2035,102,60.222222222,60.222222222,587
12,2035,103,60.222222222,60.222222222,590
12,2035,104,60.222222222,60.222222222,591
12,2035,105,60.222222222,60.222222222,592
12,2035,106,60.222222222,60.222222222,592
12,2035,107,60.222222222,60.222222222,592
12,2035,108,60.222222222,60.222222222,592
12,2035,109,60.222222222,60.222222222,592
12,2035,110,60.222222222,60.222222222,592
12,2035,111,60.222222222,60.222222222,594
12,2035,112,60.222222222,60.222222222,594
12,2035,113,60.222222222,60.222222222,594
12,2035,114,60.222222222,60.222222222,595
12,2035,115,60.222222222,60.222222222,595
12,2035,116,60.222222222,60.222222222,596
12,2035,117,60.222222222,60.222222222,598
12,2035,118,60.222222222,60.222222222,598
12,2035,119,60.222222222,60.222222222,598
12,2035,120,60.222222222,60.222222222,599
12,2035,121,60.222222222,60.222222222,599
12,2035,122,60.222222222,60.222222222,601
12,2035,123,60.222222222,60.222222222,601
12,2035,124,60.222222222,60.222222222,601
12,2035,125,60.222222222,60.222222222,601
12,2035,126,60.222222222,60.222222222,602
12,2035,127,60.222222222,60.222222222,603
12,2035,128,60.222222222,60.222222222,603
12,2035,129,60.222222222,60.222222222,604
12,2035,130,60.222222222,60.222222222,605
12,2035,131,60.222222222,60.222222222,605
12,2035,132,60.222222222,60.222222222,605
12,2035,133,60.222222222,60.222222222,605
12,2035,134,60.222222222,60.222222222,606
12,2035,135,60.222222222,60.222222222,606
12,2035,136,60.222222222,60.222222222,607
12,2035,137,60.222222222,60.222222222,607
12,2035,138,60.222222222,60.222222222,607
12,2035,139,60.222222222,60.222222222,607
12,2035,140,60.222222222,60.222222222,607
12,2035,141,60.222222222,60.222222222,607
12,2035,142,60.222222222,60.222222222,607
12,2035,143,60.222222222,60.222222222,608
12,2035,144,60.222222222,60.222222222,609
12,2035,145,60.222222222,60.222222222,609
12,2035,146,60.222222222,60.222222222,610
12,2035,147,60.222222222,60.222222222,610
12,2035,148,60.222222222,60.222222222,610
12,2035,149,60.222222222,60.222222222,610
12,2035,150,60.222222222,60.222222222,610
12,2035,151,60.222222222,60.222222222,610
12,2035,152,60.222222222,60.222222222,611
12,2035,153,60.222222222,60.222222222,612
12,2035,154,60.222222222,60.222222222,614
12,2035,155,60.222222222,60.222222222,614
12,2035,156,60.222222222,60.222222222,614
12,2035,157,60.222222222,60.222222222,614
12,2035,158,60.222222222,60.222222222,614
12,2035,159,60.222222222,60.222222222,615
12,2035,160,60.222222222,60.222222222,616
12,2035,161,60.222222222,60.222222222,617
12,2035,162,60.222222222,60.222222222,617
12,2035,163,60.222222222,60.222222222,617
12,2035,164,60.222222222,60.222222222,617
12,2035,165,60.222222222,60.222222222,617
12,2035,166,60.222222222,60.222222222,617
12,2035,167,60.222222222,60.222222222,617
12,2035,168,60.222222222,60.222222222,617
12,2035,169,60.222222222,60.222222222,617
12,2035,170,60.222222222,60.222222222,617
12,2035,171,60.222222222,60.222222222,617
12,2035,172,60.222222222,60.222222222,617
12,2035,173,60.222222222,60.222222222,618
12,2035,174,60.222222222,60.222222222,618
12,2035,175,60.222222222,60.222222222,619
12,2035,176,60.222222222,60.222222222,619
12,2035,177,60.222222222,60.222222222,619
12,2035,178,60.222222222,60.222222222,619
12,2035,179,60.222222222,60.222222222,619
12,2035,180,60.222222222,60.222222222,620
12,2035,181,60.222222222,60.222222222,620
12,2035,182,60.222222222,60.222222222,620
12,2035,183,60.222222222,60.222222222,620
12,2035,184,60.222222222,60.222222222,621
12,2035,185,60.222222222,60.222222222,621
12,2035,186,60.222222222,60.222222222,622
12,2035,187,60.222222222,60.222222222,623
12,2035,188,60.222222222,60.222222222,623
12,2035,189,60.222222222,60.222222222,625
12,2035,190,60.222222222,60.222222222,626
12,2035,191,60.222222222,60.222222222,626
12,2035,192,60.222222222,60.222222222,626
12,2035,193,60.222222222,60.222222222,626
12,2035,194,60.222222222,60.222222222,626
12,2035,195,60.222222222,60.222222222,626
12,2035,196,60.222222222,60.222222222,626
12,2035,197,60.222222222,60.222222222,626
12,2035,198,60.222222222,60.222222222,626
12,2035,199,60.222222222,60.222222222,627
12,2035,200,60.222222222,60.222222222,628
13,2036,0,25.969279751,25.969279751,100
13,2036,1,43.754000914,43.754000914,174
13,2036,2,50.334705075,50.334705075,248
13,2036,3,52.556927298,52.556927298,313
13,2036,4,55.100137174,55.100137174,376
13,2036,5,57.679012346,57.679012346,421
13,2036,6,57.679012346,57.679012346,464
13,2036,7,57.679012346,57.679012346,487
13,2036,8,57.679012346,57.679012346,509
13,2036,9,57.679012346,57.679012346,523
13,2036,10,60.222222222,60.222222222,530
13,2036,11,60.222222222,60.222222222,536
13,2036,12,60.222222222,60.222222222,546
13,2036,13,60.222222222,60.222222222,550
13,2036,14,60.222222222,60.222222222,559
13,2036,15,60.222222222,60.222222222,561
13,2036,16,60.222222222,60.222222222,563
13,2036,17,60.222222222,60.222222222,569
13,2036,18,60.222222222,60.222222222,569
13,2036,19,60.222222222,60.222222222,571
13,2036,20,60.222222222,60.222222222,577
13,2036,21,60.222222222,60.222222222,580
13,2036,22,60.222222222,60.222222222,583
13,2036,23,60.222222222,60.222222222,586
13,2036,24,60.222222222,60.222222222,590
13,2036,25,60.222222222,60.222222222,591
13,2036,26,60.222222222,60.222222222,593
13,2036,27,60.222222222,60.222222222,594
13,2036,28,60.222222222,60.222222222,597
13,2036,29,60.222222222,60.222222222,597
13,2036,30,60.222222222,60.222222222,597
13,2036,31,60.222222222,60.222222222,601
13,2036,32,60.222222222,60.222222222,601
13,2036,33,60.222222222,60.222222222,602
13,2036,34,60.222222222,60.222222222,603
13,2036,35,60.222222222,60.222222222,604
13,2036,36,60.222222222,60.222222222,604
13,2036,37,60.222222222,60.222222222,605
13,2036,38,60.222222222,60.222222222,605
13,2036,39,60.222222222,60.222222222,608
13,2036,40,60.222222222,60.222222222,609
13,2036,41,60.222222222,60.222222222,611
13,2036,42,60.222222222,60.222222222,611
13,2036,43,60.222222222,60.222222222,614
13,2036,44,60.222222222,60.222222222,615
13,2036,45,60.222222222,60.222222222,618
13,2036,46,60.222222222,60.222222222,618
13,2036,47,60.222222222,60.222222222,620
13,2036,48,60.222222222,60.222222222,622
13,2036,49,60.222222222,60.222222222,624
13,2036,50,60.222222222,60.222222222,624
13,2036,51,60.222222222,60.222222222,626
13,2036,52,60.222222222,60.222222222,628
13,2036,53,60.222222222,60.222222222,630
13,2036,54,60.222222222,60.222222222,631
13,2036,55,60.222222222,60.222222222,632
13,2036,56,60.222222222,60.222222222,634
13,2036,57,60.222222222,60.222222222,636
13,2036,58,60.222222222,60.222222222,636
13,2036,59,60.222222222,60.222222222,637
13,2036,60,60.222222222,60.222222222,639
13,2036,61,60.222222222,60.222222222,640
13,2036,62,60.222222222,60.222222222,641
13,2036,63,60.222222222,60.222222222,641
13,2036,64,60.222222222,60.222222222,642
13,2036,65,60.222222222,60.222222222,642
13,2036,66,60.222222222,60.222222222,643
13,2036,67,60.222222222,60.222222222,644
13,2036,68,60.222222222,60.222222222,644
13,2036,69,60.222222222,60.222222222,645
13,2036,70,60.222222222,60.222222222,646
13,2036,71,60.222222222,60.222222222,648
13,2036,72,60.222222222,60.222222222,649
13,2036,73,60.222222222,60.222222222,651
13,2036,74,60.222222222,60.222222222,652
13,2036,75,60.222222222,60.222222222,653
13,2036,76,60.222222222,60.222222222,654
13,2036,77,60.222222222,60.222222222,655
13,2036,78,60.222222222,60.222222222,655
13,2036,79,60.222222222,60.222222222,656
13,2036,80,60.222222222,60.222222222,657
13,2036,81,60.222222222,60.222222222,658
13,2036,82,60.222222222,60.222222222,660
13,2036,83,60.222222222,60.222222222,660
13,2036,84,60.222222222,60.222222222,660
13,2036,85,60.222222222,60.222222222,662
13,2036,86,60.222222222,60.222222222,662
13,2036,87,60.222222222,60.222222222,664
13,2036,88,60.222222222,60.222222222,665
13,2036,89,60.222222222,60.222222222,666
13,2036,90,60.222222222,60.222222222,668
13,2036,91,60.222222222,60.222222222,668
13,2036,92,60.222222222,60.222222222,669
13,2036,93,60.222222222,60.222222222,669
13,2036,94,60.222222222,60.222222222,673
13,2036,95,60.222222222,60.222222222,675
13,2036,96,60.222222222,60.222222222,675
13,2036,97,60.222222222,60.222222222,676
13,2036,98,60.222222222,60.222222222,676
13,2036,99,60.222222222,60.222222222,676
13,2036,100,60.222222222,60.222222222,677
13,2036,101,60.222222222,60.222222222,679
13,2036,102,60.222222222,60.222222222,679
13,2036,103,60.222222222,60.222222222,679
13,2036,104,60.222222222,60.222222222,679
13,2036,105,60.222222222,60.222222222,679
13,2036,106,60.222222222,60.222222222,679
13,2036,107,60.222222222,60.222222222,681
13,2036,108,60.222222222,60.222222222,682
13,2036,109,60.222222222,60.222222222,682
13,2036,110,60.222222222,60.222222222,682
13,2036,111,60.222222222,60.222222222,682
13,2036,112,60.222222222,60.222222222,683
13,2036,113,60.222222222,60.222222222,684
13,2036,114,60.222222222,60.222222222,684
13,2036,115,60.222222222,60.222222222,684
13,2036,116,60.222222222,60.222222222,684
13,2036,117,60.222222222,60.222222222,684
13,2036,118,60.222222222,60.222222222,684
13,2036,119,60.222222222,60.222222222,684
13,2036,120,60.222222222,60.222222222,684
13,2036,121,60.222222222,60.222222222,684
13,2036,122,60.222222222,60.222222222,684
13,2036,123,60.222222222,60.222222222,684
13,2036,124,60.222222222,60.222222222,684
13,2036,125,60.222222222,60.222222222,684
13,2036,126,60.222222222,60.222222222,684
13,2036,127,60.222222222,60.222222222,684
13,2036,128,60.222222222,60.222222222,685
13,2036,129,60.222222222,60.222222222,686
13,2036,130,60.222222222,60.222222222,688
13,2036,131,60.222222222,60.222222222,689
13,2036,132,60.222222222,60.222222222,689
13,2036,133,60.222222222,60.222222222,689
13,2036,134,60.222222222,60.222222222,689
13,2036,135,60.222222222,60.222222222,689
13,2036,136,60.222222222,60.222222222,690
13,2036,137,60.222222222,60.222222222,691
13,2036,138,60.222222222,60.222222222,691
13,2036,139,60.222222222,60.222222222,693
13,2036,140,60.222222222,60.222222222,693
13,2036,141,60.222222222,60.222222222,693
13,2036,142,60.222222222,60.222222222,693
13,2036,143,60.222222222,60.222222222,693
13,2036,144,60.222222222,60.222222222,694
13,2036,145,60.222222222,60.222222222,694
13,2036,146,60.222222222,60.222222222,694
13,2036,147,60.222222222,60.222222222,694
13,2036,148,60.222222222,60.222222222,694
13,2036,149,60.222222222,60.222222222,694
13,2036,150,60.222222222,60.222222222,694
13,2036,151,60.222222222,60.222222222,694
13,2036,152,60.222222222,60.222222222,694
13,2036,153,60.222222222,60.222222222,694
13,2036,154,60.222222222,60.222222222,694
13,2036,155,60.222222222,60.222222222,694
13,2036,156,60.222222222,60.222222222,695
13,2036,157,60.222222222,60.222222222,695
13,2036,158,60.222222222,60.222222222,695
13,2036,159,60.222222222,60.222222222,695
13,2036,160,60.222222222,60.222222222,696
13,2036,161,60.222222222,60.222222222,696
13,2036,162,60.222222222,60.222222222,697
13,2036,163,60.222222222,60.222222222,697
13,2036,164,60.222222222,60.222222222,697
13,2036,165,60.222222222,60.222222222,697
13,2036,166,60.222222222,60.222222222,697
13,2036,167,60.222222222,60.222222222,698
13,2036,168,60.222222222,60.222222222,698
13,2036,169,60.222222222,60.222222222,699
13,2036,170,60.222222222,60.222222222,700
13,2036,171,60.222222222,60.222222222,700
13,2036,172,60.222222222,60.222222222,701
13,2036,173,60.222222222,60.222222222,701
13,2036,174,60.222222222,60.222222222,701
13,2036,175,60.222222222,60.222222222,701
13,2036,176,60.222222222,60.222222222,701
13,2036,177,60.222222222,60.222222222,702
13,2036,178,60.222222222,60.222222222,702
13,2036,179,60.222222222,60.222222222,704
13,2036,180,60.222222222,60.222222222,704
13,2036,181,60.222222222,60.222222222,704
13,2036,182,60.222222222,60.222222222,704
13,2036,183,60.222222222,60.222222222,704
13,2036,184,60.222222222,60.222222222,704
13,2036,185,60.222222222,60.222222222,704
13,2036,186,60.222222222,60.222222222,704
13,2036,187,60.222222222,60.222222222,704
13,2036,188,60.222222222,60.222222222,704
13,2036,189,60.222222222,60.222222222,704
13,2036,190,60.222222222,60.222222222,705
13,2036,191,60.222222222,60.222222222,705
13,2036,192,60.222222222,60.222222222,705
13,2036,193,60.222222222,60.222222222,705
13,2036,194,60.222222222,60.222222222,706
13,2036,195,60.222222222,60.222222222,706
13,2036,196,60.222222222,60.222222222,706
13,2036,197,60.222222222,60.222222222,706
13,2036,198,60.222222222,60.222222222,706
13,2036,199,60.222222222,60.222222222,706
13,2036,200,60.222222222,60.222222222,707
14,2037,0,36.668190825,36.668190825,100
14,2037,1,36.668190825,36.668190825,177
14,2037,2,52.927297668,52.927297668,244
14,2037,3,52.927297668,52.927297668,294
14,2037,4,52.927297668,52.927297668,338
14,2037,5,55.50617284,55.50617284,382
14,2037,6,55.50617284,55.50617284,407
14,2037,7,55.50617284,55.50617284,431
14,2037,8,58.049382716,58.049382716,449
14,2037,9,58.049382716,58.049382716,468
14,2037,10,58.049382716,58.049382716,477
14,2037,11,60.222222222,60.222222222,484
14,2037,12,60.222222222,60.222222222,490
14,2037,13,60.222222222,60.222222222,498
14,2037,14,60.222222222,60.222222222,504
14,2037,15,60.222222222,60.222222222,507
14,2037,16,60.222222222,60.222222222,513
14,2037,17,60.222222222,60.222222222,519
14,2037,18,60.222222222,60.222222222,524
14,2037,19,60.222222222,60.222222222,527
14,2037,20,60.222222222,60.222222222,530
14,2037,21,60.222222222,60.222222222,531
14,2037,22,60.222222222,60.222222222,533
14,2037,23,60.222222222,60.222222222,536
14,2037,24,60.222222222,60.222222222,540
14,2037,25,60.222222222,60.222222222,542
14,2037,26,60.222222222,60.222222222,543
14,2037,27,60.222222222,60.222222222,545
14,2037,28,60.222222222,60.222222222,549
14,2037,29,60.222222222,60.222222222,550
14,2037,30,60.222222222,60.222222222,554
14,2037,31,60.222222222,60.222222222,556
14,2037,32,60.222222222,60.222222222,556
14,2037,33,60.222222222,60.222222222,559
14,2037,34,60.222222222,60.222222222,565
14,2037,35,60.222222222,60.222222222,566
14,2037,36,60.222222222,60.222222222,566
14,2037,37,60.222222222,60.222222222,568
14,2037,38,60.222222222,60.222222222,568
14,2037,39,60.222222222,60.222222222,569
14,2037,40,60.222222222,60.222222222,569
14,2037,41,60.222222222,60.222222222,571
14,2037,42,60.222222222,60.222222222,575
14,2037,43,60.222222222,60.222222222,576
14,2037,44,60.222222222,60.222222222,578
14,2037,45,60.222222222,60.222222222,580
14,2037,46,60.222222222,60.222222222,583
14,2037,47,60.222222222,60.222222222,584
14,2037,48,60.222222222,60.222222222,584
14,2037,49,60.222222222,60.222222222,586
14,2037,50,60.222222222,60.222222222,587
14,2037,51,60.222222222,60.222222222,589
14,2037,52,60.222222222,60.222222222,589
14,2037,53,60.222222222,60.222222222,591
14,2037,54,60.222222222,60.222222222,591
14,2037,55,60.222222222,60.222222222,594
14,2037,56,60.222222222,60.222222222,595
14,2037,57,60.222222222,60.222222222,597
14,2037,58,60.222222222,60.222222222,597
14,2037,59,60.222222222,60.222222222,598
14,2037,60,60.222222222,60.222222222,599
14,2037,61,60.222222222,60.222222222,601
14,2037,62,60.222222222,60.222222222,602
14,2037,63,60.222222222,60.222222222,605
14,2037,64,60.222222222,60.222222222,606
14,2037,65,60.222222222,60.222222222,606
14,2037,66,60.222222222,60.222222222,606
14,2037,67,60.222222222,60.222222222,606
14,2037,68,60.222222222,60.222222222,606
14,2037,69,60.222222222,60.222222222,607
14,2037,70,60.222222222,60.222222222,609
14,2037,71,60.222222222,60.222222222,609
14,2037,72,60.222222222,60.222222222,609
14,2037,73,60.222222222,60.222222222,612
14,2037,74,60.222222222,60.222222222,613
14,2037,75,60.222222222,60.222222222,614
14,2037,76,60.222222222,60.222222222,616
14,2037,77,60.222222222,60.222222222,617
14,2037,78,60.222222222,60.222222222,618
14,2037,79,60.222222222,60.222222222,620
14,2037,80,60.222222222,60.222222222,622
14,2037,81,60.222222222,60.222222222,623
14,2037,82,60.222222222,60.222222222,625
14,2037,83,60.222222222,60.222222222,625
14,2037,84,60.222222222,60.222222222,625
14,2037,85,60.222222222,60.222222222,625
14,2037,86,60.222222222,60.222222222,627
14,2037,87,60.222222222,60.222222222,627
14,2037,88,60.222222222,60.222222222,627
14,2037,89,60.222222222,60.222222222,627
14,2037,90,60.222222222,60.222222222,627
14,2037,91,60.222222222,60.222222222,628
14,2037,92,60.222222222,60.222222222,630
14,2037,93,60.222222222,60.222222222,630
14,2037,94,60.222222222,60.222222222,631
14,2037,95,60.222222222,60.222222222,632
14,2037,96,60.222222222,60.222222222,632
14,2037,97,60.222222222,60.222222222,633
14,2037,98,60.222222222,60.222222222,634
14,2037,99,60.222222222,60.222222222,634
14,2037,100,60.222222222,60.222222222,635
14,2037,101,60.222222222,60.222222222,636
14,2037,102,60.222222222,60.222222222,637
14,2037,103,60.222222222,60.222222222,638
14,2037,104,60.222222222,60.222222222,638
14,2037,105,60.222222222,60.222222222,638
14,2037,106,60.222222222,60.222222222,638
14,2037,107,60.222222222,60.222222222,638
14,2037,108,60.222222222,60.222222222,638
14,2037,109,60.222222222,60.222222222,638
14,2037,110,60.222222222,60.222222222,640
14,2037,111,60.222222222,60.222222222,641
14,2037,112,60.222222222,60.222222222,642
14,2037,113,60.222222222,60.222222222,642
14,2037,114,60.222222222,60.222222222,642
14,2037,115,60.222222222,60.222222222,643
14,2037,116,60.222222222,60.222222222,643
14,2037,117,60.222222222,60.222222222,643
14,2037,118,60.222222222,60.222222222,643
14,2037,119,60.222222222,60.222222222,645
14,2037,120,60.222222222,60.222222222,645
14,2037,121,60.222222222,60.222222222,647
14,2037,122,60.222222222,60.222222222,647
14,2037,123,60.222222222,60.222222222,647
14,2037,124,60.222222222,60.222222222,648
14,2037,125,60.222222222,60.222222222,648
14,2037,126,60.222222222,60.222222222,648
14,2037,127,60.222222222,60.222222222,648
14,2037,128,60.222222222,60.222222222,649
14,2037,129,60.222222222,60.222222222,652
14,2037,130,60.222222222,60.222222222,652
14,2037,131,60.222222222,60.222222222,652
14,2037,132,60.222222222,60.222222222,652
14,2037,133,60.222222222,60.222222222,652
14,2037,134,60.222222222,60.222222222,653
14,2037,135,60.222222222,60.222222222,654
14,2037,136,60.222222222,60.222222222,657
14,2037,137,60.222222222,60.222222222,657
14,2037,138,60.222222222,60.222222222,657
14,2037,139,60.222222222,60.222222222,657
14,2037,140,60.222222222,60.222222222,659
14,2037,141,60.222222222,60.222222222,659
14,2037,142,60.222222222,60.222222222,660
14,2037,143,60.222222222,60.222222222,660
14,2037,144,60.222222222,60.222222222,662
14,2037,145,60.222222222,60.222222222,662
14,2037,146,60.222222222,60.222222222,662
14,2037,147,60.222222222,60.222222222,662
14,2037,148,60.222222222,60.222222222,663
14,2037,149,60.222222222,60.222222222,663
14,2037,150,60.222222222,60.222222222,663
14,2037,151,60.222222222,60.222222222,663
14,2037,152,60.222222222,60.222222222,663
14,2037,153,60.222222222,60.222222222,663
14,2037,154,60.222222222,60.222222222,663
14,2037,155,60.222222222,60.222222222,664
14,2037,156,60.222222222,60.222222222,665
14,2037,157,60.222222222,60.222222222,665
14,2037,158,60.222222222,60.222222222,665
14,2037,159,60.222222222,60.222222222,665
14,2037,160,60.222222222,60.222222222,665
14,2037,161,60.222222222,60.222222222,665
14,2037,162,60.222222222,60.222222222,666
14,2037,163,60.222222222,60.222222222,667
14,2037,164,60.222222222,60.222222222,667
14,2037,165,60.222222222,60.222222222,668
14,2037,166,60.222222222,60.222222222,668
14,2037,167,60.222222222,60.222222222,668
14,2037,168,60.222222222,60.222222222,668
14,2037,169,60.222222222,60.222222222,669
14,2037,170,60.222222222,60.222222222,669
14,2037,171,60.222222222,60.222222222,669
14,2037,172,60.222222222,60.222222222,669
14,2037,173,60.222222222,60.222222222,669
14,2037,174,60.222222222,60.222222222,670
14,2037,175,60.222222222,60.222222222,670
14,2037,176,60.222222222,60.222222222,670
14,2037,177,60.222222222,60.222222222,670
14,2037,178,60.222222222,60.222222222,670
14,2037,179,60.222222222,60.222222222,670
14,2037,180,60.222222222,60.222222222,671
14,2037,181,60.222222222,60.222222222,671
14,2037,182,60.222222222,60.222222222,671
14,2037,183,60.222222222,60.222222222,671
14,2037,184,60.222222222,60.222222222,671
14,2037,185,60.222222222,60.222222222,672
14,2037,186,60.222222222,60.222222222,672
14,2037,187,60.222222222,60.222222222,672
14,2037,188,60.222222222,60.222222222,673
14,2037,189,60.222222222,60.222222222,673
14,2037,190,60.222222222,60.222222222,675
14,2037,191,60.222222222,60.222222222,675
14,2037,192,60.222222222,60.222222222,675
14,2037,193,60.222222222,60.222222222,675
14,2037,194,60.222222222,60.222222222,675
14,2037,195,60.222222222,60.222222222,675
14,2037,196,60.222222222,60.222222222,675
14,2037,197,60.222222222,60.222222222,677
14,2037,198,60.222222222,60.222222222,678
14,2037,199,60.222222222,60.222222222,678
14,2037,200,60.222222222,60.222222222,679
15,2038,0,46.186556927,46.186556927,100
15,2038,1,50.137174211,50.137174211,182
15,2038,2,50.137174211,50.137174211,254
15,2038,3,52.304526749,52.304526749,315
15,2038,4,52.962962963,52.962962963,361
15,2038,5,53.338820302,53.338820302,395
15,2038,6,54.477366255,54.477366255,411
15,2038,7,55.50617284,55.50617284,430
15,2038,8,57.679012346,57.679012346,447
15,2038,9,57.679012346,57.679012346,468
15,2038,10,58.049382716,58.049382716,483
15,2038,11,60.222222222,60.222222222,499
15,2038,12,60.222222222,60.222222222,511
15,2038,13,60.222222222,60.222222222,521
15,2038,14,60.222222222,60.222222222,524
15,2038,15,60.222222222,60.222222222,531
15,2038,16,60.222222222,60.222222222,535
15,2038,17,60.222222222,60.222222222,536
15,2038,18,60.222222222,60.222222222,539
15,2038,19,60.222222222,60.222222222,542
15,2038,20,60.222222222,60.222222222,542
15,2038,21,60.222222222,60.222222222,545
15,2038,22,60.222222222,60.222222222,547
15,2038,23,60.222222222,60.222222222,549
15,2038,24,60.222222222,60.222222222,553
15,2038,25,60.222222222,60.222222222,553
15,2038,26,60.222222222,60.222222222,555
15,2038,27,60.222222222,60.222222222,558
15,2038,28,60.222222222,60.222222222,562
15,2038,29,60.222222222,60.222222222,564
15,2038,30,60.222222222,60.222222222,566
15,2038,31,60.222222222,60.222222222,568
15,2038,32,60.222222222,60.222222222,569
15,2038,33,60.222222222,60.222222222,570
15,2038,34,60.222222222,60.222222222,571
15,2038,35,60.222222222,60.222222222,572
15,2038,36,60.222222222,60.222222222,575
15,2038,37,60.222222222,60.222222222,578
15,2038,38,60.222222222,60.222222222,578
15,2038,39,60.222222222,60.222222222,578
15,2038,40,60.222222222,60.222222222,580
15,2038,41,60.222222222,60.222222222,581
15,2038,42,60.222222222,60.222222222,581
15,2038,43,60.222222222,60.222222222,582
15,2038,44,60.222222222,60.222222222,583
15,2038,45,60.222222222,60.222222222,585
15,2038,46,60.222222222,60.222222222,587
15,2038,47,60.222222222,60.222222222,590
15,2038,48,60.222222222,60.222222222,591
15,2038,49,60.222222222,60.222222222,593
15,2038,50,60.222222222,60.222222222,595
15,2038,51,60.222222222,60.222222222,598
15,2038,52,60.222222222,60.222222222,598
15,2038,53,60.222222222,60.222222222,600
15,2038,54,60.222222222,60.222222222,603
15,2038,55,60.222222222,60.222222222,604
15,2038,56,60.222222222,60.222222222,605
15,2038,57,60.222222222,60.222222222,606
15,2038,58,60.222222222,60.222222222,608
15,2038,59,60.222222222,60.222222222,609
15,2038,60,60.222222222,60.222222222,610
15,2038,61,60.222222222,60.222222222,611
15,2038,62,60.222222222,60.222222222,612
15,2038,63,60.222222222,60.222222222,612
15,2038,64,60.222222222,60.222222222,612
15,2038,65,60.222222222,60.222222222,613
15,2038,66,60.222222222,60.222222222,613
15,2038,67,60.222222222,60.222222222,615
15,2038,68,60.222222222,60.222222222,618
15,2038,69,60.222222222,60.222222222,619
15,2038,70,60.222222222,60.222222222,619
15,2038,71,60.222222222,60.222222222,620
15,2038,72,60.222222222,60.222222222,622
15,2038,73,60.222222222,60.222222222,624
15,2038,74,60.222222222,60.222222222,626
15,2038,75,60.222222222,60.222222222,626
15,2038,76,60.222222222,60.222222222,627
15,2038,77,60.222222222,60.222222222,627
15,2038,78,60.222222222,60.222222222,628
15,2038,79,60.222222222,60.222222222,629
15,2038,80,60.222222222,60.222222222,631
15,2038,81,60.222222222,60.222222222,632
15,2038,82,60.222222222,60.222222222,632
15,2038,83,60.222222222,60.222222222,633
15,2038,84,60.222222222,60.222222222,634
15,2038,85,60.222222222,60.222222222,636
15,2038,86,60.222222222,60.222222222,637
15,2038,87,60.222222222,60.222222222,637
15,2038,88,60.222222222,60.222222222,637
15,2038,89,60.222222222,60.222222222,637
15,2038,90,60.222222222,60.222222222,637
15,2038,91,60.222222222,60.222222222,638
15,2038,92,60.222222222,60.222222222,639
15,2038,93,60.222222222,60.222222222,640
15,2038,94,60.222222222,60.222222222,640
15,2038,95,60.222222222,60.222222222,640
15,2038,96,60.222222222,60.222222222,640
15,2038,97,60.222222222,60.222222222,642
15,2038,98,60.222222222,60.222222222,642
15,2038,99,60.222222222,60.222222222,644
15,2038,100,60.222222222,60.222222222,644
15,2038,101,60.222222222,60.222222222,644
15,2038,102,60.222222222,60.222222222,644
15,2038,103,60.222222222,60.222222222,645
15,2038,104,60.222222222,60.222222222,646
15,2038,105,60.222222222,60.222222222,646
15,2038,106,60.222222222,60.222222222,646
15,2038,107,60.222222222,60.222222222,646
15,2038,108,60.222222222,60.222222222,646
15,2038,109,60.222222222,60.222222222,647
15,2038,110,60.222222222,60.222222222,648
15,2038,111,60.222222222,60.222222222,650
15,2038,112,60.222222222,60.222222222,651
15,2038,113,60.222222222,60.222222222,652
15,2038,114,60.222222222,60.222222222,652
15,2038,115,60.222222222,60.222222222,653
15,2038,116,60.222222222,60.222222222,656
15,2038,117,60.222222222,60.222222222,656
15,2038,118,60.222222222,60.222222222,657
15,2038,119,60.222222222,60.222222222,658
15,2038,120,60.222222222,60.222222222,658
15,2038,121,60.222222222,60.222222222,659
15,2038,122,60.222222222,60.222222222,660
15,2038,123,60.222222222,60.222222222,660
15,2038,124,60.222222222,60.222222222,661
15,2038,125,60.222222222,60.222222222,662
15,2038,126,60.222222222,60.222222222,662
15,2038,127,60.222222222,60.222222222,663
15,2038,128,60.222222222,60.222222222,663
15,2038,129,60.222222222,60.222222222,664
15,2038,130,60.222222222,60.222222222,664
15,2038,131,60.222222222,60.222222222,664
15,2038,132,60.222222222,60.222222222,664
15,2038,133,60.222222222,60.222222222,664
15,2038,134,60.222222222,60.222222222,666
15,2038,135,60.222222222,60.222222222,666
15,2038,136,60.222222222,60.222222222,666
15,2038,137,60.222222222,60.222222222,666
15,2038,138,60.222222222,60.222222222,667
15,2038,139,60.222222222,60.222222222,667
15,2038,140,60.222222222,60.222222222,667
15,2038,141,60.222222222,60.222222222,667
15,2038,142,60.222222222,60.222222222,667
15,2038,143,60.222222222,60.222222222,668
15,2038,144,60.222222222,60.222222222,669
15,2038,145,60.222222222,60.222222222,669
15,2038,146,60.222222222,60.222222222,670
15,2038,147,60.222222222,60.222222222,670
15,2038,148,60.222222222,60.222222222,671
15,2038,149,60.222222222,60.222222222,672
15,2038,150,60.222222222,60.222222222,672
15,2038,151,60.222222222,60.222222222,672
15,2038,152,60.222222222,60.222222222,673
15,2038,153,60.222222222,60.222222222,674
15,2038,154,60.222222222,60.222222222,674
15,2038,155,60.222222222,60.222222222,674
15,2038,156,60.222222222,60.222222222,674
15,2038,157,60.222222222,60.222222222,674
15,2038,158,60.222222222,60.222222222,674
15,2038,159,60.222222222,60.222222222,674
15,2038,160,60.222222222,60.222222222,674
15,2038,161,60.222222222,60.222222222,674
15,2038,162,60.222222222,60.222222222,674
15,2038,163,60.222222222,60.222222222,675
15,2038,164,60.222222222,60.222222222,675
15,2038,165,60.222222222,60.222222222,677
15,2038,166,60.222222222,60.222222222,677
15,2038,167,60.222222222,60.222222222,677
15,2038,168,60.222222222,60.222222222,677
15,2038,169,60.222222222,60.222222222,678
15,2038,170,60.222222222,60.222222222,679
15,2038,171,60.222222222,60.222222222,680
15,2038,172,60.222222222,60.222222222,680
15,2038,173,60.222222222,60.222222222,681
15,2038,174,60.222222222,60.222222222,681
15,2038,175,60.222222222,60.222222222,681
15,2038,176,60.222222222,60.222222222,681
15,2038,177,60.222222222,60.222222222,681
15,2038,178,60.222222222,60.222222222,681
15,2038,179,60.222222222,60.222222222,681
15,2038,180,60.222222222,60.222222222,682
15,2038,181,60.222222222,60.222222222,682
15,2038,182,60.222222222,60.222222222,682
15,2038,183,60.222222222,60.222222222,683
15,2038,184,60.222222222,60.222222222,684
15,2038,185,60.222222222,60.222222222,685
15,2038,186,60.222222222,60.222222222,685
15,2038,187,60.222222222,60.222222222,685
15,2038,188,60.222222222,60.222222222,685
15,2038,189,60.222222222,60.222222222,685
15,2038,190,60.222222222,60.222222222,685
15,2038,191,60.222222222,60.222222222,685
15,2038,192,60.222222222,60.222222222,685
15,2038,193,60.222222222,60.222222222,685
15,2038,194,60.222222222,60.222222222,686
15,2038,195,60.222222222,60.222222222,686
15,2038,196,60.222222222,60.222222222,687
15,2038,197,60.222222222,60.222222222,687
15,2038,198,60.222222222,60.222222222,687
15,2038,199,60.222222222,60.222222222,687
15,2038,200,60.222222222,60.222222222,687
16,2039,0,27.092076072,27.092076072,100
16,2039,1,29.263831733,29.263831733,178
16,2039,2,30.27587258,30.27587258,238
16,2039,3,41.893004115,41.893004115,290
16,2039,4,41.893004115,41.893004115,329
16,2039,5,50.705075446,50.705075446,371
16,2039,6,55.259259259,55.259259259,400
16,2039,7,55.259259259,55.259259259,417
16,2039,8,55.50617284,55.50617284,434
16,2039,9,58.049382716,58.049382716,449
16,2039,10,58.049382716,58.049382716,462
16,2039,11,58.049382716,58.049382716,480
16,2039,12,58.049382716,58.049382716,496
16,2039,13,60.222222222,60.222222222,505
16,2039,14,60.222222222,60.222222222,514
16,2039,15,60.222222222,60.222222222,516
16,2039,16,60.222222222,60.222222222,522
16,2039,17,60.222222222,60.222222222,530
16,2039,18,60.222222222,60.222222222,537
16,2039,19,60.222222222,60.222222222,540
16,2039,20,60.222222222,60.222222222,544
16,2039,21,60.222222222,60.222222222,548
16,2039,22,60.222222222,60.222222222,553
16,2039,23,60.222222222,60.222222222,559
16,2039,24,60.222222222,60.222222222,561
16,2039,25,60.222222222,60.222222222,563
16,2039,26,60.222222222,60.222222222,565
16,2039,27,60.222222222,60.222222222,570
16,2039,28,60.222222222,60.222222222,574
16,2039,29,60.222222222,60.222222222,576
16,2039,30,60.222222222,60.222222222,581
16,2039,31,60.222222222,60.222222222,581
16,2039,32,60.222222222,60.222222222,583
16,2039,33,60.222222222,60.222222222,587
16,2039,34,60.222222222,60.222222222,588
16,2039,35,60.222222222,60.222222222,591
16,2039,36,60.222222222,60.222222222,593
16,2039,37,60.222222222,60.222222222,594
16,2039,38,60.222222222,60.222222222,596
16,2039,39,60.222222222,60.222222222,600
16,2039,40,60.222222222,60.222222222,606
16,2039,41,60.222222222,60.222222222,606
16,2039,42,60.222222222,60.222222222,608
16,2039,43,60.222222222,60.222222222,610
16,2039,44,60.222222222,60.222222222,611
16,2039,45,60.222222222,60.222222222,612
16,2039,46,60.222222222,60.222222222,614
16,2039,47,60.222222222,60.222222222,616
16,2039,48,60.222222222,60.222222222,618
16,2039,49,60.222222222,60.222222222,619
16,2039,50,60.222222222,60.222222222,619
16,2039,51,60.222222222,60.222222222,619
16,2039,52,60.222222222,60.222222222,620
16,2039,53,60.222222222,60.222222222,621
16,2039,54,60.222222222,60.222222222,622
16,2039,55,60.222222222,60.222222222,623
16,2039,56,60.222222222,60.222222222,625
16,2039,57,60.222222222,60.222222222,625
16,2039,58,60.222222222,60.222222222,626
16,2039,59,60.222222222,60.222222222,626
16,2039,60,60.222222222,60.222222222,627
16,2039,61,60.222222222,60.222222222,627
16,2039,62,60.222222222,60.222222222,627
16,2039,63,60.222222222,60.222222222,629
16,2039,64,60.222222222,60.222222222,629
16,2039,65,60.222222222,60.222222222,629
16,2039,66,60.222222222,60.222222222,629
16,2039,67,60.222222222,60.222222222,629
16,2039,68,60.222222222,60.222222222,631
16,2039,69,60.222222222,60.222222222,633
16,2039,70,60.222222222,60.222222222,634
16,2039,71,60.222222222,60.222222222,635
16,2039,72,60.222222222,60.222222222,635
16,2039,73,60.222222222,60.222222222,637
16,2039,74,60.222222222,60.222222222,638
16,2039,75,60.222222222,60.222222222,638
16,2039,76,60.222222222,60.222222222,638
16,2039,77,60.222222222,60.222222222,639
16,2039,78,60.222222222,60.222222222,639
16,2039,79,60.222222222,60.222222222,639
16,2039,80,60.222222222,60.222222222,639
16,2039,81,60.222222222,60.222222222,639
16,2039,82,60.222222222,60.222222222,640
16,2039,83,60.222222222,60.222222222,640
16,2039,84,60.222222222,60.222222222,640
16,2039,85,60.222222222,60.222222222,640
16,2039,86,60.222222222,60.222222222,641
16,2039,87,60.222222222,60.222222222,641
16,2039,88,60.222222222,60.222222222,641
16,2039,89,60.222222222,60.222222222,642
16,2039,90,60.222222222,60.222222222,642
16,2039,91,60.222222222,60.222222222,642
16,2039,92,60.222222222,60.222222222,643
16,2039,93,60.222222222,60.222222222,643
16,2039,94,60.222222222,60.222222222,643
16,2039,95,60.222222222,60.222222222,645
16,2039,96,60.222222222,60.222222222,645
16,2039,97,60.222222222,60.222222222,646
16,2039,98,60.222222222,60.222222222,646
16,2039,99,60.222222222,60.222222222,647
16,2039,100,60.222222222,60.222222222,647
16,2039,101,60.222222222,60.222222222,647
16,2039,102,60.222222222,60.222222222,647
16,2039,103,60.222222222,60.222222222,648
16,2039,104,60.222222222,60.222222222,648
16,2039,105,60.222222222,60.222222222,648
16,2039,106,60.222222222,60.222222222,649
16,2039,107,60.222222222,60.222222222,649
16,2039,108,60.222222222,60.222222222,650
16,2039,109,60.222222222,60.222222222,652
16,2039,110,60.222222222,60.222222222,653
16,2039,111,60.222222222,60.222222222,654
16,2039,112,60.222222222,60.222222222,655
16,2039,113,60.222222222,60.222222222,657
16,2039,114,60.222222222,60.222222222,657
16,2039,115,60.222222222,60.222222222,658
16,2039,116,60.222222222,60.222222222,658
16,2039,117,60.222222222,60.222222222,658
16,2039,118,60.222222222,60.222222222,658
16,2039,119,60.222222222,60.222222222,658
16,2039,120,60.222222222,60.222222222,659
16,2039,121,60.222222222,60.222222222,660
16,2039,122,60.222222222,60.222222222,660
16,2039,123,60.222222222,60.222222222,660
16,2039,124,60.222222222,60.222222222,660
16,2039,125,60.222222222,60.222222222,661
16,2039,126,60.222222222,60.222222222,661
16,2039,127,60.222222222,60.222222222,662
16,2039,128,60.222222222,60.222222222,663
16,2039,129,60.222222222,60.222222222,664
16,2039,130,60.222222222,60.222222222,664
16,2039,131,60.222222222,60.222222222,665
16,2039,132,60.222222222,60.222222222,665
16,2039,133,60.222222222,60.222222222,665
16,2039,134,60.222222222,60.222222222,665
16,2039,135,60.222222222,60.222222222,665
16,2039,136,60.222222222,60.222222222,666
16,2039,137,60.222222222,60.222222222,666
16,2039,138,60.222222222,60.222222222,667
16,2039,139,60.222222222,60.222222222,667
16,2039,140,60.222222222,60.222222222,667
16,2039,141,60.222222222,60.222222222,667
16,2039,142,60.222222222,60.222222222,667
16,2039,143,60.222222222,60.222222222,668
16,2039,144,60.222222222,60.222222222,668
16,2039,145,60.222222222,60.222222222,668
16,2039,146,60.222222222,60.222222222,668
16,2039,147,60.222222222,60.222222222,670
16,2039,148,60.222222222,60.222222222,670
16,2039,149,60.222222222,60.222222222,670
16,2039,150,60.222222222,60.222222222,670
16,2039,151,60.222222222,60.222222222,670
16,2039,152,60.222222222,60.222222222,670
16,2039,153,60.222222222,60.222222222,670
16,2039,154,60.222222222,60.222222222,671
16,2039,155,60.222222222,60.222222222,671
16,2039,156,60.222222222,60.222222222,671
16,2039,157,60.222222222,60.222222222,672
16,2039,158,60.222222222,60.222222222,672
16,2039,159,60.222222222,60.222222222,672
16,2039,160,60.222222222,60.222222222,672
16,2039,161,60.222222222,60.222222222,672
16,2039,162,60.222222222,60.222222222,673
16,2039,163,60.222222222,60.222222222,673
16,2039,164,60.222222222,60.222222222,673
16,2039,165,60.222222222,60.222222222,673
16,2039,166,60.222222222,60.222222222,673
16,2039,167,60.222222222,60.222222222,673
16,2039,168,60.222222222,60.222222222,674
16,2039,169,60.222222222,60.222222222,674
16,2039,170,60.222222222,60.222222222,676
16,2039,171,60.222222222,60.222222222,676
16,2039,172,60.222222222,60.222222222,676
16,2039,173,60.222222222,60.222222222,677
16,2039,174,60.222222222,60.222222222,677
16,2039,175,60.222222222,60.222222222,678
16,2039,176,60.222222222,60.222222222,679
16,2039,177,60.222222222,60.222222222,679
16,2039,178,60.222222222,60.222222222,679
16,2039,179,60.222222222,60.222222222,679
16,2039,180,60.222222222,60.222222222,679
16,2039,181,60.222222222,60.222222222,679
16,2039,182,60.222222222,60.222222222,679
16,2039,183,60.222222222,60.222222222,680
16,2039,184,60.222222222,60.222222222,682
16,2039,185,60.222222222,60.222222222,684
16,2039,186,60.222222222,60.222222222,685
16,2039,187,60.222222222,60.222222222,685
16,2039,188,60.222222222,60.222222222,686
16,2039,189,60.222222222,60.222222222,686
16,2039,190,60.222222222,60.222222222,686
16,2039,191,60.222222222,60.222222222,687
16,2039,192,60.222222222,60.222222222,688
16,2039,193,60.222222222,60.222222222,688
16,2039,194,60.222222222,60.222222222,688
16,2039,195,60.222222222,60.222222222,689
16,2039,196,60.222222222,60.222222222,691
16,2039,197,60.222222222,60.222222222,693
16,2039,198,60.222222222,60.222222222,693
16,2039,199,60.222222222,60.222222222,693
16,2039,200,60.222222222,60.222222222,693
17,2040,0,39.301935681,39.301935681,100
17,2040,1,39.301935681,39.301935681,174
17,2040,2,44.656302393,44.656302393,238
17,2040,3,52.927297668,52.927297668,290
17,2040,4,52.927297668,52.927297668,326
17,2040,5,52.927297668,52.927297668,354
17,2040,6,55.50617284,55.50617284,379
17,2040,7,55.50617284,55.50617284,391
17,2040,8,55.50617284,55.50617284,405
17,2040,9,57.020576132,57.020576132,417
17,2040,10,58.049382716,58.049382716,422
17,2040,11,58.049382716,58.049382716,431
17,2040,12,60.222222222,60.222222222,441
17,2040,13,60.222222222,60.222222222,453
17,2040,14,60.222222222,60.222222222,459
17,2040,15,60.222222222,60.222222222,472
17,2040,16,60.222222222,60.222222222,473
17,2040,17,60.222222222,60.222222222,475
17,2040,18,60.222222222,60.222222222,483
17,2040,19,60.222222222,60.222222222,484
17,2040,20,60.222222222,60.222222222,486
17,2040,21,60.222222222,60.222222222,491
17,2040,22,60.222222222,60.222222222,493
17,2040,23,60.222222222,60.222222222,495
17,2040,24,60.222222222,60.222222222,501
17,2040,25,60.222222222,60.222222222,502
17,2040,26,60.222222222,60.222222222,506
17,2040,27,60.222222222,60.222222222,507
17,2040,28,60.222222222,60.222222222,510
17,2040,29,60.222222222,60.222222222,513
17,2040,30,60.222222222,60.222222222,514
17,2040,31,60.222222222,60.222222222,517
17,2040,32,60.222222222,60.222222222,520
17,2040,33,60.222222222,60.222222222,524
17,2040,34,60.222222222,60.222222222,526
17,2040,35,60.222222222,60.222222222,528
17,2040,36,60.222222222,60.222222222,532
17,2040,37,60.222222222,60.222222222,535
17,2040,38,60.222222222,60.222222222,537
17,2040,39,60.222222222,60.222222222,538
17,2040,40,60.222222222,60.222222222,539
17,2040,41,60.222222222,60.222222222,539
17,2040,42,60.222222222,60.222222222,540
17,2040,43,60.222222222,60.222222222,542
17,2040,44,60.222222222,60.222222222,544
17,2040,45,60.222222222,60.222222222,547
17,2040,46,60.222222222,60.222222222,550
17,2040,47,60.222222222,60.222222222,551
17,2040,48,60.222222222,60.222222222,553
17,2040,49,60.222222222,60.222222222,554
17,2040,50,60.222222222,60.222222222,555
17,2040,51,60.222222222,60.222222222,556
17,2040,52,60.222222222,60.222222222,556
17,2040,53,60.222222222,60.222222222,556
17,2040,54,60.222222222,60.222222222,559
17,2040,55,60.222222222,60.222222222,561
17,2040,56,60.222222222,60.222222222,562
17,2040,57,60.222222222,60.222222222,562
17,2040,58,60.222222222,60.222222222,562
17,2040,59,60.222222222,60.222222222,564
17,2040,60,60.222222222,60.222222222,564
17,2040,61,60.222222222,60.222222222,566
17,2040,62,60.222222222,60.222222222,567
17,2040,63,60.222222222,60.222222222,570
17,2040,64,60.222222222,60.222222222,570
17,2040,65,60.222222222,60.222222222,572
17,2040,66,60.222222222,60.222222222,573
17,2040,67,60.222222222,60.222222222,574
17,2040,68,60.222222222,60.222222222,574
17,2040,69,60.222222222,60.222222222,575
17,2040,70,60.222222222,60.222222222,576
17,2040,71,60.222222222,60.222222222,578
17,2040,72,60.222222222,60.222222222,579
17,2040,73,60.222222222,60.222222222,580
17,2040,74,60.222222222,60.222222222,581
17,2040,75,60.222222222,60.222222222,583
17,2040,76,60.222222222,60.222222222,584
17,2040,77,60.222222222,60.222222222,585
17,2040,78,60.222222222,60.222222222,586
17,2040,79,60.222222222,60.222222222,587
17,2040,80,60.222222222,60.222222222,588
17,2040,81,60.222222222,60.222222222,590
17,2040,82,60.222222222,60.222222222,590
17,2040,83,60.222222222,60.222222222,592
17,2040,84,60.222222222,60.222222222,592
17,2040,85,60.222222222,60.222222222,594
17,2040,86,60.222222222,60.222222222,595
17,2040,87,60.222222222,60.222222222,595
17,2040,88,60.222222222,60.222222222,596
17,2040,89,60.222222222,60.222222222,597
17,2040,90,60.222222222,60.222222222,598
17,2040,91,60.222222222,60.222222222,599
17,2040,92,60.222222222,60.222222222,600
17,2040,93,60.222222222,60.222222222,602
17,2040,94,60.222222222,60.222222222,602
17,2040,95,60.222222222,60.222222222,603
17,2040,96,60.222222222,60.222222222,603
17,2040,97,60.222222222,60.222222222,603
17,2040,98,60.222222222,60.222222222,604
17,2040,99,60.222222222,60.222222222,605
17,2040,100,60.222222222,60.222222222,607
17,2040,101,60.222222222,60.222222222,608
17,2040,102,60.222222222,60.222222222,609
17,2040,103,60.222222222,60.222222222,609
17,2040,104,60.222222222,60.222222222,609
17,2040,105,60.222222222,60.222222222,609
17,2040,106,60.222222222,60.222222222,609
17,2040,107,60.222222222,60.222222222,610
17,2040,108,60.222222222,60.222222222,611
17,2040,109,60.222222222,60.222222222,611
17,2040,110,60.222222222,60.222222222,612
17,2040,111,60.222222222,60.222222222,612
17,2040,112,60.222222222,60.222222222,613
17,2040,113,60.222222222,60.222222222,613
17,2040,114,60.222222222,60.222222222,614
17,2040,115,60.222222222,60.222222222,614
17,2040,116,60.222222222,60.222222222,614
17,2040,117,60.222222222,60.222222222,614
17,2040,118,60.222222222,60.222222222,614
17,2040,119,60.222222222,60.222222222,614
17,2040,120,60.222222222,60.222222222,615
17,2040,121,60.222222222,60.222222222,615
17,2040,122,60.222222222,60.222222222,616
17,2040,123,60.222222222,60.222222222,617
17,2040,124,60.222222222,60.222222222,617
17,2040,125,60.222222222,60.222222222,617
17,2040,126,60.222222222,60.222222222,617
17,2040,127,60.222222222,60.222222222,617
17,2040,128,60.222222222,60.222222222,617
17,2040,129,60.222222222,60.222222222,617
17,2040,130,60.222222222,60.222222222,617
17,2040,131,60.222222222,60.222222222,618
17,2040,132,60.222222222,60.222222222,618
17,2040,133,60.222222222,60.222222222,618
17,2040,134,60.222222222,60.222222222,619
17,2040,135,60.222222222,60.222222222,620
17,2040,136,60.222222222,60.222222222,621
17,2040,137,60.222222222,60.222222222,622
17,2040,138,60.222222222,60.222222222,622
17,2040,139,60.222222222,60.222222222,622
17,2040,140,60.222222222,60.222222222,622
17,2040,141,60.222222222,60.222222222,622
17,2040,142,60.222222222,60.222222222,622
17,2040,143,60.222222222,60.222222222,623
17,2040,144,60.222222222,60.222222222,624
17,2040,145,60.222222222,60.222222222,624
17,2040,146,60.222222222,60.222222222,625
17,2040,147,60.222222222,60.222222222,625
17,2040,148,60.222222222,60.222222222,626
17,2040,149,60.222222222,60.222222222,626
17,2040,150,60.222222222,60.222222222,628
17,2040,151,60.222222222,60.222222222,628
17,2040,152,60.222222222,60.222222222,628
17,2040,153,60.222222222,60.222222222,629
17,2040,154,60.222222222,60.222222222,629
17,2040,155,60.222222222,60.222222222,629
17,2040,156,60.222222222,60.222222222,630
17,2040,157,60.222222222,60.222222222,630
17,2040,158,60.222222222,60.222222222,630
17,2040,159,60.222222222,60.222222222,630
17,2040,160,60.222222222,60.222222222,630
17,2040,161,60.222222222,60.222222222,630
17,2040,162,60.222222222,60.222222222,631
17,2040,163,60.222222222,60.222222222,631
17,2040,164,60.222222222,60.222222222,631
17,2040,165,60.222222222,60.222222222,631
17,2040,166,60.222222222,60.222222222,631
17,2040,167,60.222222222,60.222222222,631
17,2040,168,60.222222222,60.222222222,631
17,2040,169,60.222222222,60.222222222,631
17,2040,170,60.222222222,60.222222222,631
17,2040,171,60.222222222,60.222222222,631
17,2040,172,60.222222222,60.222222222,631
17,2040,173,60.222222222,60.222222222,631
17,2040,174,60.222222222,60.222222222,631
17,2040,175,60.222222222,60.222222222,631
17,2040,176,60.222222222,60.222222222,631
17,2040,177,60.222222222,60.222222222,632
17,2040,178,60.222222222,60.222222222,632
17,2040,179,60.222222222,60.222222222,632
17,2040,180,60.222222222,60.222222222,632
17,2040,181,60.222222222,60.222222222,633
17,2040,182,60.222222222,60.222222222,633
17,2040,183,60.222222222,60.222222222,633
17,2040,184,60.222222222,60.222222222,633
17,2040,185,60.222222222,60.222222222,634
17,2040,186,60.222222222,60.222222222,635
17,2040,187,60.222222222,60.222222222,635
17,2040,188,60.222222222,60.222222222,635
17,2040,189,60.222222222,60.222222222,635
17,2040,190,60.222222222,60.222222222,636
17,2040,191,60.222222222,60.222222222,636
17,2040,192,60.222222222,60.222222222,636
17,2040,193,60.222222222,60.222222222,638
17,2040,194,60.222222222,60.222222222,638
17,2040,195,60.222222222,60.222222222,639
17,2040,196,60.222222222,60.222222222,639
17,2040,197,60.222222222,60.222222222,639
17,2040,198,60.222222222,60.222222222,639
17,2040,199,60.222222222,60.222222222,639
17,2040,200,60.222222222,60.222222222,639
18,2041,0,58.0,58.0,100
18,2041,1,58.049382716,58.049382716,166
18,2041,2,58.049382716,58.049382716,230
18,2041,3,58.049382716,58.049382716,273
18,2041,4,60.222222222,60.222222222,291
18,2041,5,60.222222222,60.222222222,307
18,2041,6,60.222222222,60.222222222,319
18,2041,7,60.222222222,60.222222222,321
18,2041,8,60.222222222,60.222222222,326
18,2041,9,60.222222222,60.222222222,332
18,2041,10,60.222222222,60.222222222,334
18,2041,11,60.222222222,60.222222222,338
18,2041,12,60.222222222,60.222222222,341
18,2041,13,60.222222222,60.222222222,344
18,2041,14,60.222222222,60.222222222,346
18,2041,15,60.222222222,60.222222222,350
18,2041,16,60.222222222,60.222222222,351
18,2041,17,60.222222222,60.222222222,352
18,2041,18,60.222222222,60.222222222,353
18,2041,19,60.222222222,60.222222222,354
18,2041,20,60.222222222,60.222222222,356
18,2041,21,60.222222222,60.222222222,359
18,2041,22,60.222222222,60.222222222,361
18,2041,23,60.222222222,60.222222222,362
18,2041,24,60.222222222,60.222222222,365
18,2041,25,60.222222222,60.222222222,365
18,2041,26,60.222222222,60.222222222,369
18,2041,27,60.222222222,60.222222222,372
18,2041,28,60.222222222,60.222222222,373
18,2041,29,60.222222222,60.222222222,377
18,2041,30,60.222222222,60.222222222,380
18,2041,31,60.222222222,60.222222222,380
18,2041,32,60.222222222,60.222222222,382
18,2041,33,60.222222222,60.222222222,385
18,2041,34,60.222222222,60.222222222,387
18,2041,35,60.222222222,60.222222222,387
18,2041,36,60.222222222,60.222222222,389
18,2041,37,60.222222222,60.222222222,390
18,2041,38,60.222222222,60.222222222,391
18,2041,39,60.222222222,60.222222222,391
18,2041,40,60.222222222,60.222222222,391
18,2041,41,60.222222222,60.222222222,392
18,2041,42,60.222222222,60.222222222,394
18,2041,43,60.222222222,60.222222222,394
18,2041,44,60.222222222,60.222222222,396
18,2041,45,60.222222222,60.222222222,396
18,2041,46,60.222222222,60.222222222,397
18,2041,47,60.222222222,60.222222222,401
18,2041,48,60.222222222,60.222222222,405
18,2041,49,60.222222222,60.222222222,407
18,2041,50,60.222222222,60.222222222,408
18,2041,51,60.222222222,60.222222222,410
18,2041,52,60.222222222,60.222222222,411
18,2041,53,60.222222222,60.222222222,411
18,2041,54,60.222222222,60.222222222,413
18,2041,55,60.222222222,60.222222222,414
18,2041,56,60.222222222,60.222222222,415
18,2041,57,60.222222222,60.222222222,416
18,2041,58,60.222222222,60.222222222,417
18,2041,59,60.222222222,60.222222222,417
18,2041,60,60.222222222,60.222222222,418
18,2041,61,60.222222222,60.222222222,418
18,2041,62,60.222222222,60.222222222,418
18,2041,63,60.222222222,60.222222222,418
18,2041,64,60.222222222,60.222222222,418
18,2041,65,60.222222222,60.222222222,419
18,2041,66,60.222222222,60.222222222,422
18,2041,67,60.222222222,60.222222222,424
18,2041,68,60.222222222,60.222222222,424
18,2041,69,60.222222222,60.222222222,425
18,2041,70,60.222222222,60.222222222,426
18,2041,71,60.222222222,60.222222222,427
18,2041,72,60.222222222,60.222222222,428
18,2041,73,60.222222222,60.222222222,429
18,2041,74,60.222222222,60.222222222,432
18,2041,75,60.222222222,60.222222222,432
18,2041,76,60.222222222,60.222222222,433
18,2041,77,60.222222222,60.222222222,433
18,2041,78,60.222222222,60.222222222,435
18,2041,79,60.222222222,60.222222222,435
18,2041,80,60.222222222,60.222222222,436
18,2041,81,60.222222222,60.222222222,436
18,2041,82,60.222222222,60.222222222,436
18,2041,83,60.222222222,60.222222222,438
18,2041,84,60.222222222,60.222222222,440
18,2041,85,60.222222222,60.222222222,440
18,2041,86,60.222222222,60.222222222,442
18,2041,87,60.222222222,60.222222222,442
18,2041,88,60.222222222,60.222222222,444
18,2041,89,60.222222222,60.222222222,444
18,2041,90,60.222222222,60.222222222,446
18,2041,91,60.222222222,60.222222222,447
18,2041,92,60.222222222,60.222222222,447
18,2041,93,60.222222222,60.222222222,447
18,2041,94,60.222222222,60.222222222,447
18,2041,95,60.222222222,60.222222222,448
18,2041,96,60.222222222,60.222222222,448
18,2041,97,60.222222222,60.222222222,449
18,2041,98,60.222222222,60.222222222,450
18,2041,99,60.222222222,60.222222222,452
18,2041,100,60.222222222,60.222222222,453
18,2041,101,60.222222222,60.222222222,454
18,2041,102,60.222222222,60.222222222,454
18,2041,103,60.222222222,60.222222222,454
18,2041,104,60.222222222,60.222222222,454
18,2041,105,60.222222222,60.222222222,455
18,2041,106,60.222222222,60.222222222,456
18,2041,107,60.222222222,60.222222222,456
18,2041,108,60.222222222,60.222222222,457
18,2041,109,60.222222222,60.222222222,458
18,2041,110,60.222222222,60.222222222,459
18,2041,111,60.222222222,60.222222222,459
18,2041,112,60.222222222,60.222222222,459
18,2041,113,60.222222222,60.222222222,460
18,2041,114,60.222222222,60.222222222,461
18,2041,115,60.222222222,60.222222222,462
18,2041,116,60.222222222,60.222222222,464
18,2041,117,60.222222222,60.222222222,465
18,2041,118,60.222222222,60.222222222,465
18,2041,119,60.222222222,60.222222222,466
18,2041,120,60.222222222,60.222222222,466
18,2041,121,60.222222222,60.222222222,467
18,2041,122,60.222222222,60.222222222,467
18,2041,123,60.222222222,60.222222222,467
18,2041,124,60.222222222,60.222222222,467
18,2041,125,60.222222222,60.222222222,468
18,2041,126,60.222222222,60.222222222,469
18,2041,127,60.222222222,60.222222222,469
18,2041,128,60.222222222,60.222222222,469
18,2041,129,60.222222222,60.222222222,469
18,2041,130,60.222222222,60.222222222,469
18,2041,131,60.222222222,60.222222222,469
18,2041,132,60.222222222,60.222222222,470
18,2041,133,60.222222222,60.222222222,473
18,2041,134,60.222222222,60.222222222,473
18,2041,135,60.222222222,60.222222222,473
18,2041,136,60.222222222,60.222222222,473
18,2041,137,60.222222222,60.222222222,474
18,2041,138,60.222222222,60.222222222,475
18,2041,139,60.222222222,60.222222222,475
18,2041,140,60.222222222,60.222222222,475
18,2041,141,60.222222222,60.222222222,475
18,2041,142,60.222222222,60.222222222,476
18,2041,143,60.222222222,60.222222222,476
18,2041,144,60.222222222,60.222222222,477
18,2041,145,60.222222222,60.222222222,477
18,2041,146,60.222222222,60.222222222,478
18,2041,147,60.222222222,60.222222222,479
18,2041,148,60.222222222,60.222222222,480
18,2041,149,60.222222222,60.222222222,481
18,2041,150,60.222222222,60.222222222,482
18,2041,151,60.222222222,60.222222222,482
18,2041,152,60.222222222,60.222222222,482
18,2041,153,60.222222222,60.222222222,484
18,2041,154,60.222222222,60.222222222,484
18,2041,155,60.222222222,60.222222222,484
18,2041,156,60.222222222,60.222222222,484
18,2041,157,60.222222222,60.222222222,485
18,2041,158,60.222222222,60.222222222,486
18,2041,159,60.222222222,60.222222222,487
18,2041,160,60.222222222,60.222222222,487
18,2041,161,60.222222222,60.222222222,488
18,2041,162,60.222222222,60.222222222,488
18,2041,163,60.222222222,60.222222222,488
18,2041,164,60.222222222,60.222222222,489
18,2041,165,60.222222222,60.222222222,489
18,2041,166,60.222222222,60.222222222,489
18,2041,167,60.222222222,60.222222222,490
18,2041,168,60.222222222,60.222222222,490
18,2041,169,60.222222222,60.222222222,490
18,2041,170,60.222222222,60.222222222,491
18,2041,171,60.222222222,60.222222222,491
18,2041,172,60.222222222,60.222222222,491
18,2041,173,60.222222222,60.222222222,491
18,2041,174,60.222222222,60.222222222,491
18,2041,175,60.222222222,60.222222222,491
18,2041,176,60.222222222,60.222222222,491
18,2041,177,60.222222222,60.222222222,492
18,2041,178,60.222222222,60.222222222,494
18,2041,179,60.222222222,60.222222222,494
18,2041,180,60.222222222,60.222222222,495
18,2041,181,60.222222222,60.222222222,495
18,2041,182,60.222222222,60.222222222,495
18,2041,183,60.222222222,60.222222222,495
18,2041,184,60.222222222,60.222222222,496
18,2041,185,60.222222222,60.222222222,496
18,2041,186,60.222222222,60.222222222,496
18,2041,187,60.222222222,60.222222222,496
18,2041,188,60.222222222,60.222222222,496
18,2041,189,60.222222222,60.222222222,496
18,2041,190,60.222222222,60.222222222,498
18,2041,191,60.222222222,60.222222222,498
18,2041,192,60.222222222,60.222222222,499
18,2041,193,60.222222222,60.222222222,499
18,2041,194,60.222222222,60.222222222,499
18,2041,195,60.222222222,60.222222222,499
18,2041,196,60.222222222,60.222222222,499
18,2041,197,60.222222222,60.222222222,499
18,2041,198,60.222222222,60.222222222,499
18,2041,199,60.222222222,60.222222222,499
18,2041,200,60.222222222,60.222222222,499
19,2042,0,41.620179851,41.620179851,100
19,2042,1,44.302697759,44.302697759,174
19,2042,2,46.524919982,46.524919982,222
19,2042,3,52.057613169,52.057613169,274
19,2042,4,52.057613169,52.057613169,312
19,2042,5,52.057613169,52.057613169,346
19,2042,6,52.716049383,52.716049383,367
19,2042,7,55.259259259,55.259259259,385
19,2042,8,55.259259259,55.259259259,407
19,2042,9,55.50617284,55.50617284,425
19,2042,10,57.802469136,57.802469136,439
19,2042,11,57.802469136,57.802469136,453
19,2042,12,58.049382716,58.049382716,471
19,2042,13,58.049382716,58.049382716,482
19,2042,14,58.049382716,58.049382716,489
19,2042,15,58.049382716,58.049382716,498
19,2042,16,60.222222222,60.222222222,502
19,2042,17,60.222222222,60.222222222,507
19,2042,18,60.222222222,60.222222222,511
19,2042,19,60.222222222,60.222222222,521
19,2042,20,60.222222222,60.222222222,530
19,2042,21,60.222222222,60.222222222,535
19,2042,22,60.222222222,60.222222222,539
19,2042,23,60.222222222,60.222222222,544
19,2042,24,60.222222222,60.222222222,548
19,2042,25,60.222222222,60.222222222,553
19,2042,26,60.222222222,60.222222222,557
19,2042,27,60.222222222,60.222222222,560
19,2042,28,60.222222222,60.222222222,562
19,2042,29,60.222222222,60.222222222,566
19,2042,30,60.222222222,60.222222222,570
19,2042,31,60.222222222,60.222222222,572
19,2042,32,60.222222222,60.222222222,572
19,2042,33,60.222222222,60.222222222,573
19,2042,34,60.222222222,60.222222222,575
19,2042,35,60.222222222,60.222222222,576
19,2042,36,60.222222222,60.222222222,578
19,2042,37,60.222222222,60.222222222,581
19,2042,38,60.222222222,60.222222222,585
19,2042,39,60.222222222,60.222222222,587
19,2042,40,60.222222222,60.222222222,587
19,2042,41,60.222222222,60.222222222,589
19,2042,42,60.222222222,60.222222222,590
19,2042,43,60.222222222,60.222222222,593
19,2042,44,60.222222222,60.222222222,596
19,2042,45,60.222222222,60.222222222,600
19,2042,46,60.222222222,60.222222222,602
19,2042,47,60.222222222,60.222222222,602
19,2042,48,60.222222222,60.222222222,604
19,2042,49,60.222222222,60.222222222,605
19,2042,50,60.222222222,60.222222222,606
19,2042,51,60.222222222,60.222222222,608
19,2042,52,60.222222222,60.222222222,608
19,2042,53,60.222222222,60.222222222,608
19,2042,54,60.222222222,60.222222222,610
19,2042,55,60.222222222,60.222222222,611
19,2042,56,60.222222222,60.222222222,612
19,2042,57,60.222222222,60.222222222,615
19,2042,58,60.222222222,60.222222222,616
19,2042,59,60.222222222,60.222222222,616
19,2042,60,60.222222222,60.222222222,617
19,2042,61,60.222222222,60.222222222,619
19,2042,62,60.222222222,60.222222222,620
19,2042,63,60.222222222,60.222222222,621
19,2042,64,60.222222222,60.222222222,625
19,2042,65,60.222222222,60.222222222,625
19,2042,66,60.222222222,60.222222222,625
19,2042,67,60.222222222,60.222222222,627
19,2042,68,60.222222222,60.222222222,627
19,2042,69,60.222222222,60.222222222,627
19,2042,70,60.222222222,60.222222222,627
19,2042,71,60.222222222,60.222222222,627
19,2042,72,60.222222222,60.222222222,628
19,2042,73,60.222222222,60.222222222,628
19,2042,74,60.222222222,60.222222222,629
19,2042,75,60.222222222,60.222222222,631
19,2042,76,60.222222222,60.222222222,631
19,2042,77,60.222222222,60.222222222,632
19,2042,78,60.222222222,60.222222222,633
19,2042,79,60.222222222,60.222222222,635
19,2042,80,60.222222222,60.222222222,635
19,2042,81,60.222222222,60.222222222,635
19,2042,82,60.222222222,60.222222222,637
19,2042,83,60.222222222,60.222222222,637
19,2042,84,60.222222222,60.222222222,637
19,2042,85,60.222222222,60.222222222,638
19,2042,86,60.222222222,60.222222222,638
19,2042,87,60.222222222,60.222222222,639
19,2042,88,60.222222222,60.222222222,639
19,2042,89,60.222222222,60.222222222,640
19,2042,90,60.222222222,60.222222222,641
19,2042,91,60.222222222,60.222222222,642
19,2042,92,60.222222222,60.222222222,644
19,2042,93,60.222222222,60.222222222,644
19,2042,94,60.222222222,60.222222222,644
19,2042,95,60.222222222,60.222222222,644
19,2042,96,60.222222222,60.222222222,644
19,2042,97,60.222222222,60.222222222,645
19,2042,98,60.222222222,60.222222222,645
19,2042,99,60.222222222,60.222222222,645
19,2042,100,60.222222222,60.222222222,645
19,2042,101,60.222222222,60.222222222,645
19,2042,102,60.222222222,60.222222222,645
19,2042,103,60.222222222,60.222222222,648
19,2042,104,60.222222222,60.222222222,649
19,2042,105,60.222222222,60.222222222,649
19,2042,106,60.222222222,60.222222222,650
19,2042,107,60.222222222,60.222222222,650
19,2042,108,60.222222222,60.222222222,651
19,2042,109,60.222222222,60.222222222,651
19,2042,110,60.222222222,60.222222222,651
19,2042,111,60.222222222,60.222222222,653
19,2042,112,60.222222222,60.222222222,653
19,2042,113,60.222222222,60.222222222,655
19,2042,114,60.222222222,60.222222222,655
19,2042,115,60.222222222,60.222222222,655
19,2042,116,60.222222222,60.222222222,655
19,2042,117,60.222222222,60.222222222,655
19,2042,118,60.222222222,60.222222222,655
19,2042,119,60.222222222,60.222222222,655
19,2042,120,60.222222222,60.222222222,656
19,2042,121,60.222222222,60.222222222,656
19,2042,122,60.222222222,60.222222222,657
19,2042,123,60.222222222,60.222222222,657
19,2042,124,60.222222222,60.222222222,659
19,2042,125,60.222222222,60.222222222,661
19,2042,126,60.222222222,60.222222222,661
19,2042,127,60.222222222,60.222222222,661
19,2042,128,60.222222222,60.222222222,661
19,2042,129,60.222222222,60.222222222,661
19,2042,130,60.222222222,60.222222222,661
19,2042,131,60.222222222,60.222222222,661
19,2042,132,60.222222222,60.222222222,661
19,2042,133,60.222222222,60.222222222,661
19,2042,134,60.222222222,60.222222222,662
19,2042,135,60.222222222,60.222222222,663
19,2042,136,60.222222222,60.222222222,663
19,2042,137,60.222222222,60.222222222,664
19,2042,138,60.222222222,60.222222222,665
19,2042,139,60.222222222,60.222222222,666
19,2042,140,60.222222222,60.222222222,668
19,2042,141,60.222222222,60.222222222,668
19,2042,142,60.222222222,60.222222222,668
19,2042,143,60.222222222,60.222222222,668
19,2042,144,60.222222222,60.222222222,669
19,2042,145,60.222222222,60.222222222,669
19,2042,146,60.222222222,60.222222222,669
19,2042,147,60.222222222,60.222222222,669
19,2042,148,60.222222222,60.222222222,669
19,2042,149,60.222222222,60.222222222,669
19,2042,150,60.222222222,60.222222222,669
19,2042,151,60.222222222,60.222222222,669
19,2042,152,60.222222222,60.222222222,670
19,2042,153,60.222222222,60.222222222,670
19,2042,154,60.222222222,60.222222222,670
19,2042,155,60.222222222,60.222222222,670
19,2042,156,60.222222222,60.222222222,670
19,2042,157,60.222222222,60.222222222,671
19,2042,158,60.222222222,60.222222222,671
19,2042,159,60.222222222,60.222222222,671
19,2042,160,60.222222222,60.222222222,671
19,2042,161,60.222222222,60.222222222,671
19,2042,162,60.222222222,60.222222222,673
19,2042,163,60.222222222,60.222222222,673
19,2042,164,60.222222222,60.222222222,673
19,2042,165,60.222222222,60.222222222,673
19,2042,166,60.222222222,60.222222222,674
19,2042,167,60.222222222,60.222222222,675
19,2042,168,60.222222222,60.222222222,675
19,2042,169,60.222222222,60.222222222,676
19,2042,170,60.222222222,60.222222222,676
19,2042,171,60.222222222,60.222222222,680
19,2042,172,60.222222222,60.222222222,680
19,2042,173,60.222222222,60.222222222,681
19,2042,174,60.222222222,60.222222222,681
19,2042,175,60.222222222,60.222222222,681
19,2042,176,60.222222222,60.222222222,683
19,2042,177,60.222222222,60.222222222,683
19,2042,178,60.222222222,60.222222222,683
19,2042,179,60.222222222,60.222222222,683
19,2042,180,60.222222222,60.222222222,683
19,2042,181,60.222222222,60.222222222,683
19,2042,182,60.222222222,60.222222222,683
19,2042,183,60.222222222,60.222222222,684
19,2042,184,60.222222222,60.222222222,684
19,2042,185,60.222222222,60.222222222,685
19,2042,186,60.222222222,60.222222222,687
19,2042,187,60.222222222,60.222222222,687
19,2042,188,60.222222222,60.222222222,687
19,2042,189,60.222222222,60.222222222,687
19,2042,190,60.222222222,60.222222222,687
19,2042,191,60.222222222,60.222222222,687
19,2042,192,60.222222222,60.222222222,687
19,2042,193,60.222222222,60.222222222,689
19,2042,194,60.222222222,60.222222222,689
19,2042,195,60.222222222,60.222222222,689
19,2042,196,60.222222222,60.222222222,689
19,2042,197,60.222222222,60.222222222,689
19,2042,198,60.222222222,60.222222222,689
19,2042,199,60.222222222,60.222222222,690
19,2042,200,60.222222222,60.222222222,690
20,2043,0,32.594624803,32.594624803,100
20,2043,1,32.594624803,32.594624803,172
20,2043,2,47.046181984,47.046181984,238
20,2043,3,47.046181984,47.046181984,285
20,2043,4,50.740740741,50.740740741,324
20,2043,5,55.827160494,55.827160494,367
20,2043,6,55.827160494,55.827160494,397
20,2043,7,55.827160494,55.827160494,413
20,2043,8,57.679012346,57.679012346,432
20,2043,9,60.222222222,60.222222222,452
20,2043,10,60.222222222,60.222222222,468
20,2043,11,60.222222222,60.222222222,487
20,2043,12,60.222222222,60.222222222,500
20,2043,13,60.222222222,60.222222222,513
20,2043,14,60.222222222,60.222222222,518
20,2043,15,60.222222222,60.222222222,522
20,2043,16,60.222222222,60.222222222,526
20,2043,17,60.222222222,60.222222222,528
20,2043,18,60.222222222,60.222222222,533
20,2043,19,60.222222222,60.222222222,536
20,2043,20,60.222222222,60.222222222,539
20,2043,21,60.222222222,60.222222222,545
20,2043,22,60.222222222,60.222222222,548
20,2043,23,60.222222222,60.222222222,551
20,2043,24,60.222222222,60.222222222,556
20,2043,25,60.222222222,60.222222222,559
20,2043,26,60.222222222,60.222222222,561
20,2043,27,60.222222222,60.222222222,562
20,2043,28,60.222222222,60.222222222,565
20,2043,29,60.222222222,60.222222222,565
20,2043,30,60.222222222,60.222222222,567
20,2043,31,60.222222222,60.222222222,567
20,2043,32,60.222222222,60.222222222,567
20,2043,33,60.222222222,60.222222222,567
20,2043,34,60.222222222,60.222222222,567
20,2043,35,60.222222222,60.222222222,571
20,2043,36,60.222222222,60.222222222,572
20,2043,37,60.222222222,60.222222222,574
20,2043,38,60.222222222,60.222222222,577
20,2043,39,60.222222222,60.222222222,580
20,2043,40,60.222222222,60.222222222,583
20,2043,41,60.222222222,60.222222222,585
20,2043,42,60.222222222,60.222222222,587
20,2043,43,60.222222222,60.222222222,589
20,2043,44,60.222222222,60.222222222,592
20,2043,45,60.222222222,60.222222222,594
20,2043,46,60.222222222,60.222222222,596
20,2043,47,60.222222222,60.222222222,598
20,2043,48,60.222222222,60.222222222,598
20,2043,49,60.222222222,60.222222222,600
20,2043,50,60.222222222,60.222222222,603
20,2043,51,60.222222222,60.222222222,607
20,2043,52,60.222222222,60.222222222,607
20,2043,53,60.222222222,60.222222222,608
20,2043,54,60.222222222,60.222222222,608
20,2043,55,60.222222222,60.222222222,611
20,2043,56,60.222222222,60.222222222,612
20,2043,57,60.222222222,60.222222222,614
20,2043,58,60.222222222,60.222222222,614
20,2043,59,60.222222222,60.222222222,616
20,2043,60,60.222222222,60.222222222,616
20,2043,61,60.222222222,60.222222222,616
20,2043,62,60.222222222,60.222222222,617
20,2043,63,60.222222222,60.222222222,619
20,2043,64,60.222222222,60.222222222,619
20,2043,65,60.222222222,60.222222222,619
20,2043,66,60.222222222,60.222222222,620
20,2043,67,60.222222222,60.222222222,621
20,2043,68,60.222222222,60.222222222,624
20,2043,69,60.222222222,60.222222222,625
20,2043,70,60.222222222,60.222222222,625
20,2043,71,60.222222222,60.222222222,626
20,2043,72,60.222222222,60.222222222,626
20,2043,73,60.222222222,60.222222222,628
20,2043,74,60.222222222,60.222222222,629
20,2043,75,60.222222222,60.222222222,630
20,2043,76,60.222222222,60.222222222,631
20,2043,77,60.222222222,60.222222222,632
20,2043,78,60.222222222,60.222222222,632
20,2043,79,60.222222222,60.222222222,633
20,2043,80,60.222222222,60.222222222,634
20,2043,81,60.222222222,60.222222222,634
20,2043,82,60.222222222,60.222222222,634
20,2043,83,60.222222222,60.222222222,635
20,2043,84,60.222222222,60.222222222,636
20,2043,85,60.222222222,60.222222222,636
20,2043,86,60.222222222,60.222222222,637
20,2043,87,60.222222222,60.222222222,638
20,2043,88,60.222222222,60.222222222,639
20,2043,89,60.222222222,60.222222222,640
20,2043,90,60.222222222,60.222222222,641
20,2043,91,60.222222222,60.222222222,641
20,2043,92,60.222222222,60.222222222,642
20,2043,93,60.222222222,60.222222222,642
20,2043,94,60.222222222,60.222222222,642
20,2043,95,60.222222222,60.222222222,642
20,2043,96,60.222222222,60.222222222,642
20,2043,97,60.222222222,60.222222222,642
20,2043,98,60.222222222,60.222222222,643
20,2043,99,60.222222222,60.222222222,643
20,2043,100,60.222222222,60.222222222,643
20,2043,101,60.222222222,60.222222222,644
20,2043,102,60.222222222,60.222222222,645
20,2043,103,60.222222222,60.222222222,645
20,2043,104,60.222222222,60.222222222,645
20,2043,105,60.222222222,60.222222222,645
20,2043,106,60.222222222,60.222222222,645
20,2043,107,60.222222222,60.222222222,646
20,2043,108,60.222222222,60.222222222,647
20,2043,109,60.222222222,60.222222222,647
20,2043,110,60.222222222,60.222222222,650
20,2043,111,60.222222222,60.222222222,651
20,2043,112,60.222222222,60.222222222,651
20,2043,113,60.222222222,60.222222222,651
20,2043,114,60.222222222,60.222222222,652
20,2043,115,60.222222222,60.222222222,653
20,2043,116,60.222222222,60.222222222,653
20,2043,117,60.222222222,60.222222222,653
20,2043,118,60.222222222,60.222222222,653
20,2043,119,60.222222222,60.222222222,653
20,2043,120,60.222222222,60.222222222,653
20,2043,121,60.222222222,60.222222222,653
20,2043,122,60.222222222,60.222222222,653
20,2043,123,60.222222222,60.222222222,655
20,2043,124,60.222222222,60.222222222,655
20,2043,125,60.222222222,60.222222222,655
20,2043,126,60.222222222,60.222222222,655
20,2043,127,60.222222222,60.222222222,655
20,2043,128,60.222222222,60.222222222,655
20,2043,129,60.222222222,60.222222222,655
20,2043,130,60.222222222,60.222222222,655
20,2043,131,60.222222222,60.222222222,656
20,2043,132,60.222222222,60.222222222,657
20,2043,133,60.222222222,60.222222222,657
20,2043,134,60.222222222,60.222222222,657
20,2043,135,60.222222222,60.222222222,657
20,2043,136,60.222222222,60.222222222,657
20,2043,137,60.222222222,60.222222222,657
20,2043,138,60.222222222,60.222222222,657
20,2043,139,60.222222222,60.222222222,657
20,2043,140,60.222222222,60.222222222,657
20,2043,141,60.222222222,60.222222222,657
20,2043,142,60.222222222,60.222222222,657
20,2043,143,60.222222222,60.222222222,657
20,2043,144,60.222222222,60.222222222,657
20,2043,145,60.222222222,60.222222222,657
20,2043,146,60.222222222,60.222222222,657
20,2043,147,60.222222222,60.222222222,657
20,2043,148,60.222222222,60.222222222,657
20,2043,149,60.222222222,60.222222222,659
20,2043,150,60.222222222,60.222222222,661
20,2043,151,60.222222222,60.222222222,662
20,2043,152,60.222222222,60.222222222,662
20,2043,153,60.222222222,60.222222222,662
20,2043,154,60.222222222,60.222222222,662
20,2043,155,60.222222222,60.222222222,662
20,2043,156,60.222222222,60.222222222,662
20,2043,157,60.222222222,60.222222222,662
20,2043,158,60.222222222,60.222222222,662
20,2043,159,60.222222222,60.222222222,662
20,2043,160,60.222222222,60.222222222,663
20,2043,161,60.222222222,60.222222222,663
20,2043,162,60.222222222,60.222222222,664
20,2043,163,60.222222222,60.222222222,664
20,2043,164,60.222222222,60.222222222,664
20,2043,165,60.222222222,60.222222222,664
20,2043,166,60.222222222,60.222222222,664
20,2043,167,60.222222222,60.222222222,664
20,2043,168,60.222222222,60.222222222,664
20,2043,169,60.222222222,60.222222222,664
20,2043,170,60.222222222,60.222222222,664
20,2043,171,60.222222222,60.222222222,666
20,2043,172,60.222222222,60.222222222,666
20,2043,173,60.222222222,60.222222222,668
20,2043,174,60.222222222,60.222222222,669
20,2043,175,60.222222222,60.222222222,669
20,2043,176,60.222222222,60.222222222,670
20,2043,177,60.222222222,60.222222222,670
20,2043,178,60.222222222,60.222222222,670
20,2043,179,60.222222222,60.222222222,673
20,2043,180,60.222222222,60.222222222,673
20,2043,181,60.222222222,60.222222222,673
20,2043,182,60.222222222,60.222222222,674
20,2043,183,60.222222222,60.222222222,674
20,2043,184,60.222222222,60.222222222,674
20,2043,185,60.222222222,60.222222222,675
20,2043,186,60.222222222,60.222222222,675
20,2043,187,60.222222222,60.222222222,675
20,2043,188,60.222222222,60.222222222,675
20,2043,189,60.222222222,60.222222222,675
20,2043,190,60.222222222,60.222222222,675
20,2043,191,60.222222222,60.222222222,675
20,2043,192,60.222222222,60.222222222,675
20,2043,193,60.222222222,60.222222222,676
20,2043,194,60.222222222,60.222222222,676
20,2043,195,60.222222222,60.222222222,676
20,2043,196,60.222222222,60.222222222,676
20,2043,197,60.222222222,60.222222222,676
20,2043,198,60.222222222,60.222222222,676
20,2043,199,60.222222222,60.222222222,676
20,2043,200,60.222222222,60.222222222,676
