case,state_id,state,p_NN,p_NG,p_NB,p_GN,p_GG,p_GB,p_BN,p_BG,p_BB,part1_missing_prob,part1_good_prob,part1_bad_prob,part2_missing_prob,part2_good_prob,part2_bad_prob,defect_prob_if_assemble,best_action,best_action_kind,best_action_part,best_product_test,best_disassemble,one_step_cost,terminal_prob,continuation_prob,self_loop_if_repeated,value
1,0,NN:1,1.0,0.0,0.0,0.0,0.0,0.0,0.0,0.0,0.0,1.0,0,0,1.0,0,0,,buy_p1_test,buy,1,,,6.666667,0.0,1.0,0,37.077779
1,1,GN:1,0.0,0.0,0.0,1.0,0.0,0.0,0.0,0.0,0.0,0,1.0,0,1.0,0,0,,buy_p2_notest,buy,2,,,18,0.0,1.0,0,30.411112
1,2,GN:0.9;BN:0.1,0.0,0.0,0.0,0.9,0.0,0.0,0.1,0.0,0.0,0,0.9,0.1,1.0,0,0,,buy_p2_notest,buy,2,,,18,0.0,1.0,0,33.077779
1,3,NG:1,0.0,1.0,0.0,0.0,0.0,0.0,0.0,0.0,0.0,1.0,0,0,0,1.0,0,,buy_p1_test,buy,1,,,6.666667,0.0,1.0,0,14.555556
1,4,NG:0.9;NB:0.1,0.0,0.9,0.1,0.0,0.0,0.0,0.0,0.0,0.0,1.0,0,0,0,0.9,0.1,,buy_p1_test,buy,1,,,6.666667,0.0,1.0,0,19.077779
1,5,GG:1,0.0,0.0,0.0,0.0,1.0,0.0,0.0,0.0,0.0,0,1.0,0,0,1.0,0,0.1000000000,assemble_notest_disassemble,assemble,,0,1,7.1,0.9,0.1,0,7.888889
1,6,GG:0.9;GB:0.1,0.0,0.0,0.0,0.0,0.9,0.1,0.0,0.0,0.0,0,1.0,0,0,0.9,0.1,0.1900000000,assemble_notest_disassemble,assemble,,0,1,8.09,0.81,0.19,0,12.411112
1,7,GG:0.9;BG:0.1,0.0,0.0,0.0,0.0,0.9,0.0,0.0,0.1,0.0,0,0.9,0.1,0,1.0,0,0.1900000000,inspect_p1,inspect,1,,,2,0.0,1.0,0,10.555556
1,8,GG:0.81;GB:0.09;BG:0.09;BB:0.01,0.0,0.0,0.0,0.0,0.81,0.09,0.0,0.09,0.01,0,0.9,0.1,0,0.9,0.1,0.2710000000,inspect_p1,inspect,1,,,2,0.0,1.0,0,15.077779
1,9,GG:0.473684;GB:0.526316,0.0,0.0,0.0,0.0,0.473684,0.526316,0.0,0.0,0.0,0,1.0,0,0,0.473684,0.526316,0.5736844000,inspect_p2,inspect,2,,,3,0.0,1.0,0,22.742695
1,10,GG:0.473684;BG:0.526316,0.0,0.0,0.0,0.0,0.473684,0.0,0.0,0.526316,0.0,0,0.473684,0.526316,0,1.0,0,0.5736844000,inspect_p1,inspect,1,,,2,0.0,1.0,0,13.397662
1,11,GG:0.298893;GB:0.332104;BG:0.332103;BB:0.0369,0.0,0.0,0.0,0.0,0.298893,0.332104,0.0,0.332103,0.0369,0,0.630997,0.369003,0,0.630996,0.369004,0.7309963000,inspect_p1,inspect,1,,,2,0.0,1.0,0,23.390314
1,12,GG:0.082569;GB:0.917431,0.0,0.0,0.0,0.0,0.082569,0.917431,0.0,0.0,0.0,0,1.0,0,0,0.082569,0.917431,0.9256879000,inspect_p2,inspect,2,,,3,0.0,1.0,0,31.551475
1,13,GG:0.082569;BG:0.917431,0.0,0.0,0.0,0.0,0.082569,0.0,0.0,0.917431,0.0,0,0.082569,0.917431,0,1.0,0,0.9256879000,inspect_p1,inspect,1,,,2,0.0,1.0,0,16.005096
1,14,NG:0.900001;NB:0.099999,0.0,0.900001,0.099999,0.0,0.0,0.0,0.0,0.0,0.0,1.0,0,0,0,0.900001,0.099999,,buy_p1_test,buy,1,,,6.666667,0.0,1.0,0,19.077736
1,15,GN:0.900001;BN:0.099999,0.0,0.0,0.0,0.900001,0.0,0.0,0.099999,0.0,0.0,0,0.900001,0.099999,1.0,0,0,,inspect_p1,inspect,1,,,2,0.0,1.0,0,33.077772
1,16,GG:0.040888;GB:0.454317;BG:0.454316;BB:0.050479,0.0,0.0,0.0,0.0,0.040888,0.454317,0.0,0.454316,0.050479,0,0.495205,0.504795,0,0.495204,0.504796,0.9632008000,inspect_p1,inspect,1,,,2,0.0,1.0,0,27.254805
1,17,GG:0.00892;GB:0.99108,0.0,0.0,0.0,0.0,0.00892,0.99108,0.0,0.0,0.0,0,1.0,0,0,0.00892,0.99108,0.9919720000,inspect_p2,inspect,2,,,3,0.0,1.0,0,33.210214
1,18,GG:0.00892;BG:0.99108,0.0,0.0,0.0,0.0,0.00892,0.0,0.0,0.99108,0.0,0,0.00892,0.99108,0,1.0,0,0.9919720000,inspect_p1,inspect,1,,,2,0.0,1.0,0,16.496089
1,19,GG:0.900001;GB:0.099999,0.0,0.0,0.0,0.0,0.900001,0.099999,0.0,0.0,0.0,0,1.0,0,0,0.900001,0.099999,0.1899991000,assemble_notest_disassemble,assemble,,0,1,8.08999,0.8100009,0.1899991,0,12.411069
1,20,GG:0.810001;GB:0.089999;BG:0.09;BB:0.01,0.0,0.0,0.0,0.0,0.810001,0.089999,0.0,0.09,0.01,0,0.9,0.1,0,0.900001,0.099999,0.2709991000,inspect_p1,inspect,1,,,2,0.0,1.0,0,15.07774
1,21,GG:0.900001;BG:0.099999,0.0,0.0,0.0,0.0,0.900001,0.0,0.0,0.099999,0.0,0,0.900001,0.099999,0,1.0,0,0.1899991000,inspect_p1,inspect,1,,,2,0.0,1.0,0,10.555549
1,22,GG:0.810001;GB:0.09;BG:0.089999;BB:0.01,0.0,0.0,0.0,0.0,0.810001,0.09,0.0,0.089999,0.01,0,0.900001,0.099999,0,0.9,0.1,0.2709991000,inspect_p1,inspect,1,,,2,0.0,1.0,0,15.077776
1,23,GG:0.082568;GB:0.917432,0.0,0.0,0.0,0.0,0.082568,0.917432,0.0,0.0,0.0,0,1.0,0,0,0.082568,0.917432,0.9256888000,inspect_p2,inspect,2,,,3,0.0,1.0,0,31.551497
1,24,GG:0.082568;BG:0.917432,0.0,0.0,0.0,0.0,0.082568,0.0,0.0,0.917432,0.0,0,0.082568,0.917432,0,1.0,0,0.9256888000,inspect_p1,inspect,1,,,2,0.0,1.0,0,16.005102
1,25,GG:0.004245;GB:0.471674;BG:0.471673;BB:0.052408,0.0,0.0,0.0,0.0,0.004245,0.471674,0.0,0.471673,0.052408,0,0.475919,0.524081,0,0.475918,0.524082,0.9961795000,inspect_p1,inspect,1,,,2,0.0,1.0,0,27.803673
1,26,GG:0.000899;GB:0.999101,0.0,0.0,0.0,0.0,0.000899,0.999101,0.0,0.0,0.0,0,1.0,0,0,0.000899,0.999101,0.9991909000,inspect_p2,inspect,2,,,3,0.0,1.0,0,33.390865
1,27,GG:0.000899;BG:0.999101,0.0,0.0,0.0,0.0,0.000899,0.0,0.0,0.999101,0.0,0,0.000899,0.999101,0,1.0,0,0.9991909000,inspect_p1,inspect,1,,,2,0.0,1.0,0,16.549562
1,28,GG:0.473687;GB:0.526313,0.0,0.0,0.0,0.0,0.473687,0.526313,0.0,0.0,0.0,0,1.0,0,0,0.473687,0.526313,0.5736817000,inspect_p2,inspect,2,,,3,0.0,1.0,0,22.742628
1,29,GN:0.899999;BN:0.100001,0.0,0.0,0.0,0.899999,0.0,0.0,0.100001,0.0,0.0,0,0.899999,0.100001,1.0,0,0,,buy_p2_notest,buy,2,,,18,0.0,1.0,0,33.077781
1,30,GG:0.298894;GB:0.332101;BG:0.332105;BB:0.0369,0.0,0.0,0.0,0.0,0.298894,0.332101,0.0,0.332105,0.0369,0,0.630995,0.369005,0,0.630999,0.369001,0.7309954000,inspect_p1,inspect,1,,,2,0.0,1.0,0,23.390264
1,31,GG:0.473687;BG:0.526313,0.0,0.0,0.0,0.0,0.473687,0.0,0.0,0.526313,0.0,0,0.473687,0.526313,0,1.0,0,0.5736817000,inspect_p1,inspect,1,,,2,0.0,1.0,0,13.397642
1,32,NG:0.899999;NB:0.100001,0.0,0.899999,0.100001,0.0,0.0,0.0,0.0,0.0,0.0,1.0,0,0,0,0.899999,0.100001,,buy_p1_notest,buy,1,,,4,0.0,1.0,0,19.077818
1,33,GG:0.298894;GB:0.332105;BG:0.332101;BB:0.0369,0.0,0.0,0.0,0.0,0.298894,0.332105,0.0,0.332101,0.0369,0,0.630999,0.369001,0,0.630995,0.369005,0.7309954000,inspect_p1,inspect,1,,,2,0.0,1.0,0,23.390337
1,34,GG:0.000426;GB:0.473483;BG:0.473482;BB:0.052609,0.0,0.0,0.0,0.0,0.000426,0.473483,0.0,0.473482,0.052609,0,0.473909,0.526091,0,0.473908,0.526092,0.9996166000,inspect_p1,inspect,1,,,2,0.0,1.0,0,27.860879
1,35,GG:9e-05;GB:0.99991,0.0,0.0,0.0,0.0,9e-05,0.99991,0.0,0.0,0.0,0,1.0,0,0,9e-05,0.99991,0.9999190000,inspect_p2,inspect,2,,,3,0.0,1.0,0,33.409085
1,36,GG:9e-05;BG:0.99991,0.0,0.0,0.0,0.0,9e-05,0.0,0.0,0.99991,0.0,0,9e-05,0.99991,0,1.0,0,0.9999190000,inspect_p1,inspect,1,,,2,0.0,1.0,0,16.554956
1,37,GG:0.08257;GB:0.91743,0.0,0.0,0.0,0.0,0.08257,0.91743,0.0,0.0,0.0,0,1.0,0,0,0.08257,0.91743,0.9256870000,inspect_p2,inspect,2,,,3,0.0,1.0,0,31.551452
1,38,GG:0.899999;BG:0.100001,0.0,0.0,0.0,0.0,0.899999,0.0,0.0,0.100001,0.0,0,0.899999,0.100001,0,1.0,0,0.1900009000,inspect_p1,inspect,1,,,2,0.0,1.0,0,10.555562
1,39,GG:0.809999;GB:0.09;BG:0.090001;BB:0.01,0.0,0.0,0.0,0.0,0.809999,0.09,0.0,0.090001,0.01,0,0.899999,0.100001,0,0.9,0.1,0.2710009000,inspect_p1,inspect,1,,,2,0.0,1.0,0,15.077781
1,40,GG:0.040889;GB:0.454313;BG:0.454319;BB:0.050479,0.0,0.0,0.0,0.0,0.040889,0.454313,0.0,0.454319,0.050479,0,0.495202,0.504798,0,0.495208,0.504792,0.9631999000,inspect_p1,inspect,1,,,2,0.0,1.0,0,27.254723
1,41,GG:0.08257;BG:0.91743,0.0,0.0,0.0,0.0,0.08257,0.0,0.0,0.91743,0.0,0,0.08257,0.91743,0,1.0,0,0.9256870000,inspect_p1,inspect,1,,,2,0.0,1.0,0,16.005089
1,42,GG:0.899999;GB:0.100001,0.0,0.0,0.0,0.0,0.899999,0.100001,0.0,0.0,0.0,0,1.0,0,0,0.899999,0.100001,0.1900009000,assemble_notest_disassemble,assemble,,0,1,8.09001,0.8099991,0.1900009,0,12.411155
1,43,GG:0.809999;GB:0.090001;BG:0.09;BB:0.01,0.0,0.0,0.0,0.0,0.809999,0.090001,0.0,0.09,0.01,0,0.9,0.1,0,0.899999,0.100001,0.2710009000,inspect_p1,inspect,1,,,2,0.0,1.0,0,15.077818
1,44,GG:0.040889;GB:0.454319;BG:0.454313;BB:0.050479,0.0,0.0,0.0,0.0,0.040889,0.454319,0.0,0.454313,0.050479,0,0.495208,0.504792,0,0.495202,0.504798,0.9631999000,inspect_p1,inspect,1,,,2,0.0,1.0,0,27.254853
1,45,GG:4.3e-05;GB:0.473664;BG:0.473664;BB:0.052629,0.0,0.0,0.0,0.0,4.3e-05,0.473664,0.0,0.473664,0.052629,0,0.473707,0.526293,0,0.473707,0.526293,0.9999613000,inspect_p1,inspect,1,,,2,0.0,1.0,0,27.866585
1,46,GG:9e-06;GB:0.999991,0.0,0.0,0.0,0.0,9e-06,0.999991,0.0,0.0,0.0,0,1.0,0,0,9e-06,0.999991,0.9999919000,inspect_p2,inspect,2,,,3,0.0,1.0,0,33.410909
1,47,GG:9e-06;BG:0.999991,0.0,0.0,0.0,0.0,9e-06,0.0,0.0,0.999991,0.0,0,9e-06,0.999991,0,1.0,0,0.9999919000,inspect_p1,inspect,1,,,2,0.0,1.0,0,16.555496
1,48,GG:0.473681;BG:0.526319,0.0,0.0,0.0,0.0,0.473681,0.0,0.0,0.526319,0.0,0,0.473681,0.526319,0,1.0,0,0.5736871000,inspect_p1,inspect,1,,,2,0.0,1.0,0,13.397682
1,49,GG:0.298892;GB:0.332102;BG:0.332106;BB:0.0369,0.0,0.0,0.0,0.0,0.298892,0.332102,0.0,0.332106,0.0369,0,0.630994,0.369006,0,0.630998,0.369002,0.7309972000,inspect_p1,inspect,1,,,2,0.0,1.0,0,23.390287
1,50,NG:0.900002;NB:0.099998,0.0,0.900002,0.099998,0.0,0.0,0.0,0.0,0.0,0.0,1.0,0,0,0,0.900002,0.099998,,buy_p1_test,buy,1,,,6.666667,0.0,1.0,0,19.077692
1,51,GG:0.004245;GB:0.471671;BG:0.471676;BB:0.052408,0.0,0.0,0.0,0.0,0.004245,0.471671,0.0,0.471676,0.052408,0,0.475916,0.524084,0,0.475921,0.524079,0.9961795000,inspect_p1,inspect,1,,,2,0.0,1.0,0,27.803608
1,52,GG:0.473681;GB:0.526319,0.0,0.0,0.0,0.0,0.473681,0.526319,0.0,0.0,0.0,0,1.0,0,0,0.473681,0.526319,0.5736871000,inspect_p2,inspect,2,,,3,0.0,1.0,0,22.742763
1,53,GG:0.298892;GB:0.332106;BG:0.332102;BB:0.0369,0.0,0.0,0.0,0.0,0.298892,0.332106,0.0,0.332102,0.0369,0,0.630998,0.369002,0,0.630994,0.369006,0.7309972000,inspect_p1,inspect,1,,,2,0.0,1.0,0,23.39036
1,54,GN:0.900002;BN:0.099998,0.0,0.0,0.0,0.900002,0.0,0.0,0.099998,0.0,0.0,0,0.900002,0.099998,1.0,0,0,,inspect_p1,inspect,1,,,2,0.0,1.0,0,33.077765
1,55,GG:0.004245;GB:0.471676;BG:0.471671;BB:0.052408,0.0,0.0,0.0,0.0,0.004245,0.471676,0.0,0.471671,0.052408,0,0.475921,0.524079,0,0.475916,0.524084,0.9961795000,inspect_p1,inspect,1,,,2,0.0,1.0,0,27.803701
1,56,GG:9.1e-05;GB:0.999909,0.0,0.0,0.0,0.0,9.1e-05,0.999909,0.0,0.0,0.0,0,1.0,0,0,9.1e-05,0.999909,0.9999181000,inspect_p2,inspect,2,,,3,0.0,1.0,0,33.409063
1,57,GG:9.1e-05;BG:0.999909,0.0,0.0,0.0,0.0,9.1e-05,0.0,0.0,0.999909,0.0,0,9.1e-05,0.999909,0,1.0,0,0.9999181000,inspect_p1,inspect,1,,,2,0.0,1.0,0,16.554949
1,58,GG:4e-06;GB:0.473683;BG:0.473682;BB:0.052631,0.0,0.0,0.0,0.0,4e-06,0.473683,0.0,0.473682,0.052631,0,0.473687,0.526313,0,0.473686,0.526314,0.9999964000,inspect_p1,inspect,1,,,2,0.0,1.0,0,27.867184
1,59,GG:1e-06;GB:0.999999,0.0,0.0,0.0,0.0,1e-06,0.999999,0.0,0.0,0.0,0,1.0,0,0,1e-06,0.999999,0.9999991000,inspect_p2,inspect,2,,,3,0.0,1.0,0,33.41109
1,60,GG:1e-06;BG:0.999999,0.0,0.0,0.0,0.0,1e-06,0.0,0.0,0.999999,0.0,0,1e-06,0.999999,0,1.0,0,0.9999991000,inspect_p1,inspect,1,,,2,0.0,1.0,0,16.555549
1,61,GG:0.040888;GB:0.454314;BG:0.454319;BB:0.050479,0.0,0.0,0.0,0.0,0.040888,0.454314,0.0,0.454319,0.050479,0,0.495202,0.504798,0,0.495207,0.504793,0.9632008000,inspect_p1,inspect,1,,,2,0.0,1.0,0,27.254745
1,62,GG:0.900002;GB:0.099998,0.0,0.0,0.0,0.0,0.900002,0.099998,0.0,0.0,0.0,0,1.0,0,0,0.900002,0.099998,0.1899982000,assemble_notest_disassemble,assemble,,0,1,8.08998,0.8100018,0.1899982,0,12.411026
1,63,GG:0.810002;GB:0.089998;BG:0.09;BB:0.01,0.0,0.0,0.0,0.0,0.810002,0.089998,0.0,0.09,0.01,0,0.9,0.1,0,0.900002,0.099998,0.2709982000,inspect_p1,inspect,1,,,2,0.0,1.0,0,15.077701
1,64,GG:0.000426;GB:0.47348;BG:0.473485;BB:0.052609,0.0,0.0,0.0,0.0,0.000426,0.47348,0.0,0.473485,0.052609,0,0.473906,0.526094,0,0.473911,0.526089,0.9996166000,inspect_p1,inspect,1,,,2,0.0,1.0,0,27.860813
1,65,GG:0.040888;GB:0.454319;BG:0.454314;BB:0.050479,0.0,0.0,0.0,0.0,0.040888,0.454319,0.0,0.454314,0.050479,0,0.495207,0.504793,0,0.495202,0.504798,0.9632008000,inspect_p1,inspect,1,,,2,0.0,1.0,0,27.254841
1,66,GG:0.900002;BG:0.099998,0.0,0.0,0.0,0.0,0.900002,0.0,0.0,0.099998,0.0,0,0.900002,0.099998,0,1.0,0,0.1899982000,inspect_p1,inspect,1,,,2,0.0,1.0,0,10.555542
1,67,GG:0.810002;GB:0.09;BG:0.089998;BB:0.01,0.0,0.0,0.0,0.0,0.810002,0.09,0.0,0.089998,0.01,0,0.900002,0.099998,0,0.9,0.1,0.2709982000,inspect_p1,inspect,1,,,2,0.0,1.0,0,15.077773
1,68,GG:0.000426;GB:0.473485;BG:0.47348;BB:0.052609,0.0,0.0,0.0,0.0,0.000426,0.473485,0.0,0.47348,0.052609,0,0.473911,0.526089,0,0.473906,0.526094,0.9996166000,inspect_p1,inspect,1,,,2,0.0,1.0,0,27.860908
1,69,GG:8e-06;GB:0.999992,0.0,0.0,0.0,0.0,8e-06,0.999992,0.0,0.0,0.0,0,1.0,0,0,8e-06,0.999992,0.9999928000,inspect_p2,inspect,2,,,3,0.0,1.0,0,33.410932
1,70,GG:8e-06;BG:0.999992,0.0,0.0,0.0,0.0,8e-06,0.0,0.0,0.999992,0.0,0,8e-06,0.999992,0,1.0,0,0.9999928000,inspect_p1,inspect,1,,,2,0.0,1.0,0,16.555502
1,71,GB:0.473685;BG:0.473684;BB:0.052631,0.0,0.0,0.0,0.0,0.0,0.473685,0.0,0.473684,0.052631,0,0.473685,0.526315,0,0.473684,0.526316,1.0000000000,inspect_p1,inspect,1,,,2,0.0,1.0,0,27.867241
1,72,GB:1,0.0,0.0,0.0,0.0,0.0,1.0,0.0,0.0,0.0,0,1.0,0,0,0,1.0,1.0000000000,inspect_p2,inspect,2,,,3,0.0,1.0,0,33.411112
1,73,BG:1,0.0,0.0,0.0,0.0,0.0,0.0,0.0,1.0,0.0,0,0,1.0,0,1.0,0,1.0000000000,inspect_p1,inspect,1,,,2,0.0,1.0,0,16.555556
1,74,GG:0.082567;BG:0.917433,0.0,0.0,0.0,0.0,0.082567,0.0,0.0,0.917433,0.0,0,0.082567,0.917433,0,1.0,0,0.9256897000,inspect_p1,inspect,1,,,2,0.0,1.0,0,16.005109
1,75,GG:0.47369;GB:0.52631,0.0,0.0,0.0,0.0,0.47369,0.52631,0.0,0.0,0.0,0,1.0,0,0,0.47369,0.52631,0.5736790000,inspect_p2,inspect,2,,,3,0.0,1.0,0,22.74256
1,76,GN:0.899998;BN:0.100002,0.0,0.0,0.0,0.899998,0.0,0.0,0.100002,0.0,0.0,0,0.899998,0.100002,1.0,0,0,,buy_p2_notest,buy,2,,,18,0.0,1.0,0,33.077783
1,77,GG:0.298896;GB:0.332098;BG:0.332105;BB:0.036901,0.0,0.0,0.0,0.0,0.298896,0.332098,0.0,0.332105,0.036901,0,0.630994,0.369006,0,0.631001,0.368999,0.7309936000,inspect_p1,inspect,1,,,2,0.0,1.0,0,23.390234
1,78,GG:4.3e-05;GB:0.473662;BG:0.473666;BB:0.052629,0.0,0.0,0.0,0.0,4.3e-05,0.473662,0.0,0.473666,0.052629,0,0.473705,0.526295,0,0.473709,0.526291,0.9999613000,inspect_p1,inspect,1,,,2,0.0,1.0,0,27.866557
1,79,GG:0.082567;GB:0.917433,0.0,0.0,0.0,0.0,0.082567,0.917433,0.0,0.0,0.0,0,1.0,0,0,0.082567,0.917433,0.9256897000,inspect_p2,inspect,2,,,3,0.0,1.0,0,31.55152
1,80,GG:0.47369;BG:0.52631,0.0,0.0,0.0,0.0,0.47369,0.0,0.0,0.52631,0.0,0,0.47369,0.52631,0,1.0,0,0.5736790000,inspect_p1,inspect,1,,,2,0.0,1.0,0,13.397622
1,81,NG:0.899998;NB:0.100002,0.0,0.899998,0.100002,0.0,0.0,0.0,0.0,0.0,0.0,1.0,0,0,0,0.899998,0.100002,,buy_p1_notest,buy,1,,,4,0.0,1.0,0,19.077853
1,82,GG:0.298896;GB:0.332105;BG:0.332098;BB:0.036901,0.0,0.0,0.0,0.0,0.298896,0.332105,0.0,0.332098,0.036901,0,0.631001,0.368999,0,0.630994,0.369006,0.7309936000,inspect_p1,inspect,1,,,2,0.0,1.0,0,23.390372
1,83,GG:4.3e-05;GB:0.473666;BG:0.473662;BB:0.052629,0.0,0.0,0.0,0.0,4.3e-05,0.473666,0.0,0.473662,0.052629,0,0.473709,0.526291,0,0.473705,0.526295,0.9999613000,inspect_p1,inspect,1,,,2,0.0,1.0,0,27.866637
1,84,GG:0.082571;GB:0.917429,0.0,0.0,0.0,0.0,0.082571,0.917429,0.0,0.0,0.0,0,1.0,0,0,0.082571,0.917429,0.9256861000,inspect_p2,inspect,2,,,3,0.0,1.0,0,31.55143
1,85,GG:0.899998;BG:0.100002,0.0,0.0,0.0,0.0,0.899998,0.0,0.0,0.100002,0.0,0,0.899998,0.100002,0,1.0,0,0.1900018000,inspect_p1,inspect,1,,,2,0.0,1.0,0,10.555569
1,86,GG:0.809998;GB:0.09;BG:0.090002;BB:0.01,0.0,0.0,0.0,0.0,0.809998,0.09,0.0,0.090002,0.01,0,0.899998,0.100002,0,0.9,0.1,0.2710018000,inspect_p1,inspect,1,,,2,0.0,1.0,0,15.077783
1,87,GG:0.473691;GB:0.526309,0.0,0.0,0.0,0.0,0.473691,0.526309,0.0,0.0,0.0,0,1.0,0,0,0.473691,0.526309,0.5736781000,inspect_p2,inspect,2,,,3,0.0,1.0,0,22.742538
1,88,GG:0.473685;BG:0.526315,0.0,0.0,0.0,0.0,0.473685,0.0,0.0,0.526315,0.0,0,0.473685,0.526315,0,1.0,0,0.5736835000,inspect_p1,inspect,1,,,2,0.0,1.0,0,13.397656
1,89,GN:0.899997;BN:0.100003,0.0,0.0,0.0,0.899997,0.0,0.0,0.100003,0.0,0.0,0,0.899997,0.100003,1.0,0,0,,buy_p2_notest,buy,2,,,18,0.0,1.0,0,33.077786
1,90,GG:0.040889;GB:0.45431;BG:0.45432;BB:0.050481,0.0,0.0,0.0,0.0,0.040889,0.45431,0.0,0.45432,0.050481,0,0.495199,0.504801,0,0.495209,0.504791,0.9631999000,inspect_p1,inspect,1,,,2,0.0,1.0,0,27.254756
1,91,GG:4e-06;GB:0.47368;BG:0.473685;BB:0.052631,0.0,0.0,0.0,0.0,4e-06,0.47368,0.0,0.473685,0.052631,0,0.473684,0.526316,0,0.473689,0.526311,0.9999964000,inspect_p1,inspect,1,,,2,0.0,1.0,0,27.867141
1,92,GG:0.082571;BG:0.917429,0.0,0.0,0.0,0.0,0.082571,0.0,0.0,0.917429,0.0,0,0.082571,0.917429,0,1.0,0,0.9256861000,inspect_p1,inspect,1,,,2,0.0,1.0,0,16.005082
1,93,GG:0.899998;GB:0.100002,0.0,0.0,0.0,0.0,0.899998,0.100002,0.0,0.0,0.0,0,1.0,0,0,0.899998,0.100002,0.1900018000,assemble_notest_disassemble,assemble,,0,1,8.09002,0.8099982,0.1900018,0,12.411194
1,94,GG:0.809998;GB:0.090002;BG:0.09;BB:0.01,0.0,0.0,0.0,0.0,0.809998,0.090002,0.0,0.09,0.01,0,0.9,0.1,0,0.899998,0.100002,0.2710018000,inspect_p1,inspect,1,,,2,0.0,1.0,0,15.077853
1,95,GG:0.473685;GB:0.526315,0.0,0.0,0.0,0.0,0.473685,0.526315,0.0,0.0,0.0,0,1.0,0,0,0.473685,0.526315,0.5736835000,inspect_p2,inspect,2,,,3,0.0,1.0,0,22.742673
1,96,NG:0.899997;NB:0.100003,0.0,0.899997,0.100003,0.0,0.0,0.0,0.0,0.0,0.0,1.0,0,0,0,0.899997,0.100003,,buy_p1_notest,buy,1,,,4,0.0,1.0,0,19.077892
1,97,GG:0.473691;BG:0.526309,0.0,0.0,0.0,0.0,0.473691,0.0,0.0,0.526309,0.0,0,0.473691,0.526309,0,1.0,0,0.5736781000,inspect_p1,inspect,1,,,2,0.0,1.0,0,13.397616
1,98,GG:0.040889;GB:0.45432;BG:0.45431;BB:0.050481,0.0,0.0,0.0,0.0,0.040889,0.45432,0.0,0.45431,0.050481,0,0.495209,0.504791,0,0.495199,0.504801,0.9631999000,inspect_p1,inspect,1,,,2,0.0,1.0,0,27.254942
1,99,GG:4e-06;GB:0.473685;BG:0.47368;BB:0.052631,0.0,0.0,0.0,0.0,4e-06,0.473685,0.0,0.47368,0.052631,0,0.473689,0.526311,0,0.473684,0.526316,0.9999964000,inspect_p1,inspect,1,,,2,0.0,1.0,0,27.867236
1,100,GG:0.473679;BG:0.526321,0.0,0.0,0.0,0.0,0.473679,0.0,0.0,0.526321,0.0,0,0.473679,0.526321,0,1.0,0,0.5736889000,inspect_p1,inspect,1,,,2,0.0,1.0,0,13.397696
1,101,GG:0.29889;GB:0.332101;BG:0.332109;BB:0.0369,0.0,0.0,0.0,0.0,0.29889,0.332101,0.0,0.332109,0.0369,0,0.630991,0.369009,0,0.630999,0.369001,0.7309990000,inspect_p1,inspect,1,,,2,0.0,1.0,0,23.39029
1,102,GG:0.899997;BG:0.100003,0.0,0.0,0.0,0.0,0.899997,0.0,0.0,0.100003,0.0,0,0.899997,0.100003,0,1.0,0,0.1900027000,inspect_p1,inspect,1,,,2,0.0,1.0,0,10.555576
1,103,GG:0.809997;GB:0.09;BG:0.090003;BB:0.01,0.0,0.0,0.0,0.0,0.809997,0.09,0.0,0.090003,0.01,0,0.899997,0.100003,0,0.9,0.1,0.2710027000,inspect_p1,inspect,1,,,2,0.0,1.0,0,15.077786
1,104,GN:0.899996;BN:0.100004,0.0,0.0,0.0,0.899996,0.0,0.0,0.100004,0.0,0.0,0,0.899996,0.100004,1.0,0,0,,buy_p2_notest,buy,2,,,18,0.0,1.0,0,33.077789
1,105,GG:0.004245;GB:0.471667;BG:0.471678;BB:0.05241,0.0,0.0,0.0,0.0,0.004245,0.471667,0.0,0.471678,0.05241,0,0.475912,0.524088,0,0.475923,0.524077,0.9961795000,inspect_p1,inspect,1,,,2,0.0,1.0,0,27.803613
1,106,GB:0.473682;BG:0.473687;BB:0.052631,0.0,0.0,0.0,0.0,0.0,0.473682,0.0,0.473687,0.052631,0,0.473682,0.526318,0,0.473687,0.526313,1.0000000000,inspect_p1,inspect,1,,,2,0.0,1.0,0,27.867175
1,107,GG:0.473679;GB:0.526321,0.0,0.0,0.0,0.0,0.473679,0.526321,0.0,0.0,0.0,0,1.0,0,0,0.473679,0.526321,0.5736889000,inspect_p2,inspect,2,,,3,0.0,1.0,0,22.742808
1,108,GG:0.29889;GB:0.332109;BG:0.332101;BB:0.0369,0.0,0.0,0.0,0.0,0.29889,0.332109,0.0,0.332101,0.0369,0,0.630999,0.369001,0,0.630991,0.369009,0.7309990000,inspect_p1,inspect,1,,,2,0.0,1.0,0,23.390437
1,109,GG:0.899997;GB:0.100003,0.0,0.0,0.0,0.0,0.899997,0.100003,0.0,0.0,0.0,0,1.0,0,0,0.899997,0.100003,0.1900027000,assemble_notest_disassemble,assemble,,0,1,8.09003,0.8099973,0.1900027,0,12.411237
1,110,GG:0.809997;GB:0.090003;BG:0.09;BB:0.01,0.0,0.0,0.0,0.0,0.809997,0.090003,0.0,0.09,0.01,0,0.9,0.1,0,0.899997,0.100003,0.2710027000,inspect_p1,inspect,1,,,2,0.0,1.0,0,15.077892
1,111,NG:0.899996;NB:0.100004,0.0,0.899996,0.100004,0.0,0.0,0.0,0.0,0.0,0.0,1.0,0,0,0,0.899996,0.100004,,buy_p1_notest,buy,1,,,4,0.0,1.0,0,19.07793
1,112,GG:0.004245;GB:0.471678;BG:0.471667;BB:0.05241,0.0,0.0,0.0,0.0,0.004245,0.471678,0.0,0.471667,0.05241,0,0.475923,0.524077,0,0.475912,0.524088,0.9961795000,inspect_p1,inspect,1,,,2,0.0,1.0,0,27.803809
1,113,GB:0.473687;BG:0.473682;BB:0.052631,0.0,0.0,0.0,0.0,0.0,0.473687,0.0,0.473682,0.052631,0,0.473687,0.526313,0,0.473682,0.526318,1.0000000000,inspect_p1,inspect,1,,,2,0.0,1.0,0,27.86727
1,114,GG:0.473683;GB:0.526317,0.0,0.0,0.0,0.0,0.473683,0.526317,0.0,0.0,0.0,0,1.0,0,0,0.473683,0.526317,0.5736853000,inspect_p2,inspect,2,,,3,0.0,1.0,0,22.742718
1,115,GG:0.473677;BG:0.526323,0.0,0.0,0.0,0.0,0.473677,0.0,0.0,0.526323,0.0,0,0.473677,0.526323,0,1.0,0,0.5736907000,inspect_p1,inspect,1,,,2,0.0,1.0,0,13.397709
1,116,GG:0.040888;GB:0.454311;BG:0.454322;BB:0.050479,0.0,0.0,0.0,0.0,0.040888,0.454311,0.0,0.454322,0.050479,0,0.495199,0.504801,0,0.49521,0.50479,0.9632008000,inspect_p1,inspect,1,,,2,0.0,1.0,0,27.254697
1,117,GG:0.473676;BG:0.526324,0.0,0.0,0.0,0.0,0.473676,0.0,0.0,0.526324,0.0,0,0.473676,0.526324,0,1.0,0,0.5736916000,inspect_p1,inspect,1,,,2,0.0,1.0,0,13.397716
1,118,NG:0.900003;NB:0.099997,0.0,0.900003,0.099997,0.0,0.0,0.0,0.0,0.0,0.0,1.0,0,0,0,0.900003,0.099997,,buy_p1_test,buy,1,,,6.666667,0.0,1.0,0,19.077649
1,119,GG:0.298889;GB:0.3321;BG:0.332111;BB:0.0369,0.0,0.0,0.0,0.0,0.298889,0.3321,0.0,0.332111,0.0369,0,0.630989,0.369011,0,0.631,0.369,0.7309999000,inspect_p1,inspect,1,,,2,0.0,1.0,0,23.390267
1,120,GG:0.899996;BG:0.100004,0.0,0.0,0.0,0.0,0.899996,0.0,0.0,0.100004,0.0,0,0.899996,0.100004,0,1.0,0,0.1900036000,inspect_p1,inspect,1,,,2,0.0,1.0,0,10.555582
1,121,GG:0.809996;GB:0.09;BG:0.090004;BB:0.01,0.0,0.0,0.0,0.0,0.809996,0.09,0.0,0.090004,0.01,0,0.899996,0.100004,0,0.9,0.1,0.2710036000,inspect_p1,inspect,1,,,2,0.0,1.0,0,15.077789
1,122,GG:0.000426;GB:0.473476;BG:0.473487;BB:0.052611,0.0,0.0,0.0,0.0,0.000426,0.473476,0.0,0.473487,0.052611,0,0.473902,0.526098,0,0.473913,0.526087,0.9996166000,inspect_p1,inspect,1,,,2,0.0,1.0,0,27.860818
1,123,GG:0.473677;GB:0.526323,0.0,0.0,0.0,0.0,0.473677,0.526323,0.0,0.0,0.0,0,1.0,0,0,0.473677,0.526323,0.5736907000,inspect_p2,inspect,2,,,3,0.0,1.0,0,22.742853
1,124,GG:0.473683;BG:0.526317,0.0,0.0,0.0,0.0,0.473683,0.0,0.0,0.526317,0.0,0,0.473683,0.526317,0,1.0,0,0.5736853000,inspect_p1,inspect,1,,,2,0.0,1.0,0,13.397669
1,125,GG:0.040888;GB:0.454322;BG:0.454311;BB:0.050479,0.0,0.0,0.0,0.0,0.040888,0.454322,0.0,0.454311,0.050479,0,0.49521,0.50479,0,0.495199,0.504801,0.9632008000,inspect_p1,inspect,1,,,2,0.0,1.0,0,27.2549
1,126,GG:0.473676;GB:0.526324,0.0,0.0,0.0,0.0,0.473676,0.526324,0.0,0.0,0.0,0,1.0,0,0,0.473676,0.526324,0.5736916000,inspect_p2,inspect,2,,,3,0.0,1.0,0,22.742876
1,127,GN:0.900003;BN:0.099997,0.0,0.0,0.0,0.900003,0.0,0.0,0.099997,0.0,0.0,0,0.900003,0.099997,1.0,0,0,,inspect_p1,inspect,1,,,2,0.0,1.0,0,33.077759
1,128,GG:0.298889;GB:0.332111;BG:0.3321;BB:0.0369,0.0,0.0,0.0,0.0,0.298889,0.332111,0.0,0.3321,0.0369,0,0.631,0.369,0,0.630989,0.369011,0.7309999000,inspect_p1,inspect,1,,,2,0.0,1.0,0,23.390469
1,129,GG:0.899996;GB:0.100004,0.0,0.0,0.0,0.0,0.899996,0.100004,0.0,0.0,0.0,0,1.0,0,0,0.899996,0.100004,0.1900036000,assemble_notest_disassemble,assemble,,0,1,8.09004,0.8099964,0.1900036,0,12.411281
1,130,GG:0.809996;GB:0.090004;BG:0.09;BB:0.01,0.0,0.0,0.0,0.0,0.809996,0.090004,0.0,0.09,0.01,0,0.9,0.1,0,0.899996,0.100004,0.2710036000,inspect_p1,inspect,1,,,2,0.0,1.0,0,15.07793
1,131,GG:0.000426;GB:0.473487;BG:0.473476;BB:0.052611,0.0,0.0,0.0,0.0,0.000426,0.473487,0.0,0.473476,0.052611,0,0.473913,0.526087,0,0.473902,0.526098,0.9996166000,inspect_p1,inspect,1,,,2,0.0,1.0,0,27.861016
1,132,GG:0.004245;GB:0.471668;BG:0.471679;BB:0.052408,0.0,0.0,0.0,0.0,0.004245,0.471668,0.0,0.471679,0.052408,0,0.475913,0.524087,0,0.475924,0.524076,0.9961795000,inspect_p1,inspect,1,,,2,0.0,1.0,0,27.803566
1,133,GG:0.082566;BG:0.917434,0.0,0.0,0.0,0.0,0.082566,0.0,0.0,0.917434,0.0,0,0.082566,0.917434,0,1.0,0,0.9256906000,inspect_p1,inspect,1,,,2,0.0,1.0,0,16.005116
1,134,GG:0.900003;GB:0.099997,0.0,0.0,0.0,0.0,0.900003,0.099997,0.0,0.0,0.0,0,1.0,0,0,0.900003,0.099997,0.1899973000,assemble_notest_disassemble,assemble,,0,1,8.08997,0.8100027,0.1899973,0,12.410982
1,135,GG:0.810003;GB:0.089997;BG:0.09;BB:0.01,0.0,0.0,0.0,0.0,0.810003,0.089997,0.0,0.09,0.01,0,0.9,0.1,0,0.900003,0.099997,0.2709973000,inspect_p1,inspect,1,,,2,0.0,1.0,0,15.077662
1,136,GG:0.473675;BG:0.526325,0.0,0.0,0.0,0.0,0.473675,0.0,0.0,0.526325,0.0,0,0.473675,0.526325,0,1.0,0,0.5736925000,inspect_p1,inspect,1,,,2,0.0,1.0,0,13.397722
1,137,GG:0.040888;GB:0.454309;BG:0.454324;BB:0.050479,0.0,0.0,0.0,0.0,0.040888,0.454309,0.0,0.454324,0.050479,0,0.495197,0.504803,0,0.495212,0.504788,0.9632008000,inspect_p1,inspect,1,,,2,0.0,1.0,0,27.25465
1,138,GG:0.473673;BG:0.526327,0.0,0.0,0.0,0.0,0.473673,0.0,0.0,0.526327,0.0,0,0.473673,0.526327,0,1.0,0,0.5736943000,inspect_p1,inspect,1,,,2,0.0,1.0,0,13.397736
1,139,NG:0.900004;NB:0.099996,0.0,0.900004,0.099996,0.0,0.0,0.0,0.0,0.0,0.0,1.0,0,0,0,0.900004,0.099996,,buy_p1_test,buy,1,,,6.666667,0.0,1.0,0,19.07761
1,140,GG:0.298888;GB:0.332099;BG:0.332113;BB:0.0369,0.0,0.0,0.0,0.0,0.298888,0.332099,0.0,0.332113,0.0369,0,0.630987,0.369013,0,0.631001,0.368999,0.7310008000,inspect_p1,inspect,1,,,2,0.0,1.0,0,23.390245
1,141,GG:4.3e-05;GB:0.473658;BG:0.473668;BB:0.052631,0.0,0.0,0.0,0.0,4.3e-05,0.473658,0.0,0.473668,0.052631,0,0.473701,0.526299,0,0.473711,0.526289,0.9999613000,inspect_p1,inspect,1,,,2,0.0,1.0,0,27.866561
1,142,GG:0.004245;GB:0.471679;BG:0.471668;BB:0.052408,0.0,0.0,0.0,0.0,0.004245,0.471679,0.0,0.471668,0.052408,0,0.475924,0.524076,0,0.475913,0.524087,0.9961795000,inspect_p1,inspect,1,,,2,0.0,1.0,0,27.803775
1,143,GG:0.082566;GB:0.917434,0.0,0.0,0.0,0.0,0.082566,0.917434,0.0,0.0,0.0,0,1.0,0,0,0.082566,0.917434,0.9256906000,inspect_p2,inspect,2,,,3,0.0,1.0,0,31.551542
1,144,GG:0.900003;BG:0.099997,0.0,0.0,0.0,0.0,0.900003,0.0,0.0,0.099997,0.0,0,0.900003,0.099997,0,1.0,0,0.1899973000,inspect_p1,inspect,1,,,2,0.0,1.0,0,10.555536
1,145,GG:0.810003;GB:0.09;BG:0.089997;BB:0.01,0.0,0.0,0.0,0.0,0.810003,0.09,0.0,0.089997,0.01,0,0.900003,0.099997,0,0.9,0.1,0.2709973000,inspect_p1,inspect,1,,,2,0.0,1.0,0,15.07777
1,146,GG:0.473675;GB:0.526325,0.0,0.0,0.0,0.0,0.473675,0.526325,0.0,0.0,0.0,0,1.0,0,0,0.473675,0.526325,0.5736925000,inspect_p2,inspect,2,,,3,0.0,1.0,0,22.742898
1,147,GG:0.040888;GB:0.454324;BG:0.454309;BB:0.050479,0.0,0.0,0.0,0.0,0.040888,0.454324,0.0,0.454309,0.050479,0,0.495212,0.504788,0,0.495197,0.504803,0.9632008000,inspect_p1,inspect,1,,,2,0.0,1.0,0,27.254925
1,148,GG:0.473673;GB:0.526327,0.0,0.0,0.0,0.0,0.473673,0.526327,0.0,0.0,0.0,0,1.0,0,0,0.473673,0.526327,0.5736943000,inspect_p2,inspect,2,,,3,0.0,1.0,0,22.742943
1,149,GN:0.900004;BN:0.099996,0.0,0.0,0.0,0.900004,0.0,0.0,0.099996,0.0,0.0,0,0.900004,0.099996,1.0,0,0,,inspect_p1,inspect,1,,,2,0.0,1.0,0,33.077752
1,150,GG:0.298888;GB:0.332113;BG:0.332099;BB:0.0369,0.0,0.0,0.0,0.0,0.298888,0.332113,0.0,0.332099,0.0369,0,0.631001,0.368999,0,0.630987,0.369013,0.7310008000,inspect_p1,inspect,1,,,2,0.0,1.0,0,23.390501
1,151,GG:4.3e-05;GB:0.473668;BG:0.473658;BB:0.052631,0.0,0.0,0.0,0.0,4.3e-05,0.473668,0.0,0.473658,0.052631,0,0.473711,0.526289,0,0.473701,0.526299,0.9999613000,inspect_p1,inspect,1,,,2,0.0,1.0,0,27.866745
1,152,GG:0.008919;BG:0.991081,0.0,0.0,0.0,0.0,0.008919,0.0,0.0,0.991081,0.0,0,0.008919,0.991081,0,1.0,0,0.9919729000,inspect_p1,inspect,1,,,2,0.0,1.0,0,16.496096
1,153,GG:0.000426;GB:0.473477;BG:0.473488;BB:0.052609,0.0,0.0,0.0,0.0,0.000426,0.473477,0.0,0.473488,0.052609,0,0.473903,0.526097,0,0.473914,0.526086,0.9996166000,inspect_p1,inspect,1,,,2,0.0,1.0,0,27.86077
1,154,GG:0.473693;GB:0.526307,0.0,0.0,0.0,0.0,0.473693,0.526307,0.0,0.0,0.0,0,1.0,0,0,0.473693,0.526307,0.5736763000,inspect_p2,inspect,2,,,3,0.0,1.0,0,22.742493
1,155,GG:0.298897;GB:0.332096;BG:0.332106;BB:0.036901,0.0,0.0,0.0,0.0,0.298897,0.332096,0.0,0.332106,0.036901,0,0.630993,0.369007,0,0.631003,0.368997,0.7309927000,inspect_p1,inspect,1,,,2,0.0,1.0,0,23.390202
1,156,GG:0.004245;GB:0.471666;BG:0.471681;BB:0.052408,0.0,0.0,0.0,0.0,0.004245,0.471666,0.0,0.471681,0.052408,0,0.475911,0.524089,0,0.475926,0.524074,0.9961795000,inspect_p1,inspect,1,,,2,0.0,1.0,0,27.803515
1,157,GG:0.082565;BG:0.917435,0.0,0.0,0.0,0.0,0.082565,0.0,0.0,0.917435,0.0,0,0.082565,0.917435,0,1.0,0,0.9256915000,inspect_p1,inspect,1,,,2,0.0,1.0,0,16.005122
1,158,GG:0.900004;GB:0.099996,0.0,0.0,0.0,0.0,0.900004,0.099996,0.0,0.0,0.0,0,1.0,0,0,0.900004,0.099996,0.1899964000,assemble_notest_disassemble,assemble,,0,1,8.08996,0.8100036,0.1899964,0,12.410944
1,159,GG:0.810004;GB:0.089996;BG:0.09;BB:0.01,0.0,0.0,0.0,0.0,0.810004,0.089996,0.0,0.09,0.01,0,0.9,0.1,0,0.900004,0.099996,0.2709964000,inspect_p1,inspect,1,,,2,0.0,1.0,0,15.077627
1,160,GG:0.040888;GB:0.454307;BG:0.454326;BB:0.050479,0.0,0.0,0.0,0.0,0.040888,0.454307,0.0,0.454326,0.050479,0,0.495195,0.504805,0,0.495214,0.504786,0.9632008000,inspect_p1,inspect,1,,,2,0.0,1.0,0,27.254625
1,161,GG:4e-06;GB:0.473676;BG:0.473687;BB:0.052633,0.0,0.0,0.0,0.0,4e-06,0.473676,0.0,0.473687,0.052633,0,0.47368,0.52632,0,0.473691,0.526309,0.9999964000,inspect_p1,inspect,1,,,2,0.0,1.0,0,27.867146
1,162,GG:0.008919;GB:0.991081,0.0,0.0,0.0,0.0,0.008919,0.991081,0.0,0.0,0.0,0,1.0,0,0,0.008919,0.991081,0.9919729000,inspect_p2,inspect,2,,,3,0.0,1.0,0,33.210236
1,163,GG:0.000426;GB:0.473488;BG:0.473477;BB:0.052609,0.0,0.0,0.0,0.0,0.000426,0.473488,0.0,0.473477,0.052609,0,0.473914,0.526086,0,0.473903,0.526097,0.9996166000,inspect_p1,inspect,1,,,2,0.0,1.0,0,27.860971
1,164,GG:0.473693;BG:0.526307,0.0,0.0,0.0,0.0,0.473693,0.0,0.0,0.526307,0.0,0,0.473693,0.526307,0,1.0,0,0.5736763000,inspect_p1,inspect,1,,,2,0.0,1.0,0,13.397602
1,165,GG:0.298897;GB:0.332106;BG:0.332096;BB:0.036901,0.0,0.0,0.0,0.0,0.298897,0.332106,0.0,0.332096,0.036901,0,0.631003,0.368997,0,0.630993,0.369007,0.7309927000,inspect_p1,inspect,1,,,2,0.0,1.0,0,23.39038
1,166,GG:0.004245;GB:0.471681;BG:0.471666;BB:0.052408,0.0,0.0,0.0,0.0,0.004245,0.471681,0.0,0.471666,0.052408,0,0.475926,0.524074,0,0.475911,0.524089,0.9961795000,inspect_p1,inspect,1,,,2,0.0,1.0,0,27.803803
1,167,GG:0.082565;GB:0.917435,0.0,0.0,0.0,0.0,0.082565,0.917435,0.0,0.0,0.0,0,1.0,0,0,0.082565,0.917435,0.9256915000,inspect_p2,inspect,2,,,3,0.0,1.0,0,31.551565
1,168,GG:0.900004;BG:0.099996,0.0,0.0,0.0,0.0,0.900004,0.0,0.0,0.099996,0.0,0,0.900004,0.099996,0,1.0,0,0.1899964000,inspect_p1,inspect,1,,,2,0.0,1.0,0,10.555529
1,169,GG:0.810004;GB:0.09;BG:0.089996;BB:0.01,0.0,0.0,0.0,0.0,0.810004,0.09,0.0,0.089996,0.01,0,0.900004,0.099996,0,0.9,0.1,0.2709964000,inspect_p1,inspect,1,,,2,0.0,1.0,0,15.077767
1,170,GG:0.040888;GB:0.454326;BG:0.454307;BB:0.050479,0.0,0.0,0.0,0.0,0.040888,0.454326,0.0,0.454307,0.050479,0,0.495214,0.504786,0,0.495195,0.504805,0.9632008000,inspect_p1,inspect,1,,,2,0.0,1.0,0,27.254981
1,171,GG:4e-06;GB:0.473687;BG:0.473676;BB:0.052633,0.0,0.0,0.0,0.0,4e-06,0.473687,0.0,0.473676,0.052633,0,0.473691,0.526309,0,0.47368,0.52632,0.9999964000,inspect_p1,inspect,1,,,2,0.0,1.0,0,27.867344
1,172,GG:4.3e-05;GB:0.473659;BG:0.473669;BB:0.052629,0.0,0.0,0.0,0.0,4.3e-05,0.473659,0.0,0.473669,0.052629,0,0.473702,0.526298,0,0.473712,0.526288,0.9999613000,inspect_p1,inspect,1,,,2,0.0,1.0,0,27.866491
1,173,GG:0.473686;BG:0.526314,0.0,0.0,0.0,0.0,0.473686,0.0,0.0,0.526314,0.0,0,0.473686,0.526314,0,1.0,0,0.5736826000,inspect_p1,inspect,1,,,2,0.0,1.0,0,13.397649
1,174,GG:0.040889;GB:0.454308;BG:0.454322;BB:0.050481,0.0,0.0,0.0,0.0,0.040889,0.454308,0.0,0.454322,0.050481,0,0.495197,0.504803,0,0.495211,0.504789,0.9631999000,inspect_p1,inspect,1,,,2,0.0,1.0,0,27.254713
1,175,GG:0.000426;GB:0.473475;BG:0.47349;BB:0.052609,0.0,0.0,0.0,0.0,0.000426,0.473475,0.0,0.47349,0.052609,0,0.473901,0.526099,0,0.473916,0.526084,0.9996166000,inspect_p1,inspect,1,,,2,0.0,1.0,0,27.860719
1,176,GG:0.473695;GB:0.526305,0.0,0.0,0.0,0.0,0.473695,0.526305,0.0,0.0,0.0,0,1.0,0,0,0.473695,0.526305,0.5736745000,inspect_p2,inspect,2,,,3,0.0,1.0,0,22.742448
1,177,GG:0.298898;GB:0.332093;BG:0.332108;BB:0.036901,0.0,0.0,0.0,0.0,0.298898,0.332093,0.0,0.332108,0.036901,0,0.630991,0.369009,0,0.631006,0.368994,0.7309918000,inspect_p1,inspect,1,,,2,0.0,1.0,0,23.390138
1,178,GG:0.004245;GB:0.471664;BG:0.471683;BB:0.052408,0.0,0.0,0.0,0.0,0.004245,0.471664,0.0,0.471683,0.052408,0,0.475909,0.524091,0,0.475928,0.524072,0.9961795000,inspect_p1,inspect,1,,,2,0.0,1.0,0,27.803487
1,179,GB:0.473678;BG:0.473689;BB:0.052633,0.0,0.0,0.0,0.0,0.0,0.473678,0.0,0.473689,0.052633,0,0.473678,0.526322,0,0.473689,0.526311,1.0000000000,inspect_p1,inspect,1,,,2,0.0,1.0,0,27.867202
1,180,GG:4.3e-05;GB:0.473669;BG:0.473659;BB:0.052629,0.0,0.0,0.0,0.0,4.3e-05,0.473669,0.0,0.473659,0.052629,0,0.473712,0.526288,0,0.473702,0.526298,0.9999613000,inspect_p1,inspect,1,,,2,0.0,1.0,0,27.86668
1,181,GG:0.473686;GB:0.526314,0.0,0.0,0.0,0.0,0.473686,0.526314,0.0,0.0,0.0,0,1.0,0,0,0.473686,0.526314,0.5736826000,inspect_p2,inspect,2,,,3,0.0,1.0,0,22.74265
1,182,GG:0.040889;GB:0.454322;BG:0.454308;BB:0.050481,0.0,0.0,0.0,0.0,0.040889,0.454322,0.0,0.454308,0.050481,0,0.495211,0.504789,0,0.495197,0.504803,0.9631999000,inspect_p1,inspect,1,,,2,0.0,1.0,0,27.254967
1,183,GG:0.000426;GB:0.47349;BG:0.473475;BB:0.052609,0.0,0.0,0.0,0.0,0.000426,0.47349,0.0,0.473475,0.052609,0,0.473916,0.526084,0,0.473901,0.526099,0.9996166000,inspect_p1,inspect,1,,,2,0.0,1.0,0,27.861
1,184,GG:0.473695;BG:0.526305,0.0,0.0,0.0,0.0,0.473695,0.0,0.0,0.526305,0.0,0,0.473695,0.526305,0,1.0,0,0.5736745000,inspect_p1,inspect,1,,,2,0.0,1.0,0,13.397589
1,185,GG:0.298898;GB:0.332108;BG:0.332093;BB:0.036901,0.0,0.0,0.0,0.0,0.298898,0.332108,0.0,0.332093,0.036901,0,0.631006,0.368994,0,0.630991,0.369009,0.7309918000,inspect_p1,inspect,1,,,2,0.0,1.0,0,23.390405
1,186,GG:0.004245;GB:0.471683;BG:0.471664;BB:0.052408,0.0,0.0,0.0,0.0,0.004245,0.471683,0.0,0.471664,0.052408,0,0.475928,0.524072,0,0.475909,0.524091,0.9961795000,inspect_p1,inspect,1,,,2,0.0,1.0,0,27.80385
1,187,GB:0.473689;BG:0.473678;BB:0.052633,0.0,0.0,0.0,0.0,0.0,0.473689,0.0,0.473678,0.052633,0,0.473689,0.526311,0,0.473678,0.526322,1.0000000000,inspect_p1,inspect,1,,,2,0.0,1.0,0,27.867401
1,188,GG:4e-06;GB:0.473677;BG:0.473688;BB:0.052631,0.0,0.0,0.0,0.0,4e-06,0.473677,0.0,0.473688,0.052631,0,0.473681,0.526319,0,0.473692,0.526308,0.9999964000,inspect_p1,inspect,1,,,2,0.0,1.0,0,27.867076
1,189,GG:0.004245;GB:0.471665;BG:0.47168;BB:0.05241,0.0,0.0,0.0,0.0,0.004245,0.471665,0.0,0.47168,0.05241,0,0.47591,0.52409,0,0.475925,0.524075,0.9961795000,inspect_p1,inspect,1,,,2,0.0,1.0,0,27.803585
1,190,GG:4.3e-05;GB:0.473657;BG:0.473671;BB:0.052629,0.0,0.0,0.0,0.0,4.3e-05,0.473657,0.0,0.473671,0.052629,0,0.4737,0.5263,0,0.473714,0.526286,0.9999613000,inspect_p1,inspect,1,,,2,0.0,1.0,0,27.866462
1,191,GG:0.082572;GB:0.917428,0.0,0.0,0.0,0.0,0.082572,0.917428,0.0,0.0,0.0,0,1.0,0,0,0.082572,0.917428,0.9256852000,inspect_p2,inspect,2,,,3,0.0,1.0,0,31.551407
1,192,GG:0.473696;GB:0.526304,0.0,0.0,0.0,0.0,0.473696,0.526304,0.0,0.0,0.0,0,1.0,0,0,0.473696,0.526304,0.5736736000,inspect_p2,inspect,2,,,3,0.0,1.0,0,22.742425
1,193,GG:0.040889;GB:0.454305;BG:0.454325;BB:0.050481,0.0,0.0,0.0,0.0,0.040889,0.454305,0.0,0.454325,0.050481,0,0.495194,0.504806,0,0.495214,0.504786,0.9631999000,inspect_p1,inspect,1,,,2,0.0,1.0,0,27.254664
1,194,GG:0.000426;GB:0.473473;BG:0.473492;BB:0.052609,0.0,0.0,0.0,0.0,0.000426,0.473473,0.0,0.473492,0.052609,0,0.473899,0.526101,0,0.473918,0.526082,0.9996166000,inspect_p1,inspect,1,,,2,0.0,1.0,0,27.86069
1,195,GG:4e-06;GB:0.473688;BG:0.473677;BB:0.052631,0.0,0.0,0.0,0.0,4e-06,0.473688,0.0,0.473677,0.052631,0,0.473692,0.526308,0,0.473681,0.526319,0.9999964000,inspect_p1,inspect,1,,,2,0.0,1.0,0,27.867279
1,196,GG:0.004245;GB:0.47168;BG:0.471665;BB:0.05241,0.0,0.0,0.0,0.0,0.004245,0.47168,0.0,0.471665,0.05241,0,0.475925,0.524075,0,0.47591,0.52409,0.9961795000,inspect_p1,inspect,1,,,2,0.0,1.0,0,27.80388
1,197,GG:4.3e-05;GB:0.473671;BG:0.473657;BB:0.052629,0.0,0.0,0.0,0.0,4.3e-05,0.473671,0.0,0.473657,0.052629,0,0.473714,0.526286,0,0.4737,0.5263,0.9999613000,inspect_p1,inspect,1,,,2,0.0,1.0,0,27.866729
1,198,GG:0.082572;BG:0.917428,0.0,0.0,0.0,0.0,0.082572,0.0,0.0,0.917428,0.0,0,0.082572,0.917428,0,1.0,0,0.9256852000,inspect_p1,inspect,1,,,2,0.0,1.0,0,16.005076
1,199,GG:0.473696;BG:0.526304,0.0,0.0,0.0,0.0,0.473696,0.0,0.0,0.526304,0.0,0,0.473696,0.526304,0,1.0,0,0.5736736000,inspect_p1,inspect,1,,,2,0.0,1.0,0,13.397582
1,200,GG:0.040889;GB:0.454325;BG:0.454305;BB:0.050481,0.0,0.0,0.0,0.0,0.040889,0.454325,0.0,0.454305,0.050481,0,0.495214,0.504786,0,0.495194,0.504806,0.9631999000,inspect_p1,inspect,1,,,2,0.0,1.0,0,27.255046
1,201,GG:0.000426;GB:0.473492;BG:0.473473;BB:0.052609,0.0,0.0,0.0,0.0,0.000426,0.473492,0.0,0.473473,0.052609,0,0.473918,0.526082,0,0.473899,0.526101,0.9996166000,inspect_p1,inspect,1,,,2,0.0,1.0,0,27.861047
1,202,GB:0.473679;BG:0.47369;BB:0.052631,0.0,0.0,0.0,0.0,0.0,0.473679,0.0,0.47369,0.052631,0,0.473679,0.526321,0,0.47369,0.52631,1.0000000000,inspect_p1,inspect,1,,,2,0.0,1.0,0,27.867132
1,203,GN:0.899995;BN:0.100005,0.0,0.0,0.0,0.899995,0.0,0.0,0.100005,0.0,0.0,0,0.899995,0.100005,1.0,0,0,,inspect_p1,inspect,1,,,2,0.0,1.0,0,33.077812
1,204,GG:0.000426;GB:0.473474;BG:0.473489;BB:0.052611,0.0,0.0,0.0,0.0,0.000426,0.473474,0.0,0.473489,0.052611,0,0.4739,0.5261,0,0.473915,0.526085,0.9996166000,inspect_p1,inspect,1,,,2,0.0,1.0,0,27.860789
1,205,GG:4e-06;GB:0.473675;BG:0.47369;BB:0.052631,0.0,0.0,0.0,0.0,4e-06,0.473675,0.0,0.47369,0.052631,0,0.473679,0.526321,0,0.473694,0.526306,0.9999964000,inspect_p1,inspect,1,,,2,0.0,1.0,0,27.867047
1,206,GG:0.004245;GB:0.471662;BG:0.471683;BB:0.05241,0.0,0.0,0.0,0.0,0.004245,0.471662,0.0,0.471683,0.05241,0,0.475907,0.524093,0,0.475928,0.524072,0.9961795000,inspect_p1,inspect,1,,,2,0.0,1.0,0,27.803524
1,207,GG:4.3e-05;GB:0.473655;BG:0.473673;BB:0.052629,0.0,0.0,0.0,0.0,4.3e-05,0.473655,0.0,0.473673,0.052629,0,0.473698,0.526302,0,0.473716,0.526284,0.9999613000,inspect_p1,inspect,1,,,2,0.0,1.0,0,27.866434
1,208,GB:0.47369;BG:0.473679;BB:0.052631,0.0,0.0,0.0,0.0,0.0,0.47369,0.0,0.473679,0.052631,0,0.47369,0.52631,0,0.473679,0.526321,1.0000000000,inspect_p1,inspect,1,,,2,0.0,1.0,0,27.867335
1,209,NG:0.899995;NB:0.100005,0.0,0.899995,0.100005,0.0,0.0,0.0,0.0,0.0,0.0,1.0,0,0,0,0.899995,0.100005,,buy_p1_test,buy,1,,,6.666667,0.0,1.0,0,19.077991
1,210,GG:0.000426;GB:0.473489;BG:0.473474;BB:0.052611,0.0,0.0,0.0,0.0,0.000426,0.473489,0.0,0.473474,0.052611,0,0.473915,0.526085,0,0.4739,0.5261,0.9996166000,inspect_p1,inspect,1,,,2,0.0,1.0,0,27.861076
1,211,GG:4e-06;GB:0.47369;BG:0.473675;BB:0.052631,0.0,0.0,0.0,0.0,4e-06,0.47369,0.0,0.473675,0.052631,0,0.473694,0.526306,0,0.473679,0.526321,0.9999964000,inspect_p1,inspect,1,,,2,0.0,1.0,0,27.867328
1,212,GG:0.004245;GB:0.471683;BG:0.471662;BB:0.05241,0.0,0.0,0.0,0.0,0.004245,0.471683,0.0,0.471662,0.05241,0,0.475928,0.524072,0,0.475907,0.524093,0.9961795000,inspect_p1,inspect,1,,,2,0.0,1.0,0,27.803922
1,213,GG:4.3e-05;GB:0.473673;BG:0.473655;BB:0.052629,0.0,0.0,0.0,0.0,4.3e-05,0.473673,0.0,0.473655,0.052629,0,0.473716,0.526284,0,0.473698,0.526302,0.9999613000,inspect_p1,inspect,1,,,2,0.0,1.0,0,27.866758
1,214,GG:0.899995;BG:0.100005,0.0,0.0,0.0,0.0,0.899995,0.0,0.0,0.100005,0.0,0,0.899995,0.100005,0,1.0,0,0.1900045000,inspect_p1,inspect,1,,,2,0.0,1.0,0,10.555589
1,215,GG:0.809994;GB:0.09;BG:0.090005;BB:0.010001,0.0,0.0,0.0,0.0,0.809994,0.09,0.0,0.090005,0.010001,0,0.899994,0.100006,0,0.899999,0.100001,0.2710054000,inspect_p1,inspect,1,,,2,0.0,1.0,0,15.077873
1,216,GG:4.3e-05;GB:0.473656;BG:0.47367;BB:0.052631,0.0,0.0,0.0,0.0,4.3e-05,0.473656,0.0,0.47367,0.052631,0,0.473699,0.526301,0,0.473713,0.526287,0.9999613000,inspect_p1,inspect,1,,,2,0.0,1.0,0,27.866532
1,217,GB:0.473677;BG:0.473692;BB:0.052631,0.0,0.0,0.0,0.0,0.0,0.473677,0.0,0.473692,0.052631,0,0.473677,0.526323,0,0.473692,0.526308,1.0000000000,inspect_p1,inspect,1,,,2,0.0,1.0,0,27.867104
1,218,GG:0.000426;GB:0.473471;BG:0.473492;BB:0.052611,0.0,0.0,0.0,0.0,0.000426,0.473471,0.0,0.473492,0.052611,0,0.473897,0.526103,0,0.473918,0.526082,0.9996166000,inspect_p1,inspect,1,,,2,0.0,1.0,0,27.860728
1,219,GG:4e-06;GB:0.473673;BG:0.473692;BB:0.052631,0.0,0.0,0.0,0.0,4e-06,0.473673,0.0,0.473692,0.052631,0,0.473677,0.526323,0,0.473696,0.526304,0.9999964000,inspect_p1,inspect,1,,,2,0.0,1.0,0,27.867018
1,220,GG:0.899995;GB:0.100005,0.0,0.0,0.0,0.0,0.899995,0.100005,0.0,0.0,0.0,0,1.0,0,0,0.899995,0.100005,0.1900045000,assemble_notest_disassemble,assemble,,0,1,8.090049,0.8099955,0.1900045,0,12.411324
1,221,GG:0.809994;GB:0.090005;BG:0.09;BB:0.010001,0.0,0.0,0.0,0.0,0.809994,0.090005,0.0,0.09,0.010001,0,0.899999,0.100001,0,0.899994,0.100006,0.2710054000,inspect_p1,inspect,1,,,2,0.0,1.0,0,15.078049
1,222,GG:4.3e-05;GB:0.47367;BG:0.473656;BB:0.052631,0.0,0.0,0.0,0.0,4.3e-05,0.47367,0.0,0.473656,0.052631,0,0.473713,0.526287,0,0.473699,0.526301,0.9999613000,inspect_p1,inspect,1,,,2,0.0,1.0,0,27.866774
1,223,GB:0.473692;BG:0.473677;BB:0.052631,0.0,0.0,0.0,0.0,0.0,0.473692,0.0,0.473677,0.052631,0,0.473692,0.526308,0,0.473677,0.526323,1.0000000000,inspect_p1,inspect,1,,,2,0.0,1.0,0,27.867364
1,224,GG:0.000426;GB:0.473492;BG:0.473471;BB:0.052611,0.0,0.0,0.0,0.0,0.000426,0.473492,0.0,0.473471,0.052611,0,0.473918,0.526082,0,0.473897,0.526103,0.9996166000,inspect_p1,inspect,1,,,2,0.0,1.0,0,27.861119
1,225,GG:4e-06;GB:0.473692;BG:0.473673;BB:0.052631,0.0,0.0,0.0,0.0,4e-06,0.473692,0.0,0.473673,0.052631,0,0.473696,0.526304,0,0.473677,0.526323,0.9999964000,inspect_p1,inspect,1,,,2,0.0,1.0,0,27.867357
1,226,GG:0.47367;BG:0.52633,0.0,0.0,0.0,0.0,0.47367,0.0,0.0,0.52633,0.0,0,0.47367,0.52633,0,1.0,0,0.5736970000,inspect_p1,inspect,1,,,2,0.0,1.0,0,13.397756
1,227,GG:0.899994;BG:0.100006,0.0,0.0,0.0,0.0,0.899994,0.0,0.0,0.100006,0.0,0,0.899994,0.100006,0,1.0,0,0.1900054000,inspect_p1,inspect,1,,,2,0.0,1.0,0,10.555596
1,228,GN:0.899991;BN:0.100009,0.0,0.0,0.0,0.899991,0.0,0.0,0.100009,0.0,0.0,0,0.899991,0.100009,1.0,0,0,,inspect_p1,inspect,1,,,2,0.0,1.0,0,33.077839
1,229,GG:0.298885;GB:0.332097;BG:0.332115;BB:0.036903,0.0,0.0,0.0,0.0,0.298885,0.332097,0.0,0.332115,0.036903,0,0.630982,0.369018,0,0.631,0.369,0.7310035000,inspect_p1,inspect,1,,,2,0.0,1.0,0,23.390345
1,230,GG:4e-06;GB:0.473674;BG:0.473689;BB:0.052633,0.0,0.0,0.0,0.0,4e-06,0.473674,0.0,0.473689,0.052633,0,0.473678,0.526322,0,0.473693,0.526307,0.9999964000,inspect_p1,inspect,1,,,2,0.0,1.0,0,27.867117
1,231,GG:4.3e-05;GB:0.473653;BG:0.473673;BB:0.052631,0.0,0.0,0.0,0.0,4.3e-05,0.473653,0.0,0.473673,0.052631,0,0.473696,0.526304,0,0.473716,0.526284,0.9999613000,inspect_p1,inspect,1,,,2,0.0,1.0,0,27.866471
1,232,GB:0.473675;BG:0.473694;BB:0.052631,0.0,0.0,0.0,0.0,0.0,0.473675,0.0,0.473694,0.052631,0,0.473675,0.526325,0,0.473694,0.526306,1.0000000000,inspect_p1,inspect,1,,,2,0.0,1.0,0,27.867052
1,233,GG:0.47367;GB:0.52633,0.0,0.0,0.0,0.0,0.47367,0.52633,0.0,0.0,0.0,0,1.0,0,0,0.47367,0.52633,0.5736970000,inspect_p2,inspect,2,,,3,0.0,1.0,0,22.743011
1,234,GG:0.899994;GB:0.100006,0.0,0.0,0.0,0.0,0.899994,0.100006,0.0,0.0,0.0,0,1.0,0,0,0.899994,0.100006,0.1900054000,assemble_notest_disassemble,assemble,,0,1,8.090059,0.8099946,0.1900054,0,12.411363
1,235,NG:0.899991;NB:0.100009,0.0,0.899991,0.100009,0.0,0.0,0.0,0.0,0.0,0.0,1.0,0,0,0,0.899991,0.100009,,buy_p1_test,buy,1,,,6.666667,0.0,1.0,0,19.078159
1,236,GG:0.298885;GB:0.332115;BG:0.332097;BB:0.036903,0.0,0.0,0.0,0.0,0.298885,0.332115,0.0,0.332097,0.036903,0,0.631,0.369,0,0.630982,0.369018,0.7310035000,inspect_p1,inspect,1,,,2,0.0,1.0,0,23.390679
1,237,GG:4e-06;GB:0.473689;BG:0.473674;BB:0.052633,0.0,0.0,0.0,0.0,4e-06,0.473689,0.0,0.473674,0.052633,0,0.473693,0.526307,0,0.473678,0.526322,0.9999964000,inspect_p1,inspect,1,,,2,0.0,1.0,0,27.867373
1,238,GG:4.3e-05;GB:0.473673;BG:0.473653;BB:0.052631,0.0,0.0,0.0,0.0,4.3e-05,0.473673,0.0,0.473653,0.052631,0,0.473716,0.526284,0,0.473696,0.526304,0.9999613000,inspect_p1,inspect,1,,,2,0.0,1.0,0,27.866849
1,239,GB:0.473694;BG:0.473675;BB:0.052631,0.0,0.0,0.0,0.0,0.0,0.473694,0.0,0.473675,0.052631,0,0.473694,0.526306,0,0.473675,0.526325,1.0000000000,inspect_p1,inspect,1,,,2,0.0,1.0,0,27.867413
1,240,GG:0.082564;BG:0.917436,0.0,0.0,0.0,0.0,0.082564,0.0,0.0,0.917436,0.0,0,0.082564,0.917436,0,1.0,0,0.9256924000,inspect_p1,inspect,1,,,2,0.0,1.0,0,16.005129
1,241,GG:0.473668;BG:0.526332,0.0,0.0,0.0,0.0,0.473668,0.0,0.0,0.526332,0.0,0,0.473668,0.526332,0,1.0,0,0.5736988000,inspect_p1,inspect,1,,,2,0.0,1.0,0,13.397769
1,242,GG:0.899991;BG:0.100009,0.0,0.0,0.0,0.0,0.899991,0.0,0.0,0.100009,0.0,0,0.899991,0.100009,0,1.0,0,0.1900081000,inspect_p1,inspect,1,,,2,0.0,1.0,0,10.555616
1,243,GG:0.809992;GB:0.089999;BG:0.090008;BB:0.010001,0.0,0.0,0.0,0.0,0.809992,0.089999,0.0,0.090008,0.010001,0,0.899991,0.100009,0,0.9,0.1,0.2710072000,inspect_p1,inspect,1,,,2,0.0,1.0,0,15.077843
1,244,GG:0.473682;GB:0.526318,0.0,0.0,0.0,0.0,0.473682,0.526318,0.0,0.0,0.0,0,1.0,0,0,0.473682,0.526318,0.5736862000,inspect_p2,inspect,2,,,3,0.0,1.0,0,22.74274
1,245,GG:0.473669;BG:0.526331,0.0,0.0,0.0,0.0,0.473669,0.0,0.0,0.526331,0.0,0,0.473669,0.526331,0,1.0,0,0.5736979000,inspect_p1,inspect,1,,,2,0.0,1.0,0,13.397762
1,246,GN:0.899992;BN:0.100008,0.0,0.0,0.0,0.899992,0.0,0.0,0.100008,0.0,0.0,0,0.899992,0.100008,1.0,0,0,,inspect_p1,inspect,1,,,2,0.0,1.0,0,33.077832
1,247,GG:0.040887;GB:0.454303;BG:0.454327;BB:0.050483,0.0,0.0,0.0,0.0,0.040887,0.454303,0.0,0.454327,0.050483,0,0.49519,0.50481,0,0.495214,0.504786,0.9632017000,inspect_p1,inspect,1,,,2,0.0,1.0,0,27.254716
1,248,GB:0.473676;BG:0.473691;BB:0.052633,0.0,0.0,0.0,0.0,0.0,0.473676,0.0,0.473691,0.052633,0,0.473676,0.526324,0,0.473691,0.526309,1.0000000000,inspect_p1,inspect,1,,,2,0.0,1.0,0,27.867155
1,249,GG:4e-06;GB:0.473671;BG:0.473692;BB:0.052633,0.0,0.0,0.0,0.0,4e-06,0.473671,0.0,0.473692,0.052633,0,0.473675,0.526325,0,0.473696,0.526304,0.9999964000,inspect_p1,inspect,1,,,2,0.0,1.0,0,27.867056
1,250,GG:0.082564;GB:0.917436,0.0,0.0,0.0,0.0,0.082564,0.917436,0.0,0.0,0.0,0,1.0,0,0,0.082564,0.917436,0.9256924000,inspect_p2,inspect,2,,,3,0.0,1.0,0,31.551587
1,251,GG:0.473668;GB:0.526332,0.0,0.0,0.0,0.0,0.473668,0.526332,0.0,0.0,0.0,0,1.0,0,0,0.473668,0.526332,0.5736988000,inspect_p2,inspect,2,,,3,0.0,1.0,0,22.743056
1,252,GG:0.899991;GB:0.100009,0.0,0.0,0.0,0.0,0.899991,0.100009,0.0,0.0,0.0,0,1.0,0,0,0.899991,0.100009,0.1900081000,assemble_notest_disassemble,assemble,,0,1,8.090089,0.8099919,0.1900081,0,12.411492
1,253,GG:0.809992;GB:0.090008;BG:0.089999;BB:0.010001,0.0,0.0,0.0,0.0,0.809992,0.090008,0.0,0.089999,0.010001,0,0.9,0.1,0,0.899991,0.100009,0.2710072000,inspect_p1,inspect,1,,,2,0.0,1.0,0,15.078163
1,254,GG:0.473669;GB:0.526331,0.0,0.0,0.0,0.0,0.473669,0.526331,0.0,0.0,0.0,0,1.0,0,0,0.473669,0.526331,0.5736979000,inspect_p2,inspect,2,,,3,0.0,1.0,0,22.743033
1,255,NG:0.899992;NB:0.100008,0.0,0.899992,0.100008,0.0,0.0,0.0,0.0,0.0,0.0,1.0,0,0,0,0.899992,0.100008,,buy_p1_test,buy,1,,,6.666667,0.0,1.0,0,19.078116
1,256,GG:0.473682;BG:0.526318,0.0,0.0,0.0,0.0,0.473682,0.0,0.0,0.526318,0.0,0,0.473682,0.526318,0,1.0,0,0.5736862000,inspect_p1,inspect,1,,,2,0.0,1.0,0,13.397676
1,257,GG:0.040887;GB:0.454327;BG:0.454303;BB:0.050483,0.0,0.0,0.0,0.0,0.040887,0.454327,0.0,0.454303,0.050483,0,0.495214,0.504786,0,0.49519,0.50481,0.9632017000,inspect_p1,inspect,1,,,2,0.0,1.0,0,27.255175
1,258,GB:0.473691;BG:0.473676;BB:0.052633,0.0,0.0,0.0,0.0,0.0,0.473691,0.0,0.473676,0.052633,0,0.473691,0.526309,0,0.473676,0.526324,1.0000000000,inspect_p1,inspect,1,,,2,0.0,1.0,0,27.86743
1,259,GG:4e-06;GB:0.473692;BG:0.473671;BB:0.052633,0.0,0.0,0.0,0.0,4e-06,0.473692,0.0,0.473671,0.052633,0,0.473696,0.526304,0,0.473675,0.526325,0.9999964000,inspect_p1,inspect,1,,,2,0.0,1.0,0,27.867448
1,260,GG:0.473659;BG:0.526341,0.0,0.0,0.0,0.0,0.473659,0.0,0.0,0.526341,0.0,0,0.473659,0.526341,0,1.0,0,0.5737069000,inspect_p1,inspect,1,,,2,0.0,1.0,0,13.397829
1,261,GN:0.89999;BN:0.10001,0.0,0.0,0.0,0.89999,0.0,0.0,0.10001,0.0,0.0,0,0.89999,0.10001,1.0,0,0,,buy_p2_notest,buy,2,,,18,0.0,1.0,0,33.077845
1,262,GG:0.298882;GB:0.332091;BG:0.332124;BB:0.036903,0.0,0.0,0.0,0.0,0.298882,0.332091,0.0,0.332124,0.036903,0,0.630973,0.369027,0,0.631006,0.368994,0.7310062000,inspect_p1,inspect,1,,,2,0.0,1.0,0,23.390257
1,263,GG:0.899992;BG:0.100008,0.0,0.0,0.0,0.0,0.899992,0.0,0.0,0.100008,0.0,0,0.899992,0.100008,0,1.0,0,0.1900072000,inspect_p1,inspect,1,,,2,0.0,1.0,0,10.555609
1,264,GG:0.809993;GB:0.089999;BG:0.090007;BB:0.010001,0.0,0.0,0.0,0.0,0.809993,0.089999,0.0,0.090007,0.010001,0,0.899992,0.100008,0,0.9,0.1,0.2710063000,inspect_p1,inspect,1,,,2,0.0,1.0,0,15.07784
1,265,GG:0.004245;GB:0.471659;BG:0.471684;BB:0.052412,0.0,0.0,0.0,0.0,0.004245,0.471659,0.0,0.471684,0.052412,0,0.475904,0.524096,0,0.475929,0.524071,0.9961795000,inspect_p1,inspect,1,,,2,0.0,1.0,0,27.803572
1,266,GB:0.473673;BG:0.473694;BB:0.052633,0.0,0.0,0.0,0.0,0.0,0.473673,0.0,0.473694,0.052633,0,0.473673,0.526327,0,0.473694,0.526306,1.0000000000,inspect_p1,inspect,1,,,2,0.0,1.0,0,27.867112
1,267,GG:0.473659;GB:0.526341,0.0,0.0,0.0,0.0,0.473659,0.526341,0.0,0.0,0.0,0,1.0,0,0,0.473659,0.526341,0.5737069000,inspect_p2,inspect,2,,,3,0.0,1.0,0,22.743258
1,268,NG:0.89999;NB:0.10001,0.0,0.89999,0.10001,0.0,0.0,0.0,0.0,0.0,0.0,1.0,0,0,0,0.89999,0.10001,,buy_p1_test,buy,1,,,6.666667,0.0,1.0,0,19.078198
1,269,GG:0.298882;GB:0.332124;BG:0.332091;BB:0.036903,0.0,0.0,0.0,0.0,0.298882,0.332124,0.0,0.332091,0.036903,0,0.631006,0.368994,0,0.630973,0.369027,0.7310062000,inspect_p1,inspect,1,,,2,0.0,1.0,0,23.390859
1,270,GG:0.899992;GB:0.100008,0.0,0.0,0.0,0.0,0.899992,0.100008,0.0,0.0,0.0,0,1.0,0,0,0.899992,0.100008,0.1900072000,assemble_notest_disassemble,assemble,,0,1,8.090079,0.8099928,0.1900072,0,12.411449
1,271,GG:0.809993;GB:0.090007;BG:0.089999;BB:0.010001,0.0,0.0,0.0,0.0,0.809993,0.090007,0.0,0.089999,0.010001,0,0.9,0.1,0,0.899992,0.100008,0.2710063000,inspect_p1,inspect,1,,,2,0.0,1.0,0,15.078124
1,272,GG:0.004245;GB:0.471684;BG:0.471659;BB:0.052412,0.0,0.0,0.0,0.0,0.004245,0.471684,0.0,0.471659,0.052412,0,0.475929,0.524071,0,0.475904,0.524096,0.9961795000,inspect_p1,inspect,1,,,2,0.0,1.0,0,27.804025
1,273,GB:0.473694;BG:0.473673;BB:0.052633,0.0,0.0,0.0,0.0,0.0,0.473694,0.0,0.473673,0.052633,0,0.473694,0.526306,0,0.473673,0.526327,1.0000000000,inspect_p1,inspect,1,,,2,0.0,1.0,0,27.867504
1,274,GG:0.082561;BG:0.917439,0.0,0.0,0.0,0.0,0.082561,0.0,0.0,0.917439,0.0,0,0.082561,0.917439,0,1.0,0,0.9256951000,inspect_p1,inspect,1,,,2,0.0,1.0,0,16.005149
1,275,GG:0.89999;BG:0.10001,0.0,0.0,0.0,0.0,0.89999,0.0,0.0,0.10001,0.0,0,0.89999,0.10001,0,1.0,0,0.1900090000,inspect_p1,inspect,1,,,2,0.0,1.0,0,10.555622
1,276,GG:0.809991;GB:0.089999;BG:0.090009;BB:0.010001,0.0,0.0,0.0,0.0,0.809991,0.089999,0.0,0.090009,0.010001,0,0.89999,0.10001,0,0.9,0.1,0.2710081000,inspect_p1,inspect,1,,,2,0.0,1.0,0,15.077845
1,277,GG:0.47366;BG:0.52634,0.0,0.0,0.0,0.0,0.47366,0.0,0.0,0.52634,0.0,0,0.47366,0.52634,0,1.0,0,0.5737060000,inspect_p1,inspect,1,,,2,0.0,1.0,0,13.397822
1,278,GG:0.040886;GB:0.454293;BG:0.454339;BB:0.050482,0.0,0.0,0.0,0.0,0.040886,0.454293,0.0,0.454339,0.050482,0,0.495179,0.504821,0,0.495225,0.504775,0.9632026000,inspect_p1,inspect,1,,,2,0.0,1.0,0,27.254502
1,279,GG:0.473662;BG:0.526338,0.0,0.0,0.0,0.0,0.473662,0.0,0.0,0.526338,0.0,0,0.473662,0.526338,0,1.0,0,0.5737042000,inspect_p1,inspect,1,,,2,0.0,1.0,0,13.397809
1,280,GG:0.298883;GB:0.332092;BG:0.332122;BB:0.036903,0.0,0.0,0.0,0.0,0.298883,0.332092,0.0,0.332122,0.036903,0,0.630975,0.369025,0,0.631005,0.368995,0.7310053000,inspect_p1,inspect,1,,,2,0.0,1.0,0,23.390264
1,281,GG:0.000426;GB:0.473468;BG:0.473493;BB:0.052613,0.0,0.0,0.0,0.0,0.000426,0.473468,0.0,0.473493,0.052613,0,0.473894,0.526106,0,0.473919,0.526081,0.9996166000,inspect_p1,inspect,1,,,2,0.0,1.0,0,27.860776
1,282,GG:0.082561;GB:0.917439,0.0,0.0,0.0,0.0,0.082561,0.917439,0.0,0.0,0.0,0,1.0,0,0,0.082561,0.917439,0.9256951000,inspect_p2,inspect,2,,,3,0.0,1.0,0,31.551655
1,283,GG:0.89999;GB:0.10001,0.0,0.0,0.0,0.0,0.89999,0.10001,0.0,0.0,0.0,0,1.0,0,0,0.89999,0.10001,0.1900090000,assemble_notest_disassemble,assemble,,0,1,8.090099,0.809991,0.190009,0,12.411531
1,284,GG:0.809991;GB:0.090009;BG:0.089999;BB:0.010001,0.0,0.0,0.0,0.0,0.809991,0.090009,0.0,0.089999,0.010001,0,0.9,0.1,0,0.89999,0.10001,0.2710081000,inspect_p1,inspect,1,,,2,0.0,1.0,0,15.078198
1,285,GG:0.47366;GB:0.52634,0.0,0.0,0.0,0.0,0.47366,0.52634,0.0,0.0,0.0,0,1.0,0,0,0.47366,0.52634,0.5737060000,inspect_p2,inspect,2,,,3,0.0,1.0,0,22.743236
1,286,GG:0.040886;GB:0.454339;BG:0.454293;BB:0.050482,0.0,0.0,0.0,0.0,0.040886,0.454339,0.0,0.454293,0.050482,0,0.495225,0.504775,0,0.495179,0.504821,0.9632026000,inspect_p1,inspect,1,,,2,0.0,1.0,0,27.255357
1,287,GG:0.473662;GB:0.526338,0.0,0.0,0.0,0.0,0.473662,0.526338,0.0,0.0,0.0,0,1.0,0,0,0.473662,0.526338,0.5737042000,inspect_p2,inspect,2,,,3,0.0,1.0,0,22.743191
1,288,GG:0.298883;GB:0.332122;BG:0.332092;BB:0.036903,0.0,0.0,0.0,0.0,0.298883,0.332122,0.0,0.332092,0.036903,0,0.631005,0.368995,0,0.630975,0.369025,0.7310053000,inspect_p1,inspect,1,,,2,0.0,1.0,0,23.390812
1,289,GG:0.000426;GB:0.473493;BG:0.473468;BB:0.052613,0.0,0.0,0.0,0.0,0.000426,0.473493,0.0,0.473468,0.052613,0,0.473919,0.526081,0,0.473894,0.526106,0.9996166000,inspect_p1,inspect,1,,,2,0.0,1.0,0,27.861222
1,290,GG:0.473657;BG:0.526343,0.0,0.0,0.0,0.0,0.473657,0.0,0.0,0.526343,0.0,0,0.473657,0.526343,0,1.0,0,0.5737087000,inspect_p1,inspect,1,,,2,0.0,1.0,0,13.397842
1,291,GG:0.298881;GB:0.33209;BG:0.332126;BB:0.036903,0.0,0.0,0.0,0.0,0.298881,0.33209,0.0,0.332126,0.036903,0,0.630971,0.369029,0,0.631007,0.368993,0.7310071000,inspect_p1,inspect,1,,,2,0.0,1.0,0,23.390235
1,292,GG:0.08256;BG:0.91744,0.0,0.0,0.0,0.0,0.08256,0.0,0.0,0.91744,0.0,0,0.08256,0.91744,0,1.0,0,0.9256960000,inspect_p1,inspect,1,,,2,0.0,1.0,0,16.005156
1,293,GG:0.004245;GB:0.471648;BG:0.471696;BB:0.052411,0.0,0.0,0.0,0.0,0.004245,0.471648,0.0,0.471696,0.052411,0,0.475893,0.524107,0,0.475941,0.524059,0.9961795000,inspect_p1,inspect,1,,,2,0.0,1.0,0,27.803326
1,294,GG:0.082562;BG:0.917438,0.0,0.0,0.0,0.0,0.082562,0.0,0.0,0.917438,0.0,0,0.082562,0.917438,0,1.0,0,0.9256942000,inspect_p1,inspect,1,,,2,0.0,1.0,0,16.005142
1,295,GG:0.040887;GB:0.454295;BG:0.454335;BB:0.050483,0.0,0.0,0.0,0.0,0.040887,0.454295,0.0,0.454335,0.050483,0,0.495182,0.504818,0,0.495222,0.504778,0.9632017000,inspect_p1,inspect,1,,,2,0.0,1.0,0,27.254555
1,296,GG:4.3e-05;GB:0.47365;BG:0.473674;BB:0.052633,0.0,0.0,0.0,0.0,4.3e-05,0.47365,0.0,0.473674,0.052633,0,0.473693,0.526307,0,0.473717,0.526283,0.9999613000,inspect_p1,inspect,1,,,2,0.0,1.0,0,27.866487
1,297,GG:0.473657;GB:0.526343,0.0,0.0,0.0,0.0,0.473657,0.526343,0.0,0.0,0.0,0,1.0,0,0,0.473657,0.526343,0.5737087000,inspect_p2,inspect,2,,,3,0.0,1.0,0,22.743303
1,298,GG:0.298881;GB:0.332126;BG:0.33209;BB:0.036903,0.0,0.0,0.0,0.0,0.298881,0.332126,0.0,0.33209,0.036903,0,0.631007,0.368993,0,0.630971,0.369029,0.7310071000,inspect_p1,inspect,1,,,2,0.0,1.0,0,23.390905
1,299,GG:0.08256;GB:0.91744,0.0,0.0,0.0,0.0,0.08256,0.91744,0.0,0.0,0.0,0,1.0,0,0,0.08256,0.91744,0.9256960000,inspect_p2,inspect,2,,,3,0.0,1.0,0,31.551677
1,300,GG:0.004245;GB:0.471696;BG:0.471648;BB:0.052411,0.0,0.0,0.0,0.0,0.004245,0.471696,0.0,0.471648,0.052411,0,0.475941,0.524059,0,0.475893,0.524107,0.9961795000,inspect_p1,inspect,1,,,2,0.0,1.0,0,27.804214
1,301,GG:0.082562;GB:0.917438,0.0,0.0,0.0,0.0,0.082562,0.917438,0.0,0.0,0.0,0,1.0,0,0,0.082562,0.917438,0.9256942000,inspect_p2,inspect,2,,,3,0.0,1.0,0,31.551632
1,302,GG:0.040887;GB:0.454335;BG:0.454295;BB:0.050483,0.0,0.0,0.0,0.0,0.040887,0.454335,0.0,0.454295,0.050483,0,0.495222,0.504778,0,0.495182,0.504818,0.9632017000,inspect_p1,inspect,1,,,2,0.0,1.0,0,27.255306
1,303,GG:4.3e-05;GB:0.473674;BG:0.47365;BB:0.052633,0.0,0.0,0.0,0.0,4.3e-05,0.473674,0.0,0.47365,0.052633,0,0.473717,0.526283,0,0.473693,0.526307,0.9999613000,inspect_p1,inspect,1,,,2,0.0,1.0,0,27.866952
1,304,GG:0.040886;GB:0.454291;BG:0.454341;BB:0.050482,0.0,0.0,0.0,0.0,0.040886,0.454291,0.0,0.454341,0.050482,0,0.495177,0.504823,0,0.495227,0.504773,0.9632026000,inspect_p1,inspect,1,,,2,0.0,1.0,0,27.254455
1,305,GG:0.000426;GB:0.473457;BG:0.473505;BB:0.052612,0.0,0.0,0.0,0.0,0.000426,0.473457,0.0,0.473505,0.052612,0,0.473883,0.526117,0,0.473931,0.526069,0.9996166000,inspect_p1,inspect,1,,,2,0.0,1.0,0,27.860527
1,306,GG:0.082563;BG:0.917437,0.0,0.0,0.0,0.0,0.082563,0.0,0.0,0.917437,0.0,0,0.082563,0.917437,0,1.0,0,0.9256933000,inspect_p1,inspect,1,,,2,0.0,1.0,0,16.005136
1,307,GG:0.004245;GB:0.471651;BG:0.471692;BB:0.052412,0.0,0.0,0.0,0.0,0.004245,0.471651,0.0,0.471692,0.052412,0,0.475896,0.524104,0,0.475937,0.524063,0.9961795000,inspect_p1,inspect,1,,,2,0.0,1.0,0,27.803407
1,308,GG:4e-06;GB:0.473668;BG:0.473693;BB:0.052635,0.0,0.0,0.0,0.0,4e-06,0.473668,0.0,0.473693,0.052635,0,0.473672,0.526328,0,0.473697,0.526303,0.9999964000,inspect_p1,inspect,1,,,2,0.0,1.0,0,27.867072
1,309,GG:0.040886;GB:0.454341;BG:0.454291;BB:0.050482,0.0,0.0,0.0,0.0,0.040886,0.454341,0.0,0.454291,0.050482,0,0.495227,0.504773,0,0.495177,0.504823,0.9632026000,inspect_p1,inspect,1,,,2,0.0,1.0,0,27.255382
1,310,GG:0.000426;GB:0.473505;BG:0.473457;BB:0.052612,0.0,0.0,0.0,0.0,0.000426,0.473505,0.0,0.473457,0.052612,0,0.473931,0.526069,0,0.473883,0.526117,0.9996166000,inspect_p1,inspect,1,,,2,0.0,1.0,0,27.861414
1,311,GG:0.082563;GB:0.917437,0.0,0.0,0.0,0.0,0.082563,0.917437,0.0,0.0,0.0,0,1.0,0,0,0.082563,0.917437,0.9256933000,inspect_p2,inspect,2,,,3,0.0,1.0,0,31.55161
1,312,GG:0.004245;GB:0.471692;BG:0.471651;BB:0.052412,0.0,0.0,0.0,0.0,0.004245,0.471692,0.0,0.471651,0.052412,0,0.475937,0.524063,0,0.475896,0.524104,0.9961795000,inspect_p1,inspect,1,,,2,0.0,1.0,0,27.804178
1,313,GG:4e-06;GB:0.473693;BG:0.473668;BB:0.052635,0.0,0.0,0.0,0.0,4e-06,0.473693,0.0,0.473668,0.052635,0,0.473697,0.526303,0,0.473672,0.526328,0.9999964000,inspect_p1,inspect,1,,,2,0.0,1.0,0,27.867551
1,314,GG:0.004245;GB:0.471646;BG:0.471698;BB:0.052411,0.0,0.0,0.0,0.0,0.004245,0.471646,0.0,0.471698,0.052411,0,0.475891,0.524109,0,0.475943,0.524057,0.9961795000,inspect_p1,inspect,1,,,2,0.0,1.0,0,27.803277
1,315,GG:4.3e-05;GB:0.473639;BG:0.473686;BB:0.052632,0.0,0.0,0.0,0.0,4.3e-05,0.473639,0.0,0.473686,0.052632,0,0.473682,0.526318,0,0.473729,0.526271,0.9999613000,inspect_p1,inspect,1,,,2,0.0,1.0,0,27.86625
1,316,GN:0.899989;BN:0.100011,0.0,0.0,0.0,0.899989,0.0,0.0,0.100011,0.0,0.0,0,0.899989,0.100011,1.0,0,0,,buy_p2_notest,buy,2,,,18,0.0,1.0,0,33.077848
1,317,GG:0.000426;GB:0.47346;BG:0.473501;BB:0.052613,0.0,0.0,0.0,0.0,0.000426,0.47346,0.0,0.473501,0.052613,0,0.473886,0.526114,0,0.473927,0.526073,0.9996166000,inspect_p1,inspect,1,,,2,0.0,1.0,0,27.860609
1,318,GB:0.47367;BG:0.473695;BB:0.052635,0.0,0.0,0.0,0.0,0.0,0.47367,0.0,0.473695,0.052635,0,0.47367,0.52633,0,0.473695,0.526305,1.0000000000,inspect_p1,inspect,1,,,2,0.0,1.0,0,27.867129
1,319,GG:0.004245;GB:0.471698;BG:0.471646;BB:0.052411,0.0,0.0,0.0,0.0,0.004245,0.471698,0.0,0.471646,0.052411,0,0.475943,0.524057,0,0.475891,0.524109,0.9961795000,inspect_p1,inspect,1,,,2,0.0,1.0,0,27.804243
1,320,GG:4.3e-05;GB:0.473686;BG:0.473639;BB:0.052632,0.0,0.0,0.0,0.0,4.3e-05,0.473686,0.0,0.473639,0.052632,0,0.473729,0.526271,0,0.473682,0.526318,0.9999613000,inspect_p1,inspect,1,,,2,0.0,1.0,0,27.867124
1,321,NG:0.899989;NB:0.100011,0.0,0.899989,0.100011,0.0,0.0,0.0,0.0,0.0,0.0,1.0,0,0,0,0.899989,0.100011,,buy_p1_notest,buy,1,,,4,0.0,1.0,0,19.078237
1,322,GG:0.000426;GB:0.473501;BG:0.47346;BB:0.052613,0.0,0.0,0.0,0.0,0.000426,0.473501,0.0,0.47346,0.052613,0,0.473927,0.526073,0,0.473886,0.526114,0.9996166000,inspect_p1,inspect,1,,,2,0.0,1.0,0,27.861378
1,323,GB:0.473695;BG:0.47367;BB:0.052635,0.0,0.0,0.0,0.0,0.0,0.473695,0.0,0.47367,0.052635,0,0.473695,0.526305,0,0.47367,0.52633,1.0000000000,inspect_p1,inspect,1,,,2,0.0,1.0,0,27.867607
1,324,GG:0.000426;GB:0.473455;BG:0.473507;BB:0.052612,0.0,0.0,0.0,0.0,0.000426,0.473455,0.0,0.473507,0.052612,0,0.473881,0.526119,0,0.473933,0.526067,0.9996166000,inspect_p1,inspect,1,,,2,0.0,1.0,0,27.860478
1,325,GG:4e-06;GB:0.473657;BG:0.473705;BB:0.052634,0.0,0.0,0.0,0.0,4e-06,0.473657,0.0,0.473705,0.052634,0,0.473661,0.526339,0,0.473709,0.526291,0.9999964000,inspect_p1,inspect,1,,,2,0.0,1.0,0,27.866834
1,326,GG:0.899989;BG:0.100011,0.0,0.0,0.0,0.0,0.899989,0.0,0.0,0.100011,0.0,0,0.899989,0.100011,0,1.0,0,0.1900099000,inspect_p1,inspect,1,,,2,0.0,1.0,0,10.555629
1,327,GG:0.80999;GB:0.089999;BG:0.09001;BB:0.010001,0.0,0.0,0.0,0.0,0.80999,0.089999,0.0,0.09001,0.010001,0,0.899989,0.100011,0,0.9,0.1,0.2710090000,inspect_p1,inspect,1,,,2,0.0,1.0,0,15.077848
1,328,GG:4.3e-05;GB:0.473642;BG:0.473682;BB:0.052633,0.0,0.0,0.0,0.0,4.3e-05,0.473642,0.0,0.473682,0.052633,0,0.473685,0.526315,0,0.473725,0.526275,0.9999613000,inspect_p1,inspect,1,,,2,0.0,1.0,0,27.866352
1,329,GG:0.000426;GB:0.473507;BG:0.473455;BB:0.052612,0.0,0.0,0.0,0.0,0.000426,0.473507,0.0,0.473455,0.052612,0,0.473933,0.526067,0,0.473881,0.526119,0.9996166000,inspect_p1,inspect,1,,,2,0.0,1.0,0,27.861443
1,330,GG:4e-06;GB:0.473705;BG:0.473657;BB:0.052634,0.0,0.0,0.0,0.0,4e-06,0.473705,0.0,0.473657,0.052634,0,0.473709,0.526291,0,0.473661,0.526339,0.9999964000,inspect_p1,inspect,1,,,2,0.0,1.0,0,27.867723
1,331,GG:0.899989;GB:0.100011,0.0,0.0,0.0,0.0,0.899989,0.100011,0.0,0.0,0.0,0,1.0,0,0,0.899989,0.100011,0.1900099000,assemble_notest_disassemble,assemble,,0,1,8.090109,0.8099901,0.1900099,0,12.411575
1,332,GG:0.80999;GB:0.09001;BG:0.089999;BB:0.010001,0.0,0.0,0.0,0.0,0.80999,0.09001,0.0,0.089999,0.010001,0,0.9,0.1,0,0.899989,0.100011,0.2710090000,inspect_p1,inspect,1,,,2,0.0,1.0,0,15.078237
1,333,GG:4.3e-05;GB:0.473682;BG:0.473642;BB:0.052633,0.0,0.0,0.0,0.0,4.3e-05,0.473682,0.0,0.473642,0.052633,0,0.473725,0.526275,0,0.473685,0.526315,0.9999613000,inspect_p1,inspect,1,,,2,0.0,1.0,0,27.867087
1,334,GG:4.3e-05;GB:0.473637;BG:0.473688;BB:0.052632,0.0,0.0,0.0,0.0,4.3e-05,0.473637,0.0,0.473688,0.052632,0,0.47368,0.52632,0,0.473731,0.526269,0.9999613000,inspect_p1,inspect,1,,,2,0.0,1.0,0,27.866221
1,335,GB:0.473659;BG:0.473707;BB:0.052634,0.0,0.0,0.0,0.0,0.0,0.473659,0.0,0.473707,0.052634,0,0.473659,0.526341,0,0.473707,0.526293,1.0000000000,inspect_p1,inspect,1,,,2,0.0,1.0,0,27.866891
1,336,GG:0.473654;BG:0.526346,0.0,0.0,0.0,0.0,0.473654,0.0,0.0,0.526346,0.0,0,0.473654,0.526346,0,1.0,0,0.5737114000,inspect_p1,inspect,1,,,2,0.0,1.0,0,13.397862
1,337,GG:0.298879;GB:0.332089;BG:0.332129;BB:0.036903,0.0,0.0,0.0,0.0,0.298879,0.332089,0.0,0.332129,0.036903,0,0.630968,0.369032,0,0.631008,0.368992,0.7310089000,inspect_p1,inspect,1,,,2,0.0,1.0,0,23.390222
1,338,GG:4e-06;GB:0.47366;BG:0.473701;BB:0.052635,0.0,0.0,0.0,0.0,4e-06,0.47366,0.0,0.473701,0.052635,0,0.473664,0.526336,0,0.473705,0.526295,0.9999964000,inspect_p1,inspect,1,,,2,0.0,1.0,0,27.866937
1,339,GG:4.3e-05;GB:0.473688;BG:0.473637;BB:0.052632,0.0,0.0,0.0,0.0,4.3e-05,0.473688,0.0,0.473637,0.052632,0,0.473731,0.526269,0,0.47368,0.52632,0.9999613000,inspect_p1,inspect,1,,,2,0.0,1.0,0,27.867173
1,340,GB:0.473707;BG:0.473659;BB:0.052634,0.0,0.0,0.0,0.0,0.0,0.473707,0.0,0.473659,0.052634,0,0.473707,0.526293,0,0.473659,0.526341,1.0000000000,inspect_p1,inspect,1,,,2,0.0,1.0,0,27.867779
1,341,GG:0.473654;GB:0.526346,0.0,0.0,0.0,0.0,0.473654,0.526346,0.0,0.0,0.0,0,1.0,0,0,0.473654,0.526346,0.5737114000,inspect_p2,inspect,2,,,3,0.0,1.0,0,22.743371
1,342,GG:0.298879;GB:0.332129;BG:0.332089;BB:0.036903,0.0,0.0,0.0,0.0,0.298879,0.332129,0.0,0.332089,0.036903,0,0.631008,0.368992,0,0.630968,0.369032,0.7310089000,inspect_p1,inspect,1,,,2,0.0,1.0,0,23.390966
1,343,GG:4e-06;GB:0.473701;BG:0.47366;BB:0.052635,0.0,0.0,0.0,0.0,4e-06,0.473701,0.0,0.47366,0.052635,0,0.473705,0.526295,0,0.473664,0.526336,0.9999964000,inspect_p1,inspect,1,,,2,0.0,1.0,0,27.867686
1,344,GG:4e-06;GB:0.473655;BG:0.473707;BB:0.052634,0.0,0.0,0.0,0.0,4e-06,0.473655,0.0,0.473707,0.052634,0,0.473659,0.526341,0,0.473711,0.526289,0.9999964000,inspect_p1,inspect,1,,,2,0.0,1.0,0,27.866806
1,345,GG:0.473653;BG:0.526347,0.0,0.0,0.0,0.0,0.473653,0.0,0.0,0.526347,0.0,0,0.473653,0.526347,0,1.0,0,0.5737123000,inspect_p1,inspect,1,,,2,0.0,1.0,0,13.397869
1,346,GG:0.040886;GB:0.454289;BG:0.454343;BB:0.050482,0.0,0.0,0.0,0.0,0.040886,0.454289,0.0,0.454343,0.050482,0,0.495175,0.504825,0,0.495229,0.504771,0.9632026000,inspect_p1,inspect,1,,,2,0.0,1.0,0,27.254419
1,347,GB:0.473662;BG:0.473703;BB:0.052635,0.0,0.0,0.0,0.0,0.0,0.473662,0.0,0.473703,0.052635,0,0.473662,0.526338,0,0.473703,0.526297,1.0000000000,inspect_p1,inspect,1,,,2,0.0,1.0,0,27.866973
1,348,GG:4e-06;GB:0.473707;BG:0.473655;BB:0.052634,0.0,0.0,0.0,0.0,4e-06,0.473707,0.0,0.473655,0.052634,0,0.473711,0.526289,0,0.473659,0.526341,0.9999964000,inspect_p1,inspect,1,,,2,0.0,1.0,0,27.867772
1,349,GG:0.473653;GB:0.526347,0.0,0.0,0.0,0.0,0.473653,0.526347,0.0,0.0,0.0,0,1.0,0,0,0.473653,0.526347,0.5737123000,inspect_p2,inspect,2,,,3,0.0,1.0,0,22.743394
1,350,GG:0.040886;GB:0.454343;BG:0.454289;BB:0.050482,0.0,0.0,0.0,0.0,0.040886,0.454343,0.0,0.454289,0.050482,0,0.495229,0.504771,0,0.495175,0.504825,0.9632026000,inspect_p1,inspect,1,,,2,0.0,1.0,0,27.255427
1,351,GB:0.473703;BG:0.473662;BB:0.052635,0.0,0.0,0.0,0.0,0.0,0.473703,0.0,0.473662,0.052635,0,0.473703,0.526297,0,0.473662,0.526338,1.0000000000,inspect_p1,inspect,1,,,2,0.0,1.0,0,27.867742
1,352,GB:0.473657;BG:0.473709;BB:0.052634,0.0,0.0,0.0,0.0,0.0,0.473657,0.0,0.473709,0.052634,0,0.473657,0.526343,0,0.473709,0.526291,1.0000000000,inspect_p1,inspect,1,,,2,0.0,1.0,0,27.86684
1,353,GG:0.082559;BG:0.917441,0.0,0.0,0.0,0.0,0.082559,0.0,0.0,0.917441,0.0,0,0.082559,0.917441,0,1.0,0,0.9256969000,inspect_p1,inspect,1,,,2,0.0,1.0,0,16.005162
1,354,GG:0.004245;GB:0.471644;BG:0.4717;BB:0.052411,0.0,0.0,0.0,0.0,0.004245,0.471644,0.0,0.4717,0.052411,0,0.475889,0.524111,0,0.475945,0.524055,0.9961795000,inspect_p1,inspect,1,,,2,0.0,1.0,0,27.803249
1,355,GB:0.473709;BG:0.473657;BB:0.052634,0.0,0.0,0.0,0.0,0.0,0.473709,0.0,0.473657,0.052634,0,0.473709,0.526291,0,0.473657,0.526343,1.0000000000,inspect_p1,inspect,1,,,2,0.0,1.0,0,27.867808
1,356,GG:0.082559;GB:0.917441,0.0,0.0,0.0,0.0,0.082559,0.917441,0.0,0.0,0.0,0,1.0,0,0,0.082559,0.917441,0.9256969000,inspect_p2,inspect,2,,,3,0.0,1.0,0,31.5517
1,357,GG:0.004245;GB:0.4717;BG:0.471644;BB:0.052411,0.0,0.0,0.0,0.0,0.004245,0.4717,0.0,0.471644,0.052411,0,0.475945,0.524055,0,0.475889,0.524111,0.9961795000,inspect_p1,inspect,1,,,2,0.0,1.0,0,27.804271
1,358,GG:0.000426;GB:0.473453;BG:0.473509;BB:0.052612,0.0,0.0,0.0,0.0,0.000426,0.473453,0.0,0.473509,0.052612,0,0.473879,0.526121,0,0.473935,0.526065,0.9996166000,inspect_p1,inspect,1,,,2,0.0,1.0,0,27.86045
1,359,GG:0.000426;GB:0.473509;BG:0.473453;BB:0.052612,0.0,0.0,0.0,0.0,0.000426,0.473509,0.0,0.473453,0.052612,0,0.473935,0.526065,0,0.473879,0.526121,0.9996166000,inspect_p1,inspect,1,,,2,0.0,1.0,0,27.861472
1,360,GG:4.3e-05;GB:0.473635;BG:0.47369;BB:0.052632,0.0,0.0,0.0,0.0,4.3e-05,0.473635,0.0,0.47369,0.052632,0,0.473678,0.526322,0,0.473733,0.526267,0.9999613000,inspect_p1,inspect,1,,,2,0.0,1.0,0,27.866193
1,361,GG:4.3e-05;GB:0.47369;BG:0.473635;BB:0.052632,0.0,0.0,0.0,0.0,4.3e-05,0.47369,0.0,0.473635,0.052632,0,0.473733,0.526267,0,0.473678,0.526322,0.9999613000,inspect_p1,inspect,1,,,2,0.0,1.0,0,27.867201
1,362,GG:4e-06;GB:0.473653;BG:0.473709;BB:0.052634,0.0,0.0,0.0,0.0,4e-06,0.473653,0.0,0.473709,0.052634,0,0.473657,0.526343,0,0.473713,0.526287,0.9999964000,inspect_p1,inspect,1,,,2,0.0,1.0,0,27.866754
1,363,GG:4e-06;GB:0.473709;BG:0.473653;BB:0.052634,0.0,0.0,0.0,0.0,4e-06,0.473709,0.0,0.473653,0.052634,0,0.473713,0.526287,0,0.473657,0.526343,0.9999964000,inspect_p1,inspect,1,,,2,0.0,1.0,0,27.8678
1,364,GB:0.473655;BG:0.473711;BB:0.052634,0.0,0.0,0.0,0.0,0.0,0.473655,0.0,0.473711,0.052634,0,0.473655,0.526345,0,0.473711,0.526289,1.0000000000,inspect_p1,inspect,1,,,2,0.0,1.0,0,27.866811
1,365,GB:0.473711;BG:0.473655;BB:0.052634,0.0,0.0,0.0,0.0,0.0,0.473711,0.0,0.473655,0.052634,0,0.473711,0.526289,0,0.473655,0.526345,1.0000000000,inspect_p1,inspect,1,,,2,0.0,1.0,0,27.867857
2,0,NN:1,1.0,0.0,0.0,0.0,0.0,0.0,0.0,0.0,0.0,1.0,0,0,1.0,0,0,,buy_p1_test,buy,1,,,7.5,0.0,1.0,0,44.0
2,1,GN:1,0.0,0.0,0.0,1.0,0.0,0.0,0.0,0.0,0.0,0,1.0,0,1.0,0,0,,buy_p2_test,buy,2,,,26.25,0.0,1.0,0,36.5
2,2,GN:0.8;BN:0.2,0.0,0.0,0.0,0.8,0.0,0.0,0.2,0.0,0.0,0,0.8,0.2,1.0,0,0,,buy_p2_test,buy,2,,,26.25,0.0,1.0,0,40.0
2,3,NG:1,0.0,1.0,0.0,0.0,0.0,0.0,0.0,0.0,0.0,1.0,0,0,0,1.0,0,,buy_p1_test,buy,1,,,7.5,0.0,1.0,0,17.75
2,4,NG:0.8;NB:0.2,0.0,0.8,0.2,0.0,0.0,0.0,0.0,0.0,0.0,1.0,0,0,0,0.8,0.2,,buy_p1_test,buy,1,,,7.5,0.0,1.0,0,26.0
2,5,GG:1,0.0,0.0,0.0,0.0,1.0,0.0,0.0,0.0,0.0,0,1.0,0,0,1.0,0,0.2000000000,assemble_notest_disassemble,assemble,,0,1,8.2,0.8,0.2,0,10.25
2,6,GG:0.8;GB:0.2,0.0,0.0,0.0,0.0,0.8,0.2,0.0,0.0,0.0,0,1.0,0,0,0.8,0.2,0.3600000000,inspect_p2,inspect,2,,,3,0.0,1.0,0,18.5
2,7,GG:0.8;BG:0.2,0.0,0.0,0.0,0.0,0.8,0.0,0.0,0.2,0.0,0,0.8,0.2,0,1.0,0,0.3600000000,inspect_p1,inspect,1,,,2,0.0,1.0,0,13.75
2,8,GG:0.64;GB:0.16;BG:0.16;BB:0.04,0.0,0.0,0.0,0.0,0.64,0.16,0.0,0.16,0.04,0,0.8,0.2,0,0.8,0.2,0.4880000000,inspect_p1,inspect,1,,,2,0.0,1.0,0,22.0
2,9,GG:0.444444;GB:0.555556,0.0,0.0,0.0,0.0,0.444444,0.555556,0.0,0.0,0.0,0,1.0,0,0,0.444444,0.555556,0.6444448000,inspect_p2,inspect,2,,,3,0.0,1.0,0,27.833345
2,10,GG:0.444444;BG:0.555556,0.0,0.0,0.0,0.0,0.444444,0.0,0.0,0.555556,0.0,0,0.444444,0.555556,0,1.0,0,0.6444448000,inspect_p1,inspect,1,,,2,0.0,1.0,0,16.41667
2,11,GG:0.262295;GB:0.327869;BG:0.327869;BB:0.081967,0.0,0.0,0.0,0.0,0.262295,0.327869,0.0,0.327869,0.081967,0,0.590164,0.409836,0,0.590164,0.409836,0.7901640000,inspect_p2,inspect,2,,,3,0.0,1.0,0,29.081968
2,12,GG:0.137931;GB:0.862069,0.0,0.0,0.0,0.0,0.137931,0.862069,0.0,0.0,0.0,0,1.0,0,0,0.137931,0.862069,0.8896552000,inspect_p2,inspect,2,,,3,0.0,1.0,0,35.879311
2,13,GG:0.137931;BG:0.862069,0.0,0.0,0.0,0.0,0.137931,0.0,0.0,0.862069,0.0,0,0.137931,0.862069,0,1.0,0,0.8896552000,inspect_p1,inspect,1,,,2,0.0,1.0,0,18.715517
2,14,GG:0.06639;GB:0.414938;BG:0.414938;BB:0.103734,0.0,0.0,0.0,0.0,0.06639,0.414938,0.0,0.414938,0.103734,0,0.481328,0.518672,0,0.481328,0.518672,0.9468880000,inspect_p1,inspect,1,,,2,0.0,1.0,0,32.755176
2,15,GG:0.031008;GB:0.968992,0.0,0.0,0.0,0.0,0.031008,0.968992,0.0,0.0,0.0,0,1.0,0,0,0.031008,0.968992,0.9751936000,inspect_p2,inspect,2,,,3,0.0,1.0,0,38.68604
2,16,GG:0.031008;BG:0.968992,0.0,0.0,0.0,0.0,0.031008,0.0,0.0,0.968992,0.0,0,0.031008,0.968992,0,1.0,0,0.9751936000,inspect_p1,inspect,1,,,2,0.0,1.0,0,19.51744
2,17,NG:0.800001;NB:0.199999,0.0,0.800001,0.199999,0.0,0.0,0.0,0.0,0.0,0.0,1.0,0,0,0,0.800001,0.199999,,buy_p1_test,buy,1,,,7.5,0.0,1.0,0,25.999974
2,18,GN:0.800001;BN:0.199999,0.0,0.0,0.0,0.800001,0.0,0.0,0.199999,0.0,0.0,0,0.800001,0.199999,1.0,0,0,,buy_p2_test,buy,2,,,26.25,0.0,1.0,0,39.999992
2,19,GG:0.014023;GB:0.438212;BG:0.438212;BB:0.109553,0.0,0.0,0.0,0.0,0.014023,0.438212,0.0,0.438212,0.109553,0,0.452235,0.547765,0,0.452235,0.547765,0.9887816000,inspect_p2,inspect,2,,,3,0.0,1.0,0,33.737069
2,20,GG:0.006359;GB:0.993641,0.0,0.0,0.0,0.0,0.006359,0.993641,0.0,0.0,0.0,0,1.0,0,0,0.006359,0.993641,0.9949128000,inspect_p2,inspect,2,,,3,0.0,1.0,0,39.333076
2,21,GG:0.006359;BG:0.993641,0.0,0.0,0.0,0.0,0.006359,0.0,0.0,0.993641,0.0,0,0.006359,0.993641,0,1.0,0,0.9949128000,inspect_p1,inspect,1,,,2,0.0,1.0,0,19.702307
2,22,GG:0.800001;GB:0.199999,0.0,0.0,0.0,0.0,0.800001,0.199999,0.0,0.0,0.0,0,1.0,0,0,0.800001,0.199999,0.3599992000,inspect_p2,inspect,2,,,3,0.0,1.0,0,18.499974
2,23,GG:0.640001;GB:0.159999;BG:0.16;BB:0.04,0.0,0.0,0.0,0.0,0.640001,0.159999,0.0,0.16,0.04,0,0.8,0.2,0,0.800001,0.199999,0.4879992000,inspect_p2,inspect,2,,,3,0.0,1.0,0,21.999974
2,24,GG:0.800001;BG:0.199999,0.0,0.0,0.0,0.0,0.800001,0.0,0.0,0.199999,0.0,0,0.800001,0.199999,0,1.0,0,0.3599992000,inspect_p1,inspect,1,,,2,0.0,1.0,0,13.749992
2,25,GG:0.640001;GB:0.16;BG:0.159999;BB:0.04,0.0,0.0,0.0,0.0,0.640001,0.16,0.0,0.159999,0.04,0,0.800001,0.199999,0,0.8,0.2,0.4879992000,inspect_p2,inspect,2,,,3,0.0,1.0,0,21.999994
2,26,GG:0.002836;GB:0.443184;BG:0.443184;BB:0.110796,0.0,0.0,0.0,0.0,0.002836,0.443184,0.0,0.443184,0.110796,0,0.44602,0.55398,0,0.44602,0.55398,0.9977312000,inspect_p2,inspect,2,,,3,0.0,1.0,0,33.946827
2,27,GG:0.001278;GB:0.998722,0.0,0.0,0.0,0.0,0.001278,0.998722,0.0,0.0,0.0,0,1.0,0,0,0.001278,0.998722,0.9989776000,inspect_p2,inspect,2,,,3,0.0,1.0,0,39.466452
2,28,GG:0.001278;BG:0.998722,0.0,0.0,0.0,0.0,0.001278,0.0,0.0,0.998722,0.0,0,0.001278,0.998722,0,1.0,0,0.9989776000,inspect_p1,inspect,1,,,2,0.0,1.0,0,19.740415
2,29,GG:0.444446;GB:0.555554,0.0,0.0,0.0,0.0,0.444446,0.555554,0.0,0.0,0.0,0,1.0,0,0,0.444446,0.555554,0.6444432000,inspect_p2,inspect,2,,,3,0.0,1.0,0,27.833292
2,30,GN:0.799999;BN:0.200001,0.0,0.0,0.0,0.799999,0.0,0.0,0.200001,0.0,0.0,0,0.799999,0.200001,1.0,0,0,,buy_p2_notest,buy,2,,,18,0.0,1.0,0,40.000002
2,31,GG:0.262296;GB:0.327867;BG:0.32787;BB:0.081967,0.0,0.0,0.0,0.0,0.262296,0.327867,0.0,0.32787,0.081967,0,0.590163,0.409837,0,0.590166,0.409834,0.7901632000,inspect_p1,inspect,1,,,2,0.0,1.0,0,29.081915
2,32,GG:0.444446;BG:0.555554,0.0,0.0,0.0,0.0,0.444446,0.0,0.0,0.555554,0.0,0,0.444446,0.555554,0,1.0,0,0.6444432000,inspect_p1,inspect,1,,,2,0.0,1.0,0,16.416655
2,33,NG:0.799999;NB:0.200001,0.0,0.799999,0.200001,0.0,0.0,0.0,0.0,0.0,0.0,1.0,0,0,0,0.799999,0.200001,,buy_p1_notest,buy,1,,,4,0.0,1.0,0,26.000021
2,34,GG:0.262296;GB:0.32787;BG:0.327867;BB:0.081967,0.0,0.0,0.0,0.0,0.262296,0.32787,0.0,0.327867,0.081967,0,0.590166,0.409834,0,0.590163,0.409837,0.7901632000,inspect_p2,inspect,2,,,3,0.0,1.0,0,29.081975
2,35,GG:0.006358;GB:0.993642,0.0,0.0,0.0,0.0,0.006358,0.993642,0.0,0.0,0.0,0,1.0,0,0,0.006358,0.993642,0.9949136000,inspect_p2,inspect,2,,,3,0.0,1.0,0,39.333102
2,36,GG:0.006358;BG:0.993642,0.0,0.0,0.0,0.0,0.006358,0.0,0.0,0.993642,0.0,0,0.006358,0.993642,0,1.0,0,0.9949136000,inspect_p1,inspect,1,,,2,0.0,1.0,0,19.702315
2,37,GG:0.000568;GB:0.444192;BG:0.444192;BB:0.111048,0.0,0.0,0.0,0.0,0.000568,0.444192,0.0,0.444192,0.111048,0,0.44476,0.55524,0,0.44476,0.55524,0.9995456000,inspect_p2,inspect,2,,,3,0.0,1.0,0,33.98935
2,38,GG:0.000256;GB:0.999744,0.0,0.0,0.0,0.0,0.000256,0.999744,0.0,0.0,0.0,0,1.0,0,0,0.000256,0.999744,0.9997952000,inspect_p2,inspect,2,,,3,0.0,1.0,0,39.49328
2,39,GG:0.000256;BG:0.999744,0.0,0.0,0.0,0.0,0.000256,0.0,0.0,0.999744,0.0,0,0.000256,0.999744,0,1.0,0,0.9997952000,inspect_p1,inspect,1,,,2,0.0,1.0,0,19.74808
2,40,GG:0.137932;GB:0.862068,0.0,0.0,0.0,0.0,0.137932,0.862068,0.0,0.0,0.0,0,1.0,0,0,0.137932,0.862068,0.8896544000,inspect_p2,inspect,2,,,3,0.0,1.0,0,35.879285
2,41,GG:0.799999;BG:0.200001,0.0,0.0,0.0,0.0,0.799999,0.0,0.0,0.200001,0.0,0,0.799999,0.200001,0,1.0,0,0.3600008000,inspect_p1,inspect,1,,,2,0.0,1.0,0,13.750007
2,42,GG:0.639999;GB:0.16;BG:0.160001;BB:0.04,0.0,0.0,0.0,0.0,0.639999,0.16,0.0,0.160001,0.04,0,0.799999,0.200001,0,0.8,0.2,0.4880008000,inspect_p1,inspect,1,,,2,0.0,1.0,0,22.000002
2,43,GG:0.444447;GB:0.555553,0.0,0.0,0.0,0.0,0.444447,0.555553,0.0,0.0,0.0,0,1.0,0,0,0.444447,0.555553,0.6444424000,inspect_p2,inspect,2,,,3,0.0,1.0,0,27.833266
2,44,GG:0.06639;GB:0.414936;BG:0.41494;BB:0.103734,0.0,0.0,0.0,0.0,0.06639,0.414936,0.0,0.41494,0.103734,0,0.481326,0.518674,0,0.48133,0.51867,0.9468880000,inspect_p1,inspect,1,,,2,0.0,1.0,0,32.755142
2,45,GG:0.137932;BG:0.862068,0.0,0.0,0.0,0.0,0.137932,0.0,0.0,0.862068,0.0,0,0.137932,0.862068,0,1.0,0,0.8896544000,inspect_p1,inspect,1,,,2,0.0,1.0,0,18.71551
2,46,GG:0.799999;GB:0.200001,0.0,0.0,0.0,0.0,0.799999,0.200001,0.0,0.0,0.0,0,1.0,0,0,0.799999,0.200001,0.3600008000,inspect_p2,inspect,2,,,3,0.0,1.0,0,18.500026
2,47,GG:0.639999;GB:0.160001;BG:0.16;BB:0.04,0.0,0.0,0.0,0.0,0.639999,0.160001,0.0,0.16,0.04,0,0.8,0.2,0,0.799999,0.200001,0.4880008000,inspect_p1,inspect,1,,,2,0.0,1.0,0,22.000021
2,48,GG:0.444447;BG:0.555553,0.0,0.0,0.0,0.0,0.444447,0.0,0.0,0.555553,0.0,0,0.444447,0.555553,0,1.0,0,0.6444424000,inspect_p1,inspect,1,,,2,0.0,1.0,0,16.416647
2,49,GG:0.06639;GB:0.41494;BG:0.414936;BB:0.103734,0.0,0.0,0.0,0.0,0.06639,0.41494,0.0,0.414936,0.103734,0,0.48133,0.51867,0,0.481326,0.518674,0.9468880000,inspect_p2,inspect,2,,,3,0.0,1.0,0,32.755217
2,50,GG:0.001277;GB:0.998723,0.0,0.0,0.0,0.0,0.001277,0.998723,0.0,0.0,0.0,0,1.0,0,0,0.001277,0.998723,0.9989784000,inspect_p2,inspect,2,,,3,0.0,1.0,0,39.466479
2,51,GG:0.001277;BG:0.998723,0.0,0.0,0.0,0.0,0.001277,0.0,0.0,0.998723,0.0,0,0.001277,0.998723,0,1.0,0,0.9989784000,inspect_p1,inspect,1,,,2,0.0,1.0,0,19.740422
2,52,GG:0.000114;GB:0.444394;BG:0.444394;BB:0.111098,0.0,0.0,0.0,0.0,0.000114,0.444394,0.0,0.444394,0.111098,0,0.444508,0.555492,0,0.444508,0.555492,0.9999088000,inspect_p2,inspect,2,,,3,0.0,1.0,0,33.997855
2,53,GG:5.1e-05;GB:0.999949,0.0,0.0,0.0,0.0,5.1e-05,0.999949,0.0,0.0,0.0,0,1.0,0,0,5.1e-05,0.999949,0.9999592000,inspect_p2,inspect,2,,,3,0.0,1.0,0,39.498661
2,54,GG:5.1e-05;BG:0.999949,0.0,0.0,0.0,0.0,5.1e-05,0.0,0.0,0.999949,0.0,0,5.1e-05,0.999949,0,1.0,0,0.9999592000,inspect_p1,inspect,1,,,2,0.0,1.0,0,19.749617
2,55,GG:0.444443;BG:0.555557,0.0,0.0,0.0,0.0,0.444443,0.0,0.0,0.555557,0.0,0,0.444443,0.555557,0,1.0,0,0.6444456000,inspect_p1,inspect,1,,,2,0.0,1.0,0,16.416677
2,56,GG:0.262294;GB:0.327868;BG:0.327871;BB:0.081967,0.0,0.0,0.0,0.0,0.262294,0.327868,0.0,0.327871,0.081967,0,0.590162,0.409838,0,0.590165,0.409835,0.7901648000,inspect_p2,inspect,2,,,3,0.0,1.0,0,29.081953
2,57,NG:0.800002;NB:0.199998,0.0,0.800002,0.199998,0.0,0.0,0.0,0.0,0.0,0.0,1.0,0,0,0,0.800002,0.199998,,buy_p1_test,buy,1,,,7.5,0.0,1.0,0,25.999947
2,58,GG:0.13793;BG:0.86207,0.0,0.0,0.0,0.0,0.13793,0.0,0.0,0.86207,0.0,0,0.13793,0.86207,0,1.0,0,0.8896560000,inspect_p1,inspect,1,,,2,0.0,1.0,0,18.715525
2,59,GG:0.014023;GB:0.43821;BG:0.438214;BB:0.109553,0.0,0.0,0.0,0.0,0.014023,0.43821,0.0,0.438214,0.109553,0,0.452233,0.547767,0,0.452237,0.547763,0.9887816000,inspect_p2,inspect,2,,,3,0.0,1.0,0,33.73703
2,60,GG:0.444443;GB:0.555557,0.0,0.0,0.0,0.0,0.444443,0.555557,0.0,0.0,0.0,0,1.0,0,0,0.444443,0.555557,0.6444456000,inspect_p2,inspect,2,,,3,0.0,1.0,0,27.833371
2,61,GG:0.262294;GB:0.327871;BG:0.327868;BB:0.081967,0.0,0.0,0.0,0.0,0.262294,0.327871,0.0,0.327868,0.081967,0,0.590165,0.409835,0,0.590162,0.409838,0.7901648000,inspect_p1,inspect,1,,,2,0.0,1.0,0,29.082007
2,62,GG:0.13793;GB:0.86207,0.0,0.0,0.0,0.0,0.13793,0.86207,0.0,0.0,0.0,0,1.0,0,0,0.13793,0.86207,0.8896560000,inspect_p2,inspect,2,,,3,0.0,1.0,0,35.879337
2,63,GN:0.800002;BN:0.199998,0.0,0.0,0.0,0.800002,0.0,0.0,0.199998,0.0,0.0,0,0.800002,0.199998,1.0,0,0,,buy_p2_test,buy,2,,,26.25,0.0,1.0,0,39.999985
2,64,GG:0.014023;GB:0.438214;BG:0.43821;BB:0.109553,0.0,0.0,0.0,0.0,0.014023,0.438214,0.0,0.43821,0.109553,0,0.452237,0.547763,0,0.452233,0.547767,0.9887816000,inspect_p2,inspect,2,,,3,0.0,1.0,0,33.737106
2,65,GG:2.3e-05;GB:0.444434;BG:0.444435;BB:0.111108,0.0,0.0,0.0,0.0,2.3e-05,0.444434,0.0,0.444435,0.111108,0,0.444457,0.555543,0,0.444458,0.555542,0.9999816000,inspect_p2,inspect,2,,,3,0.0,1.0,0,33.999548
2,66,GG:1e-05;GB:0.99999,0.0,0.0,0.0,0.0,1e-05,0.99999,0.0,0.0,0.0,0,1.0,0,0,1e-05,0.99999,0.9999920000,inspect_p2,inspect,2,,,3,0.0,1.0,0,39.499737
2,67,GG:1e-05;BG:0.99999,0.0,0.0,0.0,0.0,1e-05,0.0,0.0,0.99999,0.0,0,1e-05,0.99999,0,1.0,0,0.9999920000,inspect_p1,inspect,1,,,2,0.0,1.0,0,19.749925
2,68,GG:0.444442;BG:0.555558,0.0,0.0,0.0,0.0,0.444442,0.0,0.0,0.555558,0.0,0,0.444442,0.555558,0,1.0,0,0.6444464000,inspect_p1,inspect,1,,,2,0.0,1.0,0,16.416685
2,69,GG:0.800002;GB:0.199998,0.0,0.0,0.0,0.0,0.800002,0.199998,0.0,0.0,0.0,0,1.0,0,0,0.800002,0.199998,0.3599984000,inspect_p2,inspect,2,,,3,0.0,1.0,0,18.499947
2,70,GG:0.640002;GB:0.159998;BG:0.16;BB:0.04,0.0,0.0,0.0,0.0,0.640002,0.159998,0.0,0.16,0.04,0,0.8,0.2,0,0.800002,0.199998,0.4879984000,inspect_p2,inspect,2,,,3,0.0,1.0,0,21.99995
2,71,GG:0.031007;BG:0.968993,0.0,0.0,0.0,0.0,0.031007,0.0,0.0,0.968993,0.0,0,0.031007,0.968993,0,1.0,0,0.9751944000,inspect_p1,inspect,1,,,2,0.0,1.0,0,19.517447
2,72,GG:0.002836;GB:0.443182;BG:0.443186;BB:0.110796,0.0,0.0,0.0,0.0,0.002836,0.443182,0.0,0.443186,0.110796,0,0.446018,0.553982,0,0.446022,0.553978,0.9977312000,inspect_p2,inspect,2,,,3,0.0,1.0,0,33.946787
2,73,GG:0.444442;GB:0.555558,0.0,0.0,0.0,0.0,0.444442,0.555558,0.0,0.0,0.0,0,1.0,0,0,0.444442,0.555558,0.6444464000,inspect_p2,inspect,2,,,3,0.0,1.0,0,27.833397
2,74,GG:0.031007;GB:0.968993,0.0,0.0,0.0,0.0,0.031007,0.968993,0.0,0.0,0.0,0,1.0,0,0,0.031007,0.968993,0.9751944000,inspect_p2,inspect,2,,,3,0.0,1.0,0,38.686066
2,75,GG:0.800002;BG:0.199998,0.0,0.0,0.0,0.0,0.800002,0.0,0.0,0.199998,0.0,0,0.800002,0.199998,0,1.0,0,0.3599984000,inspect_p1,inspect,1,,,2,0.0,1.0,0,13.749985
2,76,GG:0.640002;GB:0.16;BG:0.159998;BB:0.04,0.0,0.0,0.0,0.0,0.640002,0.16,0.0,0.159998,0.04,0,0.800002,0.199998,0,0.8,0.2,0.4879984000,inspect_p2,inspect,2,,,3,0.0,1.0,0,21.999988
2,77,GG:0.002836;GB:0.443186;BG:0.443182;BB:0.110796,0.0,0.0,0.0,0.0,0.002836,0.443186,0.0,0.443182,0.110796,0,0.446022,0.553978,0,0.446018,0.553982,0.9977312000,inspect_p2,inspect,2,,,3,0.0,1.0,0,33.946863
2,78,GG:5.2e-05;GB:0.999948,0.0,0.0,0.0,0.0,5.2e-05,0.999948,0.0,0.0,0.0,0,1.0,0,0,5.2e-05,0.999948,0.9999584000,inspect_p2,inspect,2,,,3,0.0,1.0,0,39.498635
2,79,GG:5.2e-05;BG:0.999948,0.0,0.0,0.0,0.0,5.2e-05,0.0,0.0,0.999948,0.0,0,5.2e-05,0.999948,0,1.0,0,0.9999584000,inspect_p1,inspect,1,,,2,0.0,1.0,0,19.74961
2,80,GG:5e-06;GB:0.444442;BG:0.444443;BB:0.11111,0.0,0.0,0.0,0.0,5e-06,0.444442,0.0,0.444443,0.11111,0,0.444447,0.555553,0,0.444448,0.555552,0.9999960000,inspect_p2,inspect,2,,,3,0.0,1.0,0,33.999887
2,81,GG:2e-06;GB:0.999998,0.0,0.0,0.0,0.0,2e-06,0.999998,0.0,0.0,0.0,0,1.0,0,0,2e-06,0.999998,0.9999984000,inspect_p2,inspect,2,,,3,0.0,1.0,0,39.499947
2,82,GG:2e-06;BG:0.999998,0.0,0.0,0.0,0.0,2e-06,0.0,0.0,0.999998,0.0,0,2e-06,0.999998,0,1.0,0,0.9999984000,inspect_p1,inspect,1,,,2,0.0,1.0,0,19.749985
2,83,GG:0.444448;GB:0.555552,0.0,0.0,0.0,0.0,0.444448,0.555552,0.0,0.0,0.0,0,1.0,0,0,0.444448,0.555552,0.6444416000,inspect_p2,inspect,2,,,3,0.0,1.0,0,27.83324
2,84,GN:0.799998;BN:0.200002,0.0,0.0,0.0,0.799998,0.0,0.0,0.200002,0.0,0.0,0,0.799998,0.200002,1.0,0,0,,buy_p2_test,buy,2,,,26.25,0.0,1.0,0,40.000015
2,85,GG:0.262297;GB:0.327866;BG:0.32787;BB:0.081967,0.0,0.0,0.0,0.0,0.262297,0.327866,0.0,0.32787,0.081967,0,0.590163,0.409837,0,0.590167,0.409833,0.7901624000,inspect_p2,inspect,2,,,3,0.0,1.0,0,29.081893
2,86,GG:0.000568;GB:0.44419;BG:0.444194;BB:0.111048,0.0,0.0,0.0,0.0,0.000568,0.44419,0.0,0.444194,0.111048,0,0.444758,0.555242,0,0.444762,0.555238,0.9995456000,inspect_p1,inspect,1,,,2,0.0,1.0,0,33.98931
2,87,GG:0.444448;BG:0.555552,0.0,0.0,0.0,0.0,0.444448,0.0,0.0,0.555552,0.0,0,0.444448,0.555552,0,1.0,0,0.6444416000,inspect_p1,inspect,1,,,2,0.0,1.0,0,16.41664
2,88,NG:0.799998;NB:0.200002,0.0,0.799998,0.200002,0.0,0.0,0.0,0.0,0.0,0.0,1.0,0,0,0,0.799998,0.200002,,buy_p1_test,buy,1,,,7.5,0.0,1.0,0,26.000052
2,89,GG:0.262297;GB:0.32787;BG:0.327866;BB:0.081967,0.0,0.0,0.0,0.0,0.262297,0.32787,0.0,0.327866,0.081967,0,0.590167,0.409833,0,0.590163,0.409837,0.7901624000,inspect_p2,inspect,2,,,3,0.0,1.0,0,29.08197
2,90,GG:0.000568;GB:0.444194;BG:0.44419;BB:0.111048,0.0,0.0,0.0,0.0,0.000568,0.444194,0.0,0.44419,0.111048,0,0.444762,0.555238,0,0.444758,0.555242,0.9995456000,inspect_p2,inspect,2,,,3,0.0,1.0,0,33.989387
2,91,GG:1.1e-05;GB:0.999989,0.0,0.0,0.0,0.0,1.1e-05,0.999989,0.0,0.0,0.0,0,1.0,0,0,1.1e-05,0.999989,0.9999912000,inspect_p2,inspect,2,,,3,0.0,1.0,0,39.499711
2,92,GG:1.1e-05;BG:0.999989,0.0,0.0,0.0,0.0,1.1e-05,0.0,0.0,0.999989,0.0,0,1.1e-05,0.999989,0,1.0,0,0.9999912000,inspect_p1,inspect,1,,,2,0.0,1.0,0,19.749917
2,93,GG:1e-06;GB:0.444444;BG:0.444445;BB:0.11111,0.0,0.0,0.0,0.0,1e-06,0.444444,0.0,0.444445,0.11111,0,0.444445,0.555555,0,0.444446,0.555554,0.9999992000,inspect_p1,inspect,1,,,2,0.0,1.0,0,33.999955
2,94,GB:1,0.0,0.0,0.0,0.0,0.0,1.0,0.0,0.0,0.0,0,1.0,0,0,0,1.0,1.0000000000,inspect_p2,inspect,2,,,3,0.0,1.0,0,39.5
2,95,BG:1,0.0,0.0,0.0,0.0,0.0,0.0,0.0,1.0,0.0,0,0,1.0,0,1.0,0,1.0000000000,inspect_p1,inspect,1,,,2,0.0,1.0,0,19.75
2,96,GG:0.137933;GB:0.862067,0.0,0.0,0.0,0.0,0.137933,0.862067,0.0,0.0,0.0,0,1.0,0,0,0.137933,0.862067,0.8896536000,inspect_p2,inspect,2,,,3,0.0,1.0,0,35.879259
2,97,GG:0.799998;BG:0.200002,0.0,0.0,0.0,0.0,0.799998,0.0,0.0,0.200002,0.0,0,0.799998,0.200002,0,1.0,0,0.3600016000,inspect_p1,inspect,1,,,2,0.0,1.0,0,13.750015
2,98,GG:0.639998;GB:0.16;BG:0.160002;BB:0.04,0.0,0.0,0.0,0.0,0.639998,0.16,0.0,0.160002,0.04,0,0.799998,0.200002,0,0.8,0.2,0.4880016000,inspect_p2,inspect,2,,,3,0.0,1.0,0,22.000018
2,99,GG:0.444445;BG:0.555555,0.0,0.0,0.0,0.0,0.444445,0.0,0.0,0.555555,0.0,0,0.444445,0.555555,0,1.0,0,0.6444440000,inspect_p1,inspect,1,,,2,0.0,1.0,0,16.416662
2,100,GG:0.066391;GB:0.414935;BG:0.41494;BB:0.103734,0.0,0.0,0.0,0.0,0.066391,0.414935,0.0,0.41494,0.103734,0,0.481326,0.518674,0,0.481331,0.518669,0.9468872000,inspect_p1,inspect,1,,,2,0.0,1.0,0,32.755104
2,101,GG:0.000114;GB:0.444392;BG:0.444396;BB:0.111098,0.0,0.0,0.0,0.0,0.000114,0.444392,0.0,0.444396,0.111098,0,0.444506,0.555494,0,0.44451,0.55549,0.9999088000,inspect_p2,inspect,2,,,3,0.0,1.0,0,33.997819
2,102,GG:0.137933;BG:0.862067,0.0,0.0,0.0,0.0,0.137933,0.0,0.0,0.862067,0.0,0,0.137933,0.862067,0,1.0,0,0.8896536000,inspect_p1,inspect,1,,,2,0.0,1.0,0,18.715502
2,103,GG:0.799998;GB:0.200002,0.0,0.0,0.0,0.0,0.799998,0.200002,0.0,0.0,0.0,0,1.0,0,0,0.799998,0.200002,0.3600016000,inspect_p2,inspect,2,,,3,0.0,1.0,0,18.500052
2,104,GG:0.639998;GB:0.160002;BG:0.16;BB:0.04,0.0,0.0,0.0,0.0,0.639998,0.160002,0.0,0.16,0.04,0,0.8,0.2,0,0.799998,0.200002,0.4880016000,inspect_p2,inspect,2,,,3,0.0,1.0,0,22.000055
2,105,GG:0.444445;GB:0.555555,0.0,0.0,0.0,0.0,0.444445,0.555555,0.0,0.0,0.0,0,1.0,0,0,0.444445,0.555555,0.6444440000,inspect_p2,inspect,2,,,3,0.0,1.0,0,27.833319
2,106,GG:0.066391;GB:0.41494;BG:0.414935;BB:0.103734,0.0,0.0,0.0,0.0,0.066391,0.41494,0.0,0.414935,0.103734,0,0.481331,0.518669,0,0.481326,0.518674,0.9468872000,inspect_p1,inspect,1,,,2,0.0,1.0,0,32.755206
2,107,GG:0.000114;GB:0.444396;BG:0.444392;BB:0.111098,0.0,0.0,0.0,0.0,0.000114,0.444396,0.0,0.444392,0.111098,0,0.44451,0.55549,0,0.444506,0.555494,0.9999088000,inspect_p2,inspect,2,,,3,0.0,1.0,0,33.997896
2,108,GB:0.444444;BG:0.444446;BB:0.11111,0.0,0.0,0.0,0.0,0.0,0.444444,0.0,0.444446,0.11111,0,0.444444,0.555556,0,0.444446,0.555554,1.0000000000,inspect_p2,inspect,2,,,3,0.0,1.0,0,33.999964
2,109,GG:0.444441;BG:0.555559,0.0,0.0,0.0,0.0,0.444441,0.0,0.0,0.555559,0.0,0,0.444441,0.555559,0,1.0,0,0.6444472000,inspect_p1,inspect,1,,,2,0.0,1.0,0,16.416692
2,110,GG:0.799997;BG:0.200003,0.0,0.0,0.0,0.0,0.799997,0.0,0.0,0.200003,0.0,0,0.799997,0.200003,0,1.0,0,0.3600024000,inspect_p1,inspect,1,,,2,0.0,1.0,0,13.750022
2,111,GG:0.262293;GB:0.327868;BG:0.327872;BB:0.081967,0.0,0.0,0.0,0.0,0.262293,0.327868,0.0,0.327872,0.081967,0,0.590161,0.409839,0,0.590165,0.409835,0.7901656000,inspect_p2,inspect,2,,,3,0.0,1.0,0,29.081962
2,112,GG:0.137934;GB:0.862066,0.0,0.0,0.0,0.0,0.137934,0.862066,0.0,0.0,0.0,0,1.0,0,0,0.137934,0.862066,0.8896528000,inspect_p2,inspect,2,,,3,0.0,1.0,0,35.879232
2,113,GG:2.3e-05;GB:0.444433;BG:0.444436;BB:0.111108,0.0,0.0,0.0,0.0,2.3e-05,0.444433,0.0,0.444436,0.111108,0,0.444456,0.555544,0,0.444459,0.555541,0.9999816000,inspect_p2,inspect,2,,,3,0.0,1.0,0,33.999532
2,114,GG:0.444441;GB:0.555559,0.0,0.0,0.0,0.0,0.444441,0.555559,0.0,0.0,0.0,0,1.0,0,0,0.444441,0.555559,0.6444472000,inspect_p2,inspect,2,,,3,0.0,1.0,0,27.833424
2,115,GG:0.799997;GB:0.200003,0.0,0.0,0.0,0.0,0.799997,0.200003,0.0,0.0,0.0,0,1.0,0,0,0.799997,0.200003,0.3600024000,inspect_p2,inspect,2,,,3,0.0,1.0,0,18.500079
2,116,GG:0.262293;GB:0.327872;BG:0.327868;BB:0.081967,0.0,0.0,0.0,0.0,0.262293,0.327872,0.0,0.327868,0.081967,0,0.590165,0.409835,0,0.590161,0.409839,0.7901656000,inspect_p2,inspect,2,,,3,0.0,1.0,0,29.082037
2,117,GG:0.137934;BG:0.862066,0.0,0.0,0.0,0.0,0.137934,0.0,0.0,0.862066,0.0,0,0.137934,0.862066,0,1.0,0,0.8896528000,inspect_p1,inspect,1,,,2,0.0,1.0,0,18.715495
2,118,GG:2.3e-05;GB:0.444436;BG:0.444433;BB:0.111108,0.0,0.0,0.0,0.0,2.3e-05,0.444436,0.0,0.444433,0.111108,0,0.444459,0.555541,0,0.444456,0.555544,0.9999816000,inspect_p2,inspect,2,,,3,0.0,1.0,0,33.999588
2,119,GG:0.137929;BG:0.862071,0.0,0.0,0.0,0.0,0.137929,0.0,0.0,0.862071,0.0,0,0.137929,0.862071,0,1.0,0,0.8896568000,inspect_p1,inspect,1,,,2,0.0,1.0,0,18.715532
2,120,GG:0.44444;BG:0.55556,0.0,0.0,0.0,0.0,0.44444,0.0,0.0,0.55556,0.0,0,0.44444,0.55556,0,1.0,0,0.6444480000,inspect_p1,inspect,1,,,2,0.0,1.0,0,16.4167
2,121,GG:0.066389;GB:0.414936;BG:0.414941;BB:0.103734,0.0,0.0,0.0,0.0,0.066389,0.414936,0.0,0.414941,0.103734,0,0.481325,0.518675,0,0.48133,0.51867,0.9468888000,inspect_p1,inspect,1,,,2,0.0,1.0,0,32.755145
2,122,GG:0.031009;GB:0.968991,0.0,0.0,0.0,0.0,0.031009,0.968991,0.0,0.0,0.0,0,1.0,0,0,0.031009,0.968991,0.9751928000,inspect_p2,inspect,2,,,3,0.0,1.0,0,38.686014
2,123,GG:5e-06;GB:0.444441;BG:0.444444;BB:0.11111,0.0,0.0,0.0,0.0,5e-06,0.444441,0.0,0.444444,0.11111,0,0.444446,0.555554,0,0.444449,0.555551,0.9999960000,inspect_p2,inspect,2,,,3,0.0,1.0,0,33.999871
2,124,GG:0.137929;GB:0.862071,0.0,0.0,0.0,0.0,0.137929,0.862071,0.0,0.0,0.0,0,1.0,0,0,0.137929,0.862071,0.8896568000,inspect_p2,inspect,2,,,3,0.0,1.0,0,35.879364
2,125,GG:0.44444;GB:0.55556,0.0,0.0,0.0,0.0,0.44444,0.55556,0.0,0.0,0.0,0,1.0,0,0,0.44444,0.55556,0.6444480000,inspect_p2,inspect,2,,,3,0.0,1.0,0,27.83345
2,126,GG:0.066389;GB:0.414941;BG:0.414936;BB:0.103734,0.0,0.0,0.0,0.0,0.066389,0.414941,0.0,0.414936,0.103734,0,0.48133,0.51867,0,0.481325,0.518675,0.9468888000,inspect_p2,inspect,2,,,3,0.0,1.0,0,32.755242
2,127,GG:0.031009;BG:0.968991,0.0,0.0,0.0,0.0,0.031009,0.0,0.0,0.968991,0.0,0,0.031009,0.968991,0,1.0,0,0.9751928000,inspect_p1,inspect,1,,,2,0.0,1.0,0,19.517432
2,128,GG:5e-06;GB:0.444444;BG:0.444441;BB:0.11111,0.0,0.0,0.0,0.0,5e-06,0.444444,0.0,0.444441,0.11111,0,0.444449,0.555551,0,0.444446,0.555554,0.9999960000,inspect_p2,inspect,2,,,3,0.0,1.0,0,33.999928
2,129,GG:0.137928;BG:0.862072,0.0,0.0,0.0,0.0,0.137928,0.0,0.0,0.862072,0.0,0,0.137928,0.862072,0,1.0,0,0.8896576000,inspect_p1,inspect,1,,,2,0.0,1.0,0,18.71554
2,130,GG:0.014023;GB:0.43821;BG:0.438215;BB:0.109552,0.0,0.0,0.0,0.0,0.014023,0.43821,0.0,0.438215,0.109552,0,0.452233,0.547767,0,0.452238,0.547762,0.9887816000,inspect_p1,inspect,1,,,2,0.0,1.0,0,33.737001
2,131,GG:0.00636;GB:0.99364,0.0,0.0,0.0,0.0,0.00636,0.99364,0.0,0.0,0.0,0,1.0,0,0,0.00636,0.99364,0.9949120000,inspect_p2,inspect,2,,,3,0.0,1.0,0,39.33305
2,132,GG:1e-06;GB:0.444443;BG:0.444446;BB:0.11111,0.0,0.0,0.0,0.0,1e-06,0.444443,0.0,0.444446,0.11111,0,0.444444,0.555556,0,0.444447,0.555553,0.9999992000,inspect_p2,inspect,2,,,3,0.0,1.0,0,33.999937
2,133,GG:0.137928;GB:0.862072,0.0,0.0,0.0,0.0,0.137928,0.862072,0.0,0.0,0.0,0,1.0,0,0,0.137928,0.862072,0.8896576000,inspect_p2,inspect,2,,,3,0.0,1.0,0,35.87939
2,134,GG:0.014023;GB:0.438215;BG:0.43821;BB:0.109552,0.0,0.0,0.0,0.0,0.014023,0.438215,0.0,0.43821,0.109552,0,0.452238,0.547762,0,0.452233,0.547767,0.9887816000,inspect_p2,inspect,2,,,3,0.0,1.0,0,33.737092
2,135,GG:0.00636;BG:0.99364,0.0,0.0,0.0,0.0,0.00636,0.0,0.0,0.99364,0.0,0,0.00636,0.99364,0,1.0,0,0.9949120000,inspect_p1,inspect,1,,,2,0.0,1.0,0,19.7023
2,136,GG:1e-06;GB:0.444446;BG:0.444443;BB:0.11111,0.0,0.0,0.0,0.0,1e-06,0.444446,0.0,0.444443,0.11111,0,0.444447,0.555553,0,0.444444,0.555556,0.9999992000,inspect_p2,inspect,2,,,3,0.0,1.0,0,33.999994
2,137,NG:0.800003;NB:0.199997,0.0,0.800003,0.199997,0.0,0.0,0.0,0.0,0.0,0.0,1.0,0,0,0,0.800003,0.199997,,buy_p1_notest,buy,1,,,4,0.0,1.0,0,25.999918
2,138,GG:0.002836;GB:0.443182;BG:0.443187;BB:0.110795,0.0,0.0,0.0,0.0,0.002836,0.443182,0.0,0.443187,0.110795,0,0.446018,0.553982,0,0.446023,0.553977,0.9977312000,inspect_p1,inspect,1,,,2,0.0,1.0,0,33.946758
2,139,GG:0.001279;GB:0.998721,0.0,0.0,0.0,0.0,0.001279,0.998721,0.0,0.0,0.0,0,1.0,0,0,0.001279,0.998721,0.9989768000,inspect_p2,inspect,2,,,3,0.0,1.0,0,39.466426
2,140,GB:0.444443;BG:0.444447;BB:0.11111,0.0,0.0,0.0,0.0,0.0,0.444443,0.0,0.444447,0.11111,0,0.444443,0.555557,0,0.444447,0.555553,1.0000000000,inspect_p1,inspect,1,,,2,0.0,1.0,0,33.999935
2,141,GN:0.800003;BN:0.199997,0.0,0.0,0.0,0.800003,0.0,0.0,0.199997,0.0,0.0,0,0.800003,0.199997,1.0,0,0,,buy_p2_notest,buy,2,,,18,0.0,1.0,0,39.999967
2,142,GG:0.002836;GB:0.443187;BG:0.443182;BB:0.110795,0.0,0.0,0.0,0.0,0.002836,0.443187,0.0,0.443182,0.110795,0,0.446023,0.553977,0,0.446018,0.553982,0.9977312000,inspect_p2,inspect,2,,,3,0.0,1.0,0,33.946849
2,143,GG:0.001279;BG:0.998721,0.0,0.0,0.0,0.0,0.001279,0.0,0.0,0.998721,0.0,0,0.001279,0.998721,0,1.0,0,0.9989768000,inspect_p1,inspect,1,,,2,0.0,1.0,0,19.740407
2,144,GB:0.444447;BG:0.444443;BB:0.11111,0.0,0.0,0.0,0.0,0.0,0.444447,0.0,0.444443,0.11111,0,0.444447,0.555553,0,0.444443,0.555557,1.0000000000,inspect_p2,inspect,2,,,3,0.0,1.0,0,34.000011
2,145,GG:0.800003;GB:0.199997,0.0,0.0,0.0,0.0,0.800003,0.199997,0.0,0.0,0.0,0,1.0,0,0,0.800003,0.199997,0.3599976000,inspect_p2,inspect,2,,,3,0.0,1.0,0,18.499921
2,146,GG:0.640002;GB:0.159998;BG:0.160001;BB:0.039999,0.0,0.0,0.0,0.0,0.640002,0.159998,0.0,0.160001,0.039999,0,0.8,0.2,0,0.800003,0.199997,0.4879984000,inspect_p2,inspect,2,,,3,0.0,1.0,0,21.999918
2,147,GG:0.000568;GB:0.44419;BG:0.444195;BB:0.111047,0.0,0.0,0.0,0.0,0.000568,0.44419,0.0,0.444195,0.111047,0,0.444758,0.555242,0,0.444763,0.555237,0.9995456000,inspect_p1,inspect,1,,,2,0.0,1.0,0,33.989279
2,148,GG:0.800003;BG:0.199997,0.0,0.0,0.0,0.0,0.800003,0.0,0.0,0.199997,0.0,0,0.800003,0.199997,0,1.0,0,0.3599976000,inspect_p1,inspect,1,,,2,0.0,1.0,0,13.749977
2,149,GG:0.640002;GB:0.160001;BG:0.159998;BB:0.039999,0.0,0.0,0.0,0.0,0.640002,0.160001,0.0,0.159998,0.039999,0,0.800003,0.199997,0,0.8,0.2,0.4879984000,inspect_p1,inspect,1,,,2,0.0,1.0,0,21.999967
2,150,GG:0.000568;GB:0.444195;BG:0.44419;BB:0.111047,0.0,0.0,0.0,0.0,0.000568,0.444195,0.0,0.44419,0.111047,0,0.444763,0.555237,0,0.444758,0.555242,0.9995456000,inspect_p2,inspect,2,,,3,0.0,1.0,0,33.989373
2,151,GG:0.444449;GB:0.555551,0.0,0.0,0.0,0.0,0.444449,0.555551,0.0,0.0,0.0,0,1.0,0,0,0.444449,0.555551,0.6444408000,inspect_p2,inspect,2,,,3,0.0,1.0,0,27.833214
2,152,NG:0.800005;NB:0.199995,0.0,0.800005,0.199995,0.0,0.0,0.0,0.0,0.0,0.0,1.0,0,0,0,0.800005,0.199995,,buy_p1_test,buy,1,,,7.5,0.0,1.0,0,25.999869
2,153,GG:0.262297;GB:0.327866;BG:0.327872;BB:0.081965,0.0,0.0,0.0,0.0,0.262297,0.327866,0.0,0.327872,0.081965,0,0.590163,0.409837,0,0.590169,0.409831,0.7901624000,inspect_p2,inspect,2,,,3,0.0,1.0,0,29.081836
2,154,GG:0.000114;GB:0.444392;BG:0.444397;BB:0.111097,0.0,0.0,0.0,0.0,0.000114,0.444392,0.0,0.444397,0.111097,0,0.444506,0.555494,0,0.444511,0.555489,0.9999088000,inspect_p2,inspect,2,,,3,0.0,1.0,0,33.997795
2,155,GG:0.444449;BG:0.555551,0.0,0.0,0.0,0.0,0.444449,0.0,0.0,0.555551,0.0,0,0.444449,0.555551,0,1.0,0,0.6444408000,inspect_p1,inspect,1,,,2,0.0,1.0,0,16.416632
2,156,GN:0.800005;BN:0.199995,0.0,0.0,0.0,0.800005,0.0,0.0,0.199995,0.0,0.0,0,0.800005,0.199995,1.0,0,0,,buy_p2_test,buy,2,,,26.25,0.0,1.0,0,39.999962
2,157,GG:0.262297;GB:0.327872;BG:0.327866;BB:0.081965,0.0,0.0,0.0,0.0,0.262297,0.327872,0.0,0.327866,0.081965,0,0.590169,0.409831,0,0.590163,0.409837,0.7901624000,inspect_p1,inspect,1,,,2,0.0,1.0,0,29.08195
2,158,GG:0.000114;GB:0.444397;BG:0.444392;BB:0.111097,0.0,0.0,0.0,0.0,0.000114,0.444397,0.0,0.444392,0.111097,0,0.444511,0.555489,0,0.444506,0.555494,0.9999088000,inspect_p2,inspect,2,,,3,0.0,1.0,0,33.997882
2,159,GG:0.800005;GB:0.199995,0.0,0.0,0.0,0.0,0.800005,0.199995,0.0,0.0,0.0,0,1.0,0,0,0.800005,0.199995,0.3599960000,inspect_p2,inspect,2,,,3,0.0,1.0,0,18.499869
2,160,GG:0.640004;GB:0.159996;BG:0.160001;BB:0.039999,0.0,0.0,0.0,0.0,0.640004,0.159996,0.0,0.160001,0.039999,0,0.8,0.2,0,0.800005,0.199995,0.4879968000,inspect_p1,inspect,1,,,2,0.0,1.0,0,21.999869
2,161,NG:0.800006;NB:0.199994,0.0,0.800006,0.199994,0.0,0.0,0.0,0.0,0.0,0.0,1.0,0,0,0,0.800006,0.199994,,buy_p1_test,buy,1,,,7.5,0.0,1.0,0,25.999842
2,162,GG:0.066391;GB:0.414935;BG:0.414942;BB:0.103732,0.0,0.0,0.0,0.0,0.066391,0.414935,0.0,0.414942,0.103732,0,0.481326,0.518674,0,0.481333,0.518667,0.9468872000,inspect_p2,inspect,2,,,3,0.0,1.0,0,32.755055
2,163,GG:2.3e-05;GB:0.444433;BG:0.444437;BB:0.111107,0.0,0.0,0.0,0.0,2.3e-05,0.444433,0.0,0.444437,0.111107,0,0.444456,0.555544,0,0.44446,0.55554,0.9999816000,inspect_p2,inspect,2,,,3,0.0,1.0,0,33.999503
2,164,GG:0.800005;BG:0.199995,0.0,0.0,0.0,0.0,0.800005,0.0,0.0,0.199995,0.0,0,0.800005,0.199995,0,1.0,0,0.3599960000,inspect_p1,inspect,1,,,2,0.0,1.0,0,13.749962
2,165,GG:0.640004;GB:0.160001;BG:0.159996;BB:0.039999,0.0,0.0,0.0,0.0,0.640004,0.160001,0.0,0.159996,0.039999,0,0.800005,0.199995,0,0.8,0.2,0.4879968000,inspect_p1,inspect,1,,,2,0.0,1.0,0,21.999962
2,166,GN:0.800006;BN:0.199994,0.0,0.0,0.0,0.800006,0.0,0.0,0.199994,0.0,0.0,0,0.800006,0.199994,1.0,0,0,,buy_p2_test,buy,2,,,26.25,0.0,1.0,0,39.999955
2,167,GG:0.066391;GB:0.414942;BG:0.414935;BB:0.103732,0.0,0.0,0.0,0.0,0.066391,0.414942,0.0,0.414935,0.103732,0,0.481333,0.518667,0,0.481326,0.518674,0.9468872000,inspect_p1,inspect,1,,,2,0.0,1.0,0,32.755183
2,168,GG:2.3e-05;GB:0.444437;BG:0.444433;BB:0.111107,0.0,0.0,0.0,0.0,2.3e-05,0.444437,0.0,0.444433,0.111107,0,0.44446,0.55554,0,0.444456,0.555544,0.9999816000,inspect_p1,inspect,1,,,2,0.0,1.0,0,33.999574
2,169,GG:0.444452;GB:0.555548,0.0,0.0,0.0,0.0,0.444452,0.555548,0.0,0.0,0.0,0,1.0,0,0,0.444452,0.555548,0.6444384000,inspect_p2,inspect,2,,,3,0.0,1.0,0,27.833135
2,170,GG:0.262298;GB:0.327863;BG:0.327873;BB:0.081966,0.0,0.0,0.0,0.0,0.262298,0.327863,0.0,0.327873,0.081966,0,0.590161,0.409839,0,0.590171,0.409829,0.7901616000,inspect_p1,inspect,1,,,2,0.0,1.0,0,29.0818
2,171,GG:0.800006;GB:0.199994,0.0,0.0,0.0,0.0,0.800006,0.199994,0.0,0.0,0.0,0,1.0,0,0,0.800006,0.199994,0.3599952000,inspect_p2,inspect,2,,,3,0.0,1.0,0,18.499842
2,172,GG:0.640005;GB:0.159995;BG:0.160001;BB:0.039999,0.0,0.0,0.0,0.0,0.640005,0.159995,0.0,0.160001,0.039999,0,0.8,0.2,0,0.800006,0.199994,0.4879960000,inspect_p2,inspect,2,,,3,0.0,1.0,0,21.999843
2,173,GG:0.014023;GB:0.43821;BG:0.438216;BB:0.109551,0.0,0.0,0.0,0.0,0.014023,0.43821,0.0,0.438216,0.109551,0,0.452233,0.547767,0,0.452239,0.547761,0.9887816000,inspect_p2,inspect,2,,,3,0.0,1.0,0,33.736979
2,174,GG:5e-06;GB:0.444441;BG:0.444445;BB:0.111109,0.0,0.0,0.0,0.0,5e-06,0.444441,0.0,0.444445,0.111109,0,0.444446,0.555554,0,0.44445,0.55555,0.9999960000,inspect_p2,inspect,2,,,3,0.0,1.0,0,33.999842
2,175,GG:0.444452;BG:0.555548,0.0,0.0,0.0,0.0,0.444452,0.0,0.0,0.555548,0.0,0,0.444452,0.555548,0,1.0,0,0.6444384000,inspect_p1,inspect,1,,,2,0.0,1.0,0,16.41661
2,176,GG:0.262298;GB:0.327873;BG:0.327863;BB:0.081966,0.0,0.0,0.0,0.0,0.262298,0.327873,0.0,0.327863,0.081966,0,0.590171,0.409829,0,0.590161,0.409839,0.7901616000,inspect_p1,inspect,1,,,2,0.0,1.0,0,29.081987
2,177,GG:0.800006;BG:0.199994,0.0,0.0,0.0,0.0,0.800006,0.0,0.0,0.199994,0.0,0,0.800006,0.199994,0,1.0,0,0.3599952000,inspect_p1,inspect,1,,,2,0.0,1.0,0,13.749955
2,178,GG:0.640005;GB:0.160001;BG:0.159995;BB:0.039999,0.0,0.0,0.0,0.0,0.640005,0.160001,0.0,0.159995,0.039999,0,0.800006,0.199994,0,0.8,0.2,0.4879960000,inspect_p2,inspect,2,,,3,0.0,1.0,0,21.999956
2,179,GG:0.014023;GB:0.438216;BG:0.43821;BB:0.109551,0.0,0.0,0.0,0.0,0.014023,0.438216,0.0,0.43821,0.109551,0,0.452239,0.547761,0,0.452233,0.547767,0.9887816000,inspect_p2,inspect,2,,,3,0.0,1.0,0,33.737091
2,180,GG:5e-06;GB:0.444445;BG:0.444441;BB:0.111109,0.0,0.0,0.0,0.0,5e-06,0.444445,0.0,0.444441,0.111109,0,0.44445,0.55555,0,0.444446,0.555554,0.9999960000,inspect_p2,inspect,2,,,3,0.0,1.0,0,33.999914
2,181,GG:0.137935;GB:0.862065,0.0,0.0,0.0,0.0,0.137935,0.862065,0.0,0.0,0.0,0,1.0,0,0,0.137935,0.862065,0.8896520000,inspect_p2,inspect,2,,,3,0.0,1.0,0,35.879206
2,182,NG:0.800004;NB:0.199996,0.0,0.800004,0.199996,0.0,0.0,0.0,0.0,0.0,0.0,1.0,0,0,0,0.800004,0.199996,,buy_p1_notest,buy,1,,,4,0.0,1.0,0,25.99989
2,183,GG:0.066391;GB:0.414932;BG:0.414944;BB:0.103733,0.0,0.0,0.0,0.0,0.066391,0.414932,0.0,0.414944,0.103733,0,0.481323,0.518677,0,0.481335,0.518665,0.9468872000,inspect_p2,inspect,2,,,3,0.0,1.0,0,32.755034
2,184,GG:0.444454;GB:0.555546,0.0,0.0,0.0,0.0,0.444454,0.555546,0.0,0.0,0.0,0,1.0,0,0,0.444454,0.555546,0.6444368000,inspect_p2,inspect,2,,,3,0.0,1.0,0,27.833082
2,185,GG:0.262299;GB:0.327861;BG:0.327874;BB:0.081966,0.0,0.0,0.0,0.0,0.262299,0.327861,0.0,0.327874,0.081966,0,0.59016,0.40984,0,0.590173,0.409827,0.7901608000,inspect_p2,inspect,2,,,3,0.0,1.0,0,29.081756
2,186,GG:0.002836;GB:0.443182;BG:0.443188;BB:0.110794,0.0,0.0,0.0,0.0,0.002836,0.443182,0.0,0.443188,0.110794,0,0.446018,0.553982,0,0.446024,0.553976,0.9977312000,inspect_p2,inspect,2,,,3,0.0,1.0,0,33.946737
2,187,GG:1e-06;GB:0.444443;BG:0.444447;BB:0.111109,0.0,0.0,0.0,0.0,1e-06,0.444443,0.0,0.444447,0.111109,0,0.444444,0.555556,0,0.444448,0.555552,0.9999992000,inspect_p2,inspect,2,,,3,0.0,1.0,0,33.999903
2,188,GG:0.137935;BG:0.862065,0.0,0.0,0.0,0.0,0.137935,0.0,0.0,0.862065,0.0,0,0.137935,0.862065,0,1.0,0,0.8896520000,inspect_p1,inspect,1,,,2,0.0,1.0,0,18.715487
2,189,GN:0.800004;BN:0.199996,0.0,0.0,0.0,0.800004,0.0,0.0,0.199996,0.0,0.0,0,0.800004,0.199996,1.0,0,0,,buy_p2_notest,buy,2,,,18,0.0,1.0,0,39.999965
2,190,GG:0.066391;GB:0.414944;BG:0.414932;BB:0.103733,0.0,0.0,0.0,0.0,0.066391,0.414944,0.0,0.414932,0.103733,0,0.481335,0.518665,0,0.481323,0.518677,0.9468872000,inspect_p1,inspect,1,,,2,0.0,1.0,0,32.755258
2,191,GG:0.444454;BG:0.555546,0.0,0.0,0.0,0.0,0.444454,0.0,0.0,0.555546,0.0,0,0.444454,0.555546,0,1.0,0,0.6444368000,inspect_p1,inspect,1,,,2,0.0,1.0,0,16.416595
2,192,GG:0.262299;GB:0.327874;BG:0.327861;BB:0.081966,0.0,0.0,0.0,0.0,0.262299,0.327874,0.0,0.327861,0.081966,0,0.590173,0.409827,0,0.59016,0.40984,0.7901608000,inspect_p1,inspect,1,,,2,0.0,1.0,0,29.081999
2,193,GG:0.002836;GB:0.443188;BG:0.443182;BB:0.110794,0.0,0.0,0.0,0.0,0.002836,0.443188,0.0,0.443182,0.110794,0,0.446024,0.553976,0,0.446018,0.553982,0.9977312000,inspect_p2,inspect,2,,,3,0.0,1.0,0,33.946848
2,194,GG:1e-06;GB:0.444447;BG:0.444443;BB:0.111109,0.0,0.0,0.0,0.0,1e-06,0.444447,0.0,0.444443,0.111109,0,0.444448,0.555552,0,0.444444,0.555556,0.9999992000,inspect_p1,inspect,1,,,2,0.0,1.0,0,33.999979
2,195,GG:0.800004;GB:0.199996,0.0,0.0,0.0,0.0,0.800004,0.199996,0.0,0.0,0.0,0,1.0,0,0,0.800004,0.199996,0.3599968000,inspect_p2,inspect,2,,,3,0.0,1.0,0,18.499895
2,196,GG:0.640003;GB:0.159997;BG:0.160001;BB:0.039999,0.0,0.0,0.0,0.0,0.640003,0.159997,0.0,0.160001,0.039999,0,0.8,0.2,0,0.800004,0.199996,0.4879976000,inspect_p1,inspect,1,,,2,0.0,1.0,0,21.99989
2,197,GG:0.014023;GB:0.438206;BG:0.438219;BB:0.109552,0.0,0.0,0.0,0.0,0.014023,0.438206,0.0,0.438219,0.109552,0,0.452229,0.547771,0,0.452242,0.547758,0.9887816000,inspect_p1,inspect,1,,,2,0.0,1.0,0,33.736923
2,198,GG:0.137936;GB:0.862064,0.0,0.0,0.0,0.0,0.137936,0.862064,0.0,0.0,0.0,0,1.0,0,0,0.137936,0.862064,0.8896512000,inspect_p2,inspect,2,,,3,0.0,1.0,0,35.87918
2,199,GG:0.066391;GB:0.414929;BG:0.414947;BB:0.103733,0.0,0.0,0.0,0.0,0.066391,0.414929,0.0,0.414947,0.103733,0,0.48132,0.51868,0,0.481338,0.518662,0.9468872000,inspect_p2,inspect,2,,,3,0.0,1.0,0,32.754975
2,200,GG:0.000568;GB:0.44419;BG:0.444196;BB:0.111046,0.0,0.0,0.0,0.0,0.000568,0.44419,0.0,0.444196,0.111046,0,0.444758,0.555242,0,0.444764,0.555236,0.9995456000,inspect_p2,inspect,2,,,3,0.0,1.0,0,33.989261
2,201,GB:0.444443;BG:0.444448;BB:0.111109,0.0,0.0,0.0,0.0,0.0,0.444443,0.0,0.444448,0.111109,0,0.444443,0.555557,0,0.444448,0.555552,1.0000000000,inspect_p2,inspect,2,,,3,0.0,1.0,0,33.99991
2,202,GG:0.800004;BG:0.199996,0.0,0.0,0.0,0.0,0.800004,0.0,0.0,0.199996,0.0,0,0.800004,0.199996,0,1.0,0,0.3599968000,inspect_p1,inspect,1,,,2,0.0,1.0,0,13.74997
2,203,GG:0.640003;GB:0.160001;BG:0.159997;BB:0.039999,0.0,0.0,0.0,0.0,0.640003,0.160001,0.0,0.159997,0.039999,0,0.800004,0.199996,0,0.8,0.2,0.4879976000,inspect_p1,inspect,1,,,2,0.0,1.0,0,21.999965
2,204,GG:0.014023;GB:0.438219;BG:0.438206;BB:0.109552,0.0,0.0,0.0,0.0,0.014023,0.438219,0.0,0.438206,0.109552,0,0.452242,0.547758,0,0.452229,0.547771,0.9887816000,inspect_p2,inspect,2,,,3,0.0,1.0,0,33.73717
2,205,GG:0.137936;BG:0.862064,0.0,0.0,0.0,0.0,0.137936,0.0,0.0,0.862064,0.0,0,0.137936,0.862064,0,1.0,0,0.8896512000,inspect_p1,inspect,1,,,2,0.0,1.0,0,18.71548
2,206,GG:0.066391;GB:0.414947;BG:0.414929;BB:0.103733,0.0,0.0,0.0,0.0,0.066391,0.414947,0.0,0.414929,0.103733,0,0.481338,0.518662,0,0.48132,0.51868,0.9468872000,inspect_p1,inspect,1,,,2,0.0,1.0,0,32.755311
2,207,GG:0.000568;GB:0.444196;BG:0.44419;BB:0.111046,0.0,0.0,0.0,0.0,0.000568,0.444196,0.0,0.44419,0.111046,0,0.444764,0.555236,0,0.444758,0.555242,0.9995456000,inspect_p2,inspect,2,,,3,0.0,1.0,0,33.989371
2,208,GB:0.444448;BG:0.444443;BB:0.111109,0.0,0.0,0.0,0.0,0.0,0.444448,0.0,0.444443,0.111109,0,0.444448,0.555552,0,0.444443,0.555557,1.0000000000,inspect_p1,inspect,1,,,2,0.0,1.0,0,34.000003
2,209,GG:0.444451;GB:0.555549,0.0,0.0,0.0,0.0,0.444451,0.555549,0.0,0.0,0.0,0,1.0,0,0,0.444451,0.555549,0.6444392000,inspect_p2,inspect,2,,,3,0.0,1.0,0,27.833161
2,210,GG:0.262298;GB:0.327864;BG:0.327872;BB:0.081966,0.0,0.0,0.0,0.0,0.262298,0.327864,0.0,0.327872,0.081966,0,0.590162,0.409838,0,0.59017,0.40983,0.7901616000,inspect_p1,inspect,1,,,2,0.0,1.0,0,29.081817
2,211,GG:0.002836;GB:0.443178;BG:0.443191;BB:0.110795,0.0,0.0,0.0,0.0,0.002836,0.443178,0.0,0.443191,0.110795,0,0.446014,0.553986,0,0.446027,0.553973,0.9977312000,inspect_p1,inspect,1,,,2,0.0,1.0,0,33.946678
2,212,GG:0.014023;GB:0.438203;BG:0.438222;BB:0.109552,0.0,0.0,0.0,0.0,0.014023,0.438203,0.0,0.438222,0.109552,0,0.452226,0.547774,0,0.452245,0.547755,0.9887816000,inspect_p2,inspect,2,,,3,0.0,1.0,0,33.736873
2,213,GG:0.000114;GB:0.444392;BG:0.444398;BB:0.111096,0.0,0.0,0.0,0.0,0.000114,0.444392,0.0,0.444398,0.111096,0,0.444506,0.555494,0,0.444512,0.555488,0.9999088000,inspect_p2,inspect,2,,,3,0.0,1.0,0,33.99776
2,214,GG:0.444451;BG:0.555549,0.0,0.0,0.0,0.0,0.444451,0.0,0.0,0.555549,0.0,0,0.444451,0.555549,0,1.0,0,0.6444392000,inspect_p1,inspect,1,,,2,0.0,1.0,0,16.416617
2,215,GG:0.262298;GB:0.327872;BG:0.327864;BB:0.081966,0.0,0.0,0.0,0.0,0.262298,0.327872,0.0,0.327864,0.081966,0,0.59017,0.40983,0,0.590162,0.409838,0.7901616000,inspect_p2,inspect,2,,,3,0.0,1.0,0,29.081969
2,216,GG:0.002836;GB:0.443191;BG:0.443178;BB:0.110795,0.0,0.0,0.0,0.0,0.002836,0.443191,0.0,0.443178,0.110795,0,0.446027,0.553973,0,0.446014,0.553986,0.9977312000,inspect_p2,inspect,2,,,3,0.0,1.0,0,33.946925
2,217,GG:0.014023;GB:0.438222;BG:0.438203;BB:0.109552,0.0,0.0,0.0,0.0,0.014023,0.438222,0.0,0.438203,0.109552,0,0.452245,0.547755,0,0.452226,0.547774,0.9887816000,inspect_p1,inspect,1,,,2,0.0,1.0,0,33.737227
2,218,GG:0.000114;GB:0.444398;BG:0.444392;BB:0.111096,0.0,0.0,0.0,0.0,0.000114,0.444398,0.0,0.444392,0.111096,0,0.444512,0.555488,0,0.444506,0.555494,0.9999088000,inspect_p2,inspect,2,,,3,0.0,1.0,0,33.997879
2,219,GG:0.066391;GB:0.414933;BG:0.414943;BB:0.103733,0.0,0.0,0.0,0.0,0.066391,0.414933,0.0,0.414943,0.103733,0,0.481324,0.518676,0,0.481334,0.518666,0.9468872000,inspect_p1,inspect,1,,,2,0.0,1.0,0,32.755055
2,220,GG:0.000568;GB:0.444186;BG:0.444199;BB:0.111047,0.0,0.0,0.0,0.0,0.000568,0.444186,0.0,0.444199,0.111047,0,0.444754,0.555246,0,0.444767,0.555233,0.9995456000,inspect_p1,inspect,1,,,2,0.0,1.0,0,33.989209
2,221,GG:0.002836;GB:0.443175;BG:0.443194;BB:0.110795,0.0,0.0,0.0,0.0,0.002836,0.443175,0.0,0.443194,0.110795,0,0.446011,0.553989,0,0.44603,0.55397,0.9977312000,inspect_p1,inspect,1,,,2,0.0,1.0,0,33.946626
2,222,GG:2.3e-05;GB:0.444433;BG:0.444438;BB:0.111106,0.0,0.0,0.0,0.0,2.3e-05,0.444433,0.0,0.444438,0.111106,0,0.444456,0.555544,0,0.444461,0.555539,0.9999816000,inspect_p2,inspect,2,,,3,0.0,1.0,0,33.999473
2,223,GG:0.066391;GB:0.414943;BG:0.414933;BB:0.103733,0.0,0.0,0.0,0.0,0.066391,0.414943,0.0,0.414933,0.103733,0,0.481334,0.518666,0,0.481324,0.518676,0.9468872000,inspect_p2,inspect,2,,,3,0.0,1.0,0,32.755239
2,224,GG:0.000568;GB:0.444199;BG:0.444186;BB:0.111047,0.0,0.0,0.0,0.0,0.000568,0.444199,0.0,0.444186,0.111047,0,0.444767,0.555233,0,0.444754,0.555246,0.9995456000,inspect_p2,inspect,2,,,3,0.0,1.0,0,33.989452
2,225,GG:0.002836;GB:0.443194;BG:0.443175;BB:0.110795,0.0,0.0,0.0,0.0,0.002836,0.443194,0.0,0.443175,0.110795,0,0.44603,0.55397,0,0.446011,0.553989,0.9977312000,inspect_p2,inspect,2,,,3,0.0,1.0,0,33.946985
2,226,GG:2.3e-05;GB:0.444438;BG:0.444433;BB:0.111106,0.0,0.0,0.0,0.0,2.3e-05,0.444438,0.0,0.444433,0.111106,0,0.444461,0.555539,0,0.444456,0.555544,0.9999816000,inspect_p1,inspect,1,,,2,0.0,1.0,0,33.999571
2,227,GG:0.014023;GB:0.438207;BG:0.438218;BB:0.109552,0.0,0.0,0.0,0.0,0.014023,0.438207,0.0,0.438218,0.109552,0,0.45223,0.54777,0,0.452241,0.547759,0.9887816000,inspect_p1,inspect,1,,,2,0.0,1.0,0,33.736936
2,228,GG:0.000114;GB:0.444388;BG:0.444401;BB:0.111097,0.0,0.0,0.0,0.0,0.000114,0.444388,0.0,0.444401,0.111097,0,0.444502,0.555498,0,0.444515,0.555485,0.9999088000,inspect_p1,inspect,1,,,2,0.0,1.0,0,33.997717
2,229,GG:0.000568;GB:0.444183;BG:0.444202;BB:0.111047,0.0,0.0,0.0,0.0,0.000568,0.444183,0.0,0.444202,0.111047,0,0.444751,0.555249,0,0.44477,0.55523,0.9995456000,inspect_p2,inspect,2,,,3,0.0,1.0,0,33.989156
2,230,GG:5e-06;GB:0.444441;BG:0.444446;BB:0.111108,0.0,0.0,0.0,0.0,5e-06,0.444441,0.0,0.444446,0.111108,0,0.444446,0.555554,0,0.444451,0.555549,0.9999960000,inspect_p2,inspect,2,,,3,0.0,1.0,0,33.999812
2,231,GG:0.014023;GB:0.438218;BG:0.438207;BB:0.109552,0.0,0.0,0.0,0.0,0.014023,0.438218,0.0,0.438207,0.109552,0,0.452241,0.547759,0,0.45223,0.54777,0.9887816000,inspect_p1,inspect,1,,,2,0.0,1.0,0,33.737147
2,232,GG:0.000114;GB:0.444401;BG:0.444388;BB:0.111097,0.0,0.0,0.0,0.0,0.000114,0.444401,0.0,0.444388,0.111097,0,0.444515,0.555485,0,0.444502,0.555498,0.9999088000,inspect_p2,inspect,2,,,3,0.0,1.0,0,33.99796
2,233,GG:0.000568;GB:0.444202;BG:0.444183;BB:0.111047,0.0,0.0,0.0,0.0,0.000568,0.444202,0.0,0.444183,0.111047,0,0.44477,0.55523,0,0.444751,0.555249,0.9995456000,inspect_p2,inspect,2,,,3,0.0,1.0,0,33.989512
2,234,GG:5e-06;GB:0.444446;BG:0.444441;BB:0.111108,0.0,0.0,0.0,0.0,5e-06,0.444446,0.0,0.444441,0.111108,0,0.444451,0.555549,0,0.444446,0.555554,0.9999960000,inspect_p2,inspect,2,,,3,0.0,1.0,0,33.999911
2,235,GG:0.002836;GB:0.443179;BG:0.44319;BB:0.110795,0.0,0.0,0.0,0.0,0.002836,0.443179,0.0,0.44319,0.110795,0,0.446015,0.553985,0,0.446026,0.553974,0.9977312000,inspect_p1,inspect,1,,,2,0.0,1.0,0,33.946691
2,236,GG:2.3e-05;GB:0.444429;BG:0.444441;BB:0.111107,0.0,0.0,0.0,0.0,2.3e-05,0.444429,0.0,0.444441,0.111107,0,0.444452,0.555548,0,0.444464,0.555536,0.9999816000,inspect_p1,inspect,1,,,2,0.0,1.0,0,33.999422
2,237,GG:0.000114;GB:0.444385;BG:0.444404;BB:0.111097,0.0,0.0,0.0,0.0,0.000114,0.444385,0.0,0.444404,0.111097,0,0.444499,0.555501,0,0.444518,0.555482,0.9999088000,inspect_p2,inspect,2,,,3,0.0,1.0,0,33.997658
2,238,GG:1e-06;GB:0.444443;BG:0.444448;BB:0.111108,0.0,0.0,0.0,0.0,1e-06,0.444443,0.0,0.444448,0.111108,0,0.444444,0.555556,0,0.444449,0.555551,0.9999992000,inspect_p2,inspect,2,,,3,0.0,1.0,0,33.999882
2,239,GG:0.002836;GB:0.44319;BG:0.443179;BB:0.110795,0.0,0.0,0.0,0.0,0.002836,0.44319,0.0,0.443179,0.110795,0,0.446026,0.553974,0,0.446015,0.553985,0.9977312000,inspect_p2,inspect,2,,,3,0.0,1.0,0,33.946905
2,240,GG:2.3e-05;GB:0.444441;BG:0.444429;BB:0.111107,0.0,0.0,0.0,0.0,2.3e-05,0.444441,0.0,0.444429,0.111107,0,0.444464,0.555536,0,0.444452,0.555548,0.9999816000,inspect_p2,inspect,2,,,3,0.0,1.0,0,33.999653
2,241,GG:0.000114;GB:0.444404;BG:0.444385;BB:0.111097,0.0,0.0,0.0,0.0,0.000114,0.444404,0.0,0.444385,0.111097,0,0.444518,0.555482,0,0.444499,0.555501,0.9999088000,inspect_p2,inspect,2,,,3,0.0,1.0,0,33.998017
2,242,GG:1e-06;GB:0.444448;BG:0.444443;BB:0.111108,0.0,0.0,0.0,0.0,1e-06,0.444448,0.0,0.444443,0.111108,0,0.444449,0.555551,0,0.444444,0.555556,0.9999992000,inspect_p1,inspect,1,,,2,0.0,1.0,0,33.999977
2,243,GG:0.000568;GB:0.444187;BG:0.444198;BB:0.111047,0.0,0.0,0.0,0.0,0.000568,0.444187,0.0,0.444198,0.111047,0,0.444755,0.555245,0,0.444766,0.555234,0.9995456000,inspect_p1,inspect,1,,,2,0.0,1.0,0,33.989223
2,244,GG:5e-06;GB:0.444437;BG:0.444449;BB:0.111109,0.0,0.0,0.0,0.0,5e-06,0.444437,0.0,0.444449,0.111109,0,0.444442,0.555558,0,0.444454,0.555546,0.9999960000,inspect_p1,inspect,1,,,2,0.0,1.0,0,33.999766
2,245,GG:2.3e-05;GB:0.444426;BG:0.444444;BB:0.111107,0.0,0.0,0.0,0.0,2.3e-05,0.444426,0.0,0.444444,0.111107,0,0.444449,0.555551,0,0.444467,0.555533,0.9999816000,inspect_p1,inspect,1,,,2,0.0,1.0,0,33.999367
2,246,GB:0.444443;BG:0.444449;BB:0.111108,0.0,0.0,0.0,0.0,0.0,0.444443,0.0,0.444449,0.111108,0,0.444443,0.555557,0,0.444449,0.555551,1.0000000000,inspect_p2,inspect,2,,,3,0.0,1.0,0,33.999888
2,247,GG:0.000568;GB:0.444198;BG:0.444187;BB:0.111047,0.0,0.0,0.0,0.0,0.000568,0.444198,0.0,0.444187,0.111047,0,0.444766,0.555234,0,0.444755,0.555245,0.9995456000,inspect_p1,inspect,1,,,2,0.0,1.0,0,33.989432
2,248,GG:5e-06;GB:0.444449;BG:0.444437;BB:0.111109,0.0,0.0,0.0,0.0,5e-06,0.444449,0.0,0.444437,0.111109,0,0.444454,0.555546,0,0.444442,0.555558,0.9999960000,inspect_p2,inspect,2,,,3,0.0,1.0,0,33.999992
2,249,GG:2.3e-05;GB:0.444444;BG:0.444426;BB:0.111107,0.0,0.0,0.0,0.0,2.3e-05,0.444444,0.0,0.444426,0.111107,0,0.444467,0.555533,0,0.444449,0.555551,0.9999816000,inspect_p2,inspect,2,,,3,0.0,1.0,0,33.999709
2,250,GB:0.444449;BG:0.444443;BB:0.111108,0.0,0.0,0.0,0.0,0.0,0.444449,0.0,0.444443,0.111108,0,0.444449,0.555551,0,0.444443,0.555557,1.0000000000,inspect_p1,inspect,1,,,2,0.0,1.0,0,34.0
2,251,GG:0.000114;GB:0.444389;BG:0.4444;BB:0.111097,0.0,0.0,0.0,0.0,0.000114,0.444389,0.0,0.4444,0.111097,0,0.444503,0.555497,0,0.444514,0.555486,0.9999088000,inspect_p2,inspect,2,,,3,0.0,1.0,0,33.997738
2,252,GG:1e-06;GB:0.444439;BG:0.444451;BB:0.111109,0.0,0.0,0.0,0.0,1e-06,0.444439,0.0,0.444451,0.111109,0,0.44444,0.55556,0,0.444452,0.555548,0.9999992000,inspect_p2,inspect,2,,,3,0.0,1.0,0,33.999836
2,253,GG:5e-06;GB:0.444434;BG:0.444452;BB:0.111109,0.0,0.0,0.0,0.0,5e-06,0.444434,0.0,0.444452,0.111109,0,0.444439,0.555561,0,0.444457,0.555543,0.9999960000,inspect_p2,inspect,2,,,3,0.0,1.0,0,33.99971
2,254,GG:0.000114;GB:0.4444;BG:0.444389;BB:0.111097,0.0,0.0,0.0,0.0,0.000114,0.4444,0.0,0.444389,0.111097,0,0.444514,0.555486,0,0.444503,0.555497,0.9999088000,inspect_p2,inspect,2,,,3,0.0,1.0,0,33.997941
2,255,GG:1e-06;GB:0.444451;BG:0.444439;BB:0.111109,0.0,0.0,0.0,0.0,1e-06,0.444451,0.0,0.444439,0.111109,0,0.444452,0.555548,0,0.44444,0.55556,0.9999992000,inspect_p2,inspect,2,,,3,0.0,1.0,0,34.000062
2,256,GG:5e-06;GB:0.444452;BG:0.444434;BB:0.111109,0.0,0.0,0.0,0.0,5e-06,0.444452,0.0,0.444434,0.111109,0,0.444457,0.555543,0,0.444439,0.555561,0.9999960000,inspect_p2,inspect,2,,,3,0.0,1.0,0,34.000049
2,257,GG:2.3e-05;GB:0.44443;BG:0.44444;BB:0.111107,0.0,0.0,0.0,0.0,2.3e-05,0.44443,0.0,0.44444,0.111107,0,0.444453,0.555547,0,0.444463,0.555537,0.9999816000,inspect_p2,inspect,2,,,3,0.0,1.0,0,33.999447
2,258,GB:0.444439;BG:0.444452;BB:0.111109,0.0,0.0,0.0,0.0,0.0,0.444439,0.0,0.444452,0.111109,0,0.444439,0.555561,0,0.444452,0.555548,1.0000000000,inspect_p1,inspect,1,,,2,0.0,1.0,0,33.999839
2,259,GG:1e-06;GB:0.444436;BG:0.444454;BB:0.111109,0.0,0.0,0.0,0.0,1e-06,0.444436,0.0,0.444454,0.111109,0,0.444437,0.555563,0,0.444455,0.555545,0.9999992000,inspect_p2,inspect,2,,,3,0.0,1.0,0,33.99978
2,260,GG:2.3e-05;GB:0.44444;BG:0.44443;BB:0.111107,0.0,0.0,0.0,0.0,2.3e-05,0.44444,0.0,0.44443,0.111107,0,0.444463,0.555537,0,0.444453,0.555547,0.9999816000,inspect_p1,inspect,1,,,2,0.0,1.0,0,33.999629
2,261,GB:0.444452;BG:0.444439;BB:0.111109,0.0,0.0,0.0,0.0,0.0,0.444452,0.0,0.444439,0.111109,0,0.444452,0.555548,0,0.444439,0.555561,1.0000000000,inspect_p2,inspect,2,,,3,0.0,1.0,0,34.000085
2,262,GG:1e-06;GB:0.444454;BG:0.444436;BB:0.111109,0.0,0.0,0.0,0.0,1e-06,0.444454,0.0,0.444436,0.111109,0,0.444455,0.555545,0,0.444437,0.555563,0.9999992000,inspect_p2,inspect,2,,,3,0.0,1.0,0,34.000119
2,263,GG:5e-06;GB:0.444438;BG:0.444448;BB:0.111109,0.0,0.0,0.0,0.0,5e-06,0.444438,0.0,0.444448,0.111109,0,0.444443,0.555557,0,0.444453,0.555547,0.9999960000,inspect_p2,inspect,2,,,3,0.0,1.0,0,33.999786
2,264,GB:0.444436;BG:0.444455;BB:0.111109,0.0,0.0,0.0,0.0,0.0,0.444436,0.0,0.444455,0.111109,0,0.444436,0.555564,0,0.444455,0.555545,1.0000000000,inspect_p1,inspect,1,,,2,0.0,1.0,0,33.999784
2,265,GG:5e-06;GB:0.444448;BG:0.444438;BB:0.111109,0.0,0.0,0.0,0.0,5e-06,0.444448,0.0,0.444438,0.111109,0,0.444453,0.555547,0,0.444443,0.555557,0.9999960000,inspect_p1,inspect,1,,,2,0.0,1.0,0,33.999973
2,266,GB:0.444455;BG:0.444436;BB:0.111109,0.0,0.0,0.0,0.0,0.0,0.444455,0.0,0.444436,0.111109,0,0.444455,0.555545,0,0.444436,0.555564,1.0000000000,inspect_p2,inspect,2,,,3,0.0,1.0,0,34.000142
2,267,GG:1e-06;GB:0.44444;BG:0.44445;BB:0.111109,0.0,0.0,0.0,0.0,1e-06,0.44444,0.0,0.44445,0.111109,0,0.444441,0.555559,0,0.444451,0.555549,0.9999992000,inspect_p2,inspect,2,,,3,0.0,1.0,0,33.999856
2,268,NG:0.800007;NB:0.199993,0.0,0.800007,0.199993,0.0,0.0,0.0,0.0,0.0,0.0,1.0,0,0,0,0.800007,0.199993,,buy_p1_test,buy,1,,,7.5,0.0,1.0,0,25.999816
2,269,GG:1e-06;GB:0.44445;BG:0.44444;BB:0.111109,0.0,0.0,0.0,0.0,1e-06,0.44445,0.0,0.44444,0.111109,0,0.444451,0.555549,0,0.444441,0.555559,0.9999992000,inspect_p2,inspect,2,,,3,0.0,1.0,0,34.000042
2,270,GN:0.800007;BN:0.199993,0.0,0.0,0.0,0.800007,0.0,0.0,0.199993,0.0,0.0,0,0.800007,0.199993,1.0,0,0,,buy_p2_test,buy,2,,,26.25,0.0,1.0,0,39.999947
2,271,GB:0.44444;BG:0.444451;BB:0.111109,0.0,0.0,0.0,0.0,0.0,0.44444,0.0,0.444451,0.111109,0,0.44444,0.55556,0,0.444451,0.555549,1.0000000000,inspect_p2,inspect,2,,,3,0.0,1.0,0,33.999863
2,272,GG:0.800007;GB:0.199993,0.0,0.0,0.0,0.0,0.800007,0.199993,0.0,0.0,0.0,0,1.0,0,0,0.800007,0.199993,0.3599944000,inspect_p2,inspect,2,,,3,0.0,1.0,0,18.499816
2,273,GG:0.640006;GB:0.159994;BG:0.160001;BB:0.039999,0.0,0.0,0.0,0.0,0.640006,0.159994,0.0,0.160001,0.039999,0,0.8,0.2,0,0.800007,0.199993,0.4879952000,inspect_p2,inspect,2,,,3,0.0,1.0,0,21.999819
2,274,GB:0.444451;BG:0.44444;BB:0.111109,0.0,0.0,0.0,0.0,0.0,0.444451,0.0,0.44444,0.111109,0,0.444451,0.555549,0,0.44444,0.55556,1.0000000000,inspect_p2,inspect,2,,,3,0.0,1.0,0,34.000069
2,275,GG:0.800007;BG:0.199993,0.0,0.0,0.0,0.0,0.800007,0.0,0.0,0.199993,0.0,0,0.800007,0.199993,0,1.0,0,0.3599944000,inspect_p1,inspect,1,,,2,0.0,1.0,0,13.749947
2,276,GG:0.640006;GB:0.160001;BG:0.159994;BB:0.039999,0.0,0.0,0.0,0.0,0.640006,0.160001,0.0,0.159994,0.039999,0,0.800007,0.199993,0,0.8,0.2,0.4879952000,inspect_p2,inspect,2,,,3,0.0,1.0,0,21.99995
2,277,GG:0.444455;GB:0.555545,0.0,0.0,0.0,0.0,0.444455,0.555545,0.0,0.0,0.0,0,1.0,0,0,0.444455,0.555545,0.6444360000,inspect_p2,inspect,2,,,3,0.0,1.0,0,27.833056
2,278,GG:0.2623;GB:0.32786;BG:0.327874;BB:0.081966,0.0,0.0,0.0,0.0,0.2623,0.32786,0.0,0.327874,0.081966,0,0.59016,0.40984,0,0.590174,0.409826,0.7901600000,inspect_p1,inspect,1,,,2,0.0,1.0,0,29.081727
2,279,GG:0.444455;BG:0.555545,0.0,0.0,0.0,0.0,0.444455,0.0,0.0,0.555545,0.0,0,0.444455,0.555545,0,1.0,0,0.6444360000,inspect_p1,inspect,1,,,2,0.0,1.0,0,16.416587
2,280,GG:0.2623;GB:0.327874;BG:0.32786;BB:0.081966,0.0,0.0,0.0,0.0,0.2623,0.327874,0.0,0.32786,0.081966,0,0.590174,0.409826,0,0.59016,0.40984,0.7901600000,inspect_p2,inspect,2,,,3,0.0,1.0,0,29.081993
2,281,GG:0.444456;GB:0.555544,0.0,0.0,0.0,0.0,0.444456,0.555544,0.0,0.0,0.0,0,1.0,0,0,0.444456,0.555544,0.6444352000,inspect_p2,inspect,2,,,3,0.0,1.0,0,27.83303
2,282,GG:0.066392;GB:0.414929;BG:0.414946;BB:0.103733,0.0,0.0,0.0,0.0,0.066392,0.414929,0.0,0.414946,0.103733,0,0.481321,0.518679,0,0.481338,0.518662,0.9468864000,inspect_p2,inspect,2,,,3,0.0,1.0,0,32.754967
2,283,GG:0.444456;BG:0.555544,0.0,0.0,0.0,0.0,0.444456,0.0,0.0,0.555544,0.0,0,0.444456,0.555544,0,1.0,0,0.6444352000,inspect_p1,inspect,1,,,2,0.0,1.0,0,16.41658
2,284,GG:0.066392;GB:0.414946;BG:0.414929;BB:0.103733,0.0,0.0,0.0,0.0,0.066392,0.414946,0.0,0.414929,0.103733,0,0.481338,0.518662,0,0.481321,0.518679,0.9468864000,inspect_p1,inspect,1,,,2,0.0,1.0,0,32.755286
2,285,GG:0.137937;GB:0.862063,0.0,0.0,0.0,0.0,0.137937,0.862063,0.0,0.0,0.0,0,1.0,0,0,0.137937,0.862063,0.8896504000,inspect_p2,inspect,2,,,3,0.0,1.0,0,35.879154
2,286,GG:0.014023;GB:0.438204;BG:0.438221;BB:0.109552,0.0,0.0,0.0,0.0,0.014023,0.438204,0.0,0.438221,0.109552,0,0.452227,0.547773,0,0.452244,0.547756,0.9887816000,inspect_p1,inspect,1,,,2,0.0,1.0,0,33.736886
2,287,GG:0.137937;BG:0.862063,0.0,0.0,0.0,0.0,0.137937,0.0,0.0,0.862063,0.0,0,0.137937,0.862063,0,1.0,0,0.8896504000,inspect_p1,inspect,1,,,2,0.0,1.0,0,18.715472
2,288,GG:0.014023;GB:0.438221;BG:0.438204;BB:0.109552,0.0,0.0,0.0,0.0,0.014023,0.438221,0.0,0.438204,0.109552,0,0.452244,0.547756,0,0.452227,0.547773,0.9887816000,inspect_p1,inspect,1,,,2,0.0,1.0,0,33.737197
2,289,GG:0.002836;GB:0.443176;BG:0.443193;BB:0.110795,0.0,0.0,0.0,0.0,0.002836,0.443176,0.0,0.443193,0.110795,0,0.446012,0.553988,0,0.446029,0.553971,0.9977312000,inspect_p1,inspect,1,,,2,0.0,1.0,0,33.946639
2,290,GG:0.002836;GB:0.443193;BG:0.443176;BB:0.110795,0.0,0.0,0.0,0.0,0.002836,0.443193,0.0,0.443176,0.110795,0,0.446029,0.553971,0,0.446012,0.553988,0.9977312000,inspect_p1,inspect,1,,,2,0.0,1.0,0,33.946962
2,291,GG:0.000568;GB:0.444184;BG:0.444201;BB:0.111047,0.0,0.0,0.0,0.0,0.000568,0.444184,0.0,0.444201,0.111047,0,0.444752,0.555248,0,0.444769,0.555231,0.9995456000,inspect_p2,inspect,2,,,3,0.0,1.0,0,33.989169
2,292,GG:0.000568;GB:0.444201;BG:0.444184;BB:0.111047,0.0,0.0,0.0,0.0,0.000568,0.444201,0.0,0.444184,0.111047,0,0.444769,0.555231,0,0.444752,0.555248,0.9995456000,inspect_p1,inspect,1,,,2,0.0,1.0,0,33.989484
2,293,GG:0.000114;GB:0.444386;BG:0.444403;BB:0.111097,0.0,0.0,0.0,0.0,0.000114,0.444386,0.0,0.444403,0.111097,0,0.4445,0.5555,0,0.444517,0.555483,0.9999088000,inspect_p2,inspect,2,,,3,0.0,1.0,0,33.997679
2,294,GG:0.000114;GB:0.444403;BG:0.444386;BB:0.111097,0.0,0.0,0.0,0.0,0.000114,0.444403,0.0,0.444386,0.111097,0,0.444517,0.555483,0,0.4445,0.5555,0.9999088000,inspect_p2,inspect,2,,,3,0.0,1.0,0,33.998001
2,295,GG:2.3e-05;GB:0.444427;BG:0.444443;BB:0.111107,0.0,0.0,0.0,0.0,2.3e-05,0.444427,0.0,0.444443,0.111107,0,0.44445,0.55555,0,0.444466,0.555534,0.9999816000,inspect_p2,inspect,2,,,3,0.0,1.0,0,33.99939
2,296,GG:2.3e-05;GB:0.444443;BG:0.444427;BB:0.111107,0.0,0.0,0.0,0.0,2.3e-05,0.444443,0.0,0.444427,0.111107,0,0.444466,0.555534,0,0.44445,0.55555,0.9999816000,inspect_p1,inspect,1,,,2,0.0,1.0,0,33.999684
2,297,GG:5e-06;GB:0.444435;BG:0.444451;BB:0.111109,0.0,0.0,0.0,0.0,5e-06,0.444435,0.0,0.444451,0.111109,0,0.44444,0.55556,0,0.444456,0.555544,0.9999960000,inspect_p2,inspect,2,,,3,0.0,1.0,0,33.999729
2,298,GG:5e-06;GB:0.444451;BG:0.444435;BB:0.111109,0.0,0.0,0.0,0.0,5e-06,0.444451,0.0,0.444435,0.111109,0,0.444456,0.555544,0,0.44444,0.55556,0.9999960000,inspect_p1,inspect,1,,,2,0.0,1.0,0,34.000028
2,299,GG:1e-06;GB:0.444437;BG:0.444453;BB:0.111109,0.0,0.0,0.0,0.0,1e-06,0.444437,0.0,0.444453,0.111109,0,0.444438,0.555562,0,0.444454,0.555546,0.9999992000,inspect_p2,inspect,2,,,3,0.0,1.0,0,33.9998
2,300,GG:1e-06;GB:0.444453;BG:0.444437;BB:0.111109,0.0,0.0,0.0,0.0,1e-06,0.444453,0.0,0.444437,0.111109,0,0.444454,0.555546,0,0.444438,0.555562,0.9999992000,inspect_p2,inspect,2,,,3,0.0,1.0,0,34.000099
2,301,GB:0.444437;BG:0.444454;BB:0.111109,0.0,0.0,0.0,0.0,0.0,0.444437,0.0,0.444454,0.111109,0,0.444437,0.555563,0,0.444454,0.555546,1.0000000000,inspect_p2,inspect,2,,,3,0.0,1.0,0,33.999806
2,302,GB:0.444454;BG:0.444437;BB:0.111109,0.0,0.0,0.0,0.0,0.0,0.444454,0.0,0.444437,0.111109,0,0.444454,0.555546,0,0.444437,0.555563,1.0000000000,inspect_p2,inspect,2,,,3,0.0,1.0,0,34.000126
3,0,NN:1,1.0,0.0,0.0,0.0,0.0,0.0,0.0,0.0,0.0,1.0,0,0,1.0,0,0,,buy_p1_notest,buy,1,,,4,0.0,1.0,0,39.346664
3,1,GN:1,0.0,0.0,0.0,1.0,0.0,0.0,0.0,0.0,0.0,0,1.0,0,1.0,0,0,,buy_p2_notest,buy,2,,,18,0.0,1.0,0,32.744445
3,2,GN:0.9;BN:0.1,0.0,0.0,0.0,0.9,0.0,0.0,0.1,0.0,0.0,0,0.9,0.1,1.0,0,0,,buy_p2_notest,buy,2,,,18,0.0,1.0,0,35.346664
3,3,NG:1,0.0,1.0,0.0,0.0,0.0,0.0,0.0,0.0,0.0,1.0,0,0,0,1.0,0,,buy_p1_notest,buy,1,,,4,0.0,1.0,0,16.977778
3,4,NG:0.9;NB:0.1,0.0,0.9,0.1,0.0,0.0,0.0,0.0,0.0,0.0,1.0,0,0,0,0.9,0.1,,buy_p1_notest,buy,1,,,4,0.0,1.0,0,21.346664
3,5,GG:1,0.0,0.0,0.0,0.0,1.0,0.0,0.0,0.0,0.0,0,1.0,0,0,1.0,0,0.1000000000,assemble_notest_disassemble,assemble,,0,1,9.5,0.9,0.1,0,10.555556
3,6,GG:0.9;GB:0.1,0.0,0.0,0.0,0.0,0.9,0.1,0.0,0.0,0.0,0,1.0,0,0,0.9,0.1,0.1900000000,assemble_test_disassemble,assemble,,1,1,9.95,0.81,0.19,0,14.744445
3,7,GG:0.9;BG:0.1,0.0,0.0,0.0,0.0,0.9,0.0,0.0,0.1,0.0,0,0.9,0.1,0,1.0,0,0.1900000000,assemble_test_disassemble,assemble,,1,1,9.95,0.81,0.19,0,12.977778
3,8,GG:0.81;GB:0.09;BG:0.09;BB:0.01,0.0,0.0,0.0,0.0,0.81,0.09,0.0,0.09,0.01,0,0.9,0.1,0,0.9,0.1,0.2710000000,assemble_test_disassemble,assemble,,1,1,10.355,0.729,0.271,0,17.346664
3,9,GG:0.473684;GB:0.526316,0.0,0.0,0.0,0.0,0.473684,0.526316,0.0,0.0,0.0,0,1.0,0,0,0.473684,0.526316,0.5736844000,inspect_p2,inspect,2,,,3,0.0,1.0,0,25.233923
3,10,GG:0.473684;BG:0.526316,0.0,0.0,0.0,0.0,0.473684,0.0,0.0,0.526316,0.0,0,0.473684,0.526316,0,1.0,0,0.5736844000,inspect_p1,inspect,1,,,2,0.0,1.0,0,15.935674
3,11,GG:0.298893;GB:0.332104;BG:0.332103;BB:0.0369,0.0,0.0,0.0,0.0,0.298893,0.332104,0.0,0.332103,0.0369,0,0.630997,0.369003,0,0.630996,0.369004,0.7309963000,inspect_p1,inspect,1,,,2,0.0,1.0,0,25.799498
3,12,GG:0.082569;GB:0.917431,0.0,0.0,0.0,0.0,0.082569,0.917431,0.0,0.0,0.0,0,1.0,0,0,0.082569,0.917431,0.9256879000,inspect_p2,inspect,2,,,3,0.0,1.0,0,33.912331
3,13,GG:0.082569;BG:0.917431,0.0,0.0,0.0,0.0,0.082569,0.0,0.0,0.917431,0.0,0,0.082569,0.917431,0,1.0,0,0.9256879000,inspect_p1,inspect,1,,,2,0.0,1.0,0,18.447502
3,14,NG:0.900001;NB:0.099999,0.0,0.900001,0.099999,0.0,0.0,0.0,0.0,0.0,0.0,1.0,0,0,0,0.900001,0.099999,,buy_p1_notest,buy,1,,,4,0.0,1.0,0,21.346623
3,15,GN:0.900001;BN:0.099999,0.0,0.0,0.0,0.900001,0.0,0.0,0.099999,0.0,0.0,0,0.900001,0.099999,1.0,0,0,,buy_p2_notest,buy,2,,,18,0.0,1.0,0,35.346642
3,16,GG:0.040888;GB:0.454317;BG:0.454316;BB:0.050479,0.0,0.0,0.0,0.0,0.040888,0.454317,0.0,0.454316,0.050479,0,0.495205,0.504795,0,0.495204,0.504796,0.9632008000,inspect_p1,inspect,1,,,2,0.0,1.0,0,29.569235
3,17,GG:0.00892;GB:0.99108,0.0,0.0,0.0,0.0,0.00892,0.99108,0.0,0.0,0.0,0,1.0,0,0,0.00892,0.99108,0.9919720000,inspect_p2,inspect,2,,,3,0.0,1.0,0,35.546521
3,18,GG:0.00892;BG:0.99108,0.0,0.0,0.0,0.0,0.00892,0.0,0.0,0.99108,0.0,0,0.00892,0.99108,0,1.0,0,0.9919720000,inspect_p1,inspect,1,,,2,0.0,1.0,0,18.920492
3,19,GG:0.900001;GB:0.099999,0.0,0.0,0.0,0.0,0.900001,0.099999,0.0,0.0,0.0,0,1.0,0,0,0.900001,0.099999,0.1899991000,assemble_test_disassemble,assemble,,1,1,9.949995,0.8100009,0.1899991,0,14.744406
3,20,GG:0.810001;GB:0.089999;BG:0.09;BB:0.01,0.0,0.0,0.0,0.0,0.810001,0.089999,0.0,0.09,0.01,0,0.9,0.1,0,0.900001,0.099999,0.2709991000,assemble_test_disassemble,assemble,,1,1,10.354996,0.7290009,0.2709991,0,17.346623
3,21,GG:0.900001;BG:0.099999,0.0,0.0,0.0,0.0,0.900001,0.0,0.0,0.099999,0.0,0,0.900001,0.099999,0,1.0,0,0.1899991000,assemble_test_disassemble,assemble,,1,1,9.949995,0.8100009,0.1899991,0,12.977756
3,22,GG:0.810001;GB:0.09;BG:0.089999;BB:0.01,0.0,0.0,0.0,0.0,0.810001,0.09,0.0,0.089999,0.01,0,0.900001,0.099999,0,0.9,0.1,0.2709991000,assemble_test_disassemble,assemble,,1,1,10.354996,0.7290009,0.2709991,0,17.346642
3,23,GG:0.082568;GB:0.917432,0.0,0.0,0.0,0.0,0.082568,0.917432,0.0,0.0,0.0,0,1.0,0,0,0.082568,0.917432,0.9256888000,inspect_p2,inspect,2,,,3,0.0,1.0,0,33.912353
3,24,GG:0.082568;BG:0.917432,0.0,0.0,0.0,0.0,0.082568,0.0,0.0,0.917432,0.0,0,0.082568,0.917432,0,1.0,0,0.9256888000,inspect_p1,inspect,1,,,2,0.0,1.0,0,18.447508
3,25,GG:0.004245;GB:0.471674;BG:0.471673;BB:0.052408,0.0,0.0,0.0,0.0,0.004245,0.471674,0.0,0.471673,0.052408,0,0.475919,0.524081,0,0.475918,0.524082,0.9961795000,inspect_p1,inspect,1,,,2,0.0,1.0,0,30.104645
3,26,GG:0.000899;GB:0.999101,0.0,0.0,0.0,0.0,0.000899,0.999101,0.0,0.0,0.0,0,1.0,0,0,0.000899,0.999101,0.9991909000,inspect_p2,inspect,2,,,3,0.0,1.0,0,35.724498
3,27,GG:0.000899;BG:0.999101,0.0,0.0,0.0,0.0,0.000899,0.0,0.0,0.999101,0.0,0,0.000899,0.999101,0,1.0,0,0.9991909000,inspect_p1,inspect,1,,,2,0.0,1.0,0,18.972004
3,28,GG:0.473687;GB:0.526313,0.0,0.0,0.0,0.0,0.473687,0.526313,0.0,0.0,0.0,0,1.0,0,0,0.473687,0.526313,0.5736817000,inspect_p2,inspect,2,,,3,0.0,1.0,0,25.233857
3,29,GN:0.899999;BN:0.100001,0.0,0.0,0.0,0.899999,0.0,0.0,0.100001,0.0,0.0,0,0.899999,0.100001,1.0,0,0,,buy_p2_notest,buy,2,,,18,0.0,1.0,0,35.346685
3,30,GG:0.298894;GB:0.332101;BG:0.332105;BB:0.0369,0.0,0.0,0.0,0.0,0.298894,0.332101,0.0,0.332105,0.0369,0,0.630995,0.369005,0,0.630999,0.369001,0.7309954000,inspect_p1,inspect,1,,,2,0.0,1.0,0,25.799448
3,31,GG:0.473687;BG:0.526313,0.0,0.0,0.0,0.0,0.473687,0.0,0.0,0.526313,0.0,0,0.473687,0.526313,0,1.0,0,0.5736817000,inspect_p1,inspect,1,,,2,0.0,1.0,0,15.935655
3,32,NG:0.899999;NB:0.100001,0.0,0.899999,0.100001,0.0,0.0,0.0,0.0,0.0,0.0,1.0,0,0,0,0.899999,0.100001,,buy_p1_notest,buy,1,,,4,0.0,1.0,0,21.346704
3,33,GG:0.298894;GB:0.332105;BG:0.332101;BB:0.0369,0.0,0.0,0.0,0.0,0.298894,0.332105,0.0,0.332101,0.0369,0,0.630999,0.369001,0,0.630995,0.369005,0.7309954000,inspect_p1,inspect,1,,,2,0.0,1.0,0,25.799521
3,34,GG:0.000426;GB:0.473483;BG:0.473482;BB:0.052609,0.0,0.0,0.0,0.0,0.000426,0.473483,0.0,0.473482,0.052609,0,0.473909,0.526091,0,0.473908,0.526092,0.9996166000,inspect_p1,inspect,1,,,2,0.0,1.0,0,30.160449
3,35,GG:9e-05;GB:0.99991,0.0,0.0,0.0,0.0,9e-05,0.99991,0.0,0.0,0.0,0,1.0,0,0,9e-05,0.99991,0.9999190000,inspect_p2,inspect,2,,,3,0.0,1.0,0,35.742448
3,36,GG:9e-05;BG:0.99991,0.0,0.0,0.0,0.0,9e-05,0.0,0.0,0.99991,0.0,0,9e-05,0.99991,0,1.0,0,0.9999190000,inspect_p1,inspect,1,,,2,0.0,1.0,0,18.9772
3,37,GG:0.08257;GB:0.91743,0.0,0.0,0.0,0.0,0.08257,0.91743,0.0,0.0,0.0,0,1.0,0,0,0.08257,0.91743,0.9256870000,inspect_p2,inspect,2,,,3,0.0,1.0,0,33.912309
3,38,GG:0.899999;BG:0.100001,0.0,0.0,0.0,0.0,0.899999,0.0,0.0,0.100001,0.0,0,0.899999,0.100001,0,1.0,0,0.1900009000,assemble_test_disassemble,assemble,,1,1,9.950005,0.8099991,0.1900009,0,12.977801
3,39,GG:0.809999;GB:0.09;BG:0.090001;BB:0.01,0.0,0.0,0.0,0.0,0.809999,0.09,0.0,0.090001,0.01,0,0.899999,0.100001,0,0.9,0.1,0.2710009000,assemble_test_disassemble,assemble,,1,1,10.355004,0.7289991,0.2710009,0,17.346685
3,40,GG:0.040889;GB:0.454313;BG:0.454319;BB:0.050479,0.0,0.0,0.0,0.0,0.040889,0.454313,0.0,0.454319,0.050479,0,0.495202,0.504798,0,0.495208,0.504792,0.9631999000,inspect_p1,inspect,1,,,2,0.0,1.0,0,29.569157
3,41,GG:0.08257;BG:0.91743,0.0,0.0,0.0,0.0,0.08257,0.0,0.0,0.91743,0.0,0,0.08257,0.91743,0,1.0,0,0.9256870000,inspect_p1,inspect,1,,,2,0.0,1.0,0,18.447495
3,42,GG:0.899999;GB:0.100001,0.0,0.0,0.0,0.0,0.899999,0.100001,0.0,0.0,0.0,0,1.0,0,0,0.899999,0.100001,0.1900009000,assemble_test_disassemble,assemble,,1,1,9.950005,0.8099991,0.1900009,0,14.744485
3,43,GG:0.809999;GB:0.090001;BG:0.09;BB:0.01,0.0,0.0,0.0,0.0,0.809999,0.090001,0.0,0.09,0.01,0,0.9,0.1,0,0.899999,0.100001,0.2710009000,assemble_test_disassemble,assemble,,1,1,10.355004,0.7289991,0.2710009,0,17.346704
3,44,GG:0.040889;GB:0.454319;BG:0.454313;BB:0.050479,0.0,0.0,0.0,0.0,0.040889,0.454319,0.0,0.454313,0.050479,0,0.495208,0.504792,0,0.495202,0.504798,0.9631999000,inspect_p1,inspect,1,,,2,0.0,1.0,0,29.569283
3,45,GG:4.3e-05;GB:0.473664;BG:0.473664;BB:0.052629,0.0,0.0,0.0,0.0,4.3e-05,0.473664,0.0,0.473664,0.052629,0,0.473707,0.526293,0,0.473707,0.526293,0.9999613000,inspect_p1,inspect,1,,,2,0.0,1.0,0,30.166016
3,46,GG:9e-06;GB:0.999991,0.0,0.0,0.0,0.0,9e-06,0.999991,0.0,0.0,0.0,0,1.0,0,0,9e-06,0.999991,0.9999919000,inspect_p2,inspect,2,,,3,0.0,1.0,0,35.744246
3,47,GG:9e-06;BG:0.999991,0.0,0.0,0.0,0.0,9e-06,0.0,0.0,0.999991,0.0,0,9e-06,0.999991,0,1.0,0,0.9999919000,inspect_p1,inspect,1,,,2,0.0,1.0,0,18.97772
3,48,GG:0.473681;BG:0.526319,0.0,0.0,0.0,0.0,0.473681,0.0,0.0,0.526319,0.0,0,0.473681,0.526319,0,1.0,0,0.5736871000,inspect_p1,inspect,1,,,2,0.0,1.0,0,15.935693
3,49,GG:0.298892;GB:0.332102;BG:0.332106;BB:0.0369,0.0,0.0,0.0,0.0,0.298892,0.332102,0.0,0.332106,0.0369,0,0.630994,0.369006,0,0.630998,0.369002,0.7309972000,inspect_p1,inspect,1,,,2,0.0,1.0,0,25.799473
3,50,NG:0.900002;NB:0.099998,0.0,0.900002,0.099998,0.0,0.0,0.0,0.0,0.0,0.0,1.0,0,0,0,0.900002,0.099998,,buy_p1_notest,buy,1,,,4,0.0,1.0,0,21.346587
3,51,GG:0.004245;GB:0.471671;BG:0.471676;BB:0.052408,0.0,0.0,0.0,0.0,0.004245,0.471671,0.0,0.471676,0.052408,0,0.475916,0.524084,0,0.475921,0.524079,0.9961795000,inspect_p1,inspect,1,,,2,0.0,1.0,0,30.104581
3,52,GG:0.473681;GB:0.526319,0.0,0.0,0.0,0.0,0.473681,0.526319,0.0,0.0,0.0,0,1.0,0,0,0.473681,0.526319,0.5736871000,inspect_p2,inspect,2,,,3,0.0,1.0,0,25.23399
3,53,GG:0.298892;GB:0.332106;BG:0.332102;BB:0.0369,0.0,0.0,0.0,0.0,0.298892,0.332106,0.0,0.332102,0.0369,0,0.630998,0.369002,0,0.630994,0.369006,0.7309972000,inspect_p1,inspect,1,,,2,0.0,1.0,0,25.799544
3,54,GN:0.900002;BN:0.099998,0.0,0.0,0.0,0.900002,0.0,0.0,0.099998,0.0,0.0,0,0.900002,0.099998,1.0,0,0,,buy_p2_notest,buy,2,,,18,0.0,1.0,0,35.346625
3,55,GG:0.004245;GB:0.471676;BG:0.471671;BB:0.052408,0.0,0.0,0.0,0.0,0.004245,0.471676,0.0,0.471671,0.052408,0,0.475921,0.524079,0,0.475916,0.524084,0.9961795000,inspect_p1,inspect,1,,,2,0.0,1.0,0,30.104674
3,56,GG:9.1e-05;GB:0.999909,0.0,0.0,0.0,0.0,9.1e-05,0.999909,0.0,0.0,0.0,0,1.0,0,0,9.1e-05,0.999909,0.9999181000,inspect_p2,inspect,2,,,3,0.0,1.0,0,35.742426
3,57,GG:9.1e-05;BG:0.999909,0.0,0.0,0.0,0.0,9.1e-05,0.0,0.0,0.999909,0.0,0,9.1e-05,0.999909,0,1.0,0,0.9999181000,inspect_p1,inspect,1,,,2,0.0,1.0,0,18.977194
3,58,GG:4e-06;GB:0.473683;BG:0.473682;BB:0.052631,0.0,0.0,0.0,0.0,4e-06,0.473683,0.0,0.473682,0.052631,0,0.473687,0.526313,0,0.473686,0.526314,0.9999964000,inspect_p1,inspect,1,,,2,0.0,1.0,0,30.1666
3,59,GG:1e-06;GB:0.999999,0.0,0.0,0.0,0.0,1e-06,0.999999,0.0,0.0,0.0,0,1.0,0,0,1e-06,0.999999,0.9999991000,inspect_p2,inspect,2,,,3,0.0,1.0,0,35.744423
3,60,GG:1e-06;BG:0.999999,0.0,0.0,0.0,0.0,1e-06,0.0,0.0,0.999999,0.0,0,1e-06,0.999999,0,1.0,0,0.9999991000,inspect_p1,inspect,1,,,2,0.0,1.0,0,18.977772
3,61,GG:0.040888;GB:0.454314;BG:0.454319;BB:0.050479,0.0,0.0,0.0,0.0,0.040888,0.454314,0.0,0.454319,0.050479,0,0.495202,0.504798,0,0.495207,0.504793,0.9632008000,inspect_p1,inspect,1,,,2,0.0,1.0,0,29.569179
3,62,GG:0.900002;GB:0.099998,0.0,0.0,0.0,0.0,0.900002,0.099998,0.0,0.0,0.0,0,1.0,0,0,0.900002,0.099998,0.1899982000,assemble_test_disassemble,assemble,,1,1,9.949991,0.8100018,0.1899982,0,14.744366
3,63,GG:0.810002;GB:0.089998;BG:0.09;BB:0.01,0.0,0.0,0.0,0.0,0.810002,0.089998,0.0,0.09,0.01,0,0.9,0.1,0,0.900002,0.099998,0.2709982000,assemble_test_disassemble,assemble,,1,1,10.354991,0.7290018,0.2709982,0,17.346587
3,64,GG:0.000426;GB:0.47348;BG:0.473485;BB:0.052609,0.0,0.0,0.0,0.0,0.000426,0.47348,0.0,0.473485,0.052609,0,0.473906,0.526094,0,0.473911,0.526089,0.9996166000,inspect_p1,inspect,1,,,2,0.0,1.0,0,30.160384
3,65,GG:0.040888;GB:0.454319;BG:0.454314;BB:0.050479,0.0,0.0,0.0,0.0,0.040888,0.454319,0.0,0.454314,0.050479,0,0.495207,0.504793,0,0.495202,0.504798,0.9632008000,inspect_p1,inspect,1,,,2,0.0,1.0,0,29.569271
3,66,GG:0.900002;BG:0.099998,0.0,0.0,0.0,0.0,0.900002,0.0,0.0,0.099998,0.0,0,0.900002,0.099998,0,1.0,0,0.1899982000,assemble_test_disassemble,assemble,,1,1,9.949991,0.8100018,0.1899982,0,12.977733
3,67,GG:0.810002;GB:0.09;BG:0.089998;BB:0.01,0.0,0.0,0.0,0.0,0.810002,0.09,0.0,0.089998,0.01,0,0.900002,0.099998,0,0.9,0.1,0.2709982000,assemble_test_disassemble,assemble,,1,1,10.354991,0.7290018,0.2709982,0,17.346625
3,68,GG:0.000426;GB:0.473485;BG:0.47348;BB:0.052609,0.0,0.0,0.0,0.0,0.000426,0.473485,0.0,0.47348,0.052609,0,0.473911,0.526089,0,0.473906,0.526094,0.9996166000,inspect_p1,inspect,1,,,2,0.0,1.0,0,30.160477
3,69,GG:8e-06;GB:0.999992,0.0,0.0,0.0,0.0,8e-06,0.999992,0.0,0.0,0.0,0,1.0,0,0,8e-06,0.999992,0.9999928000,inspect_p2,inspect,2,,,3,0.0,1.0,0,35.744268
3,70,GG:8e-06;BG:0.999992,0.0,0.0,0.0,0.0,8e-06,0.0,0.0,0.999992,0.0,0,8e-06,0.999992,0,1.0,0,0.9999928000,inspect_p1,inspect,1,,,2,0.0,1.0,0,18.977727
3,71,GB:0.473685;BG:0.473684;BB:0.052631,0.0,0.0,0.0,0.0,0.0,0.473685,0.0,0.473684,0.052631,0,0.473685,0.526315,0,0.473684,0.526316,1.0000000000,inspect_p1,inspect,1,,,2,0.0,1.0,0,30.166655
3,72,GB:1,0.0,0.0,0.0,0.0,0.0,1.0,0.0,0.0,0.0,0,1.0,0,0,0,1.0,1.0000000000,inspect_p2,inspect,2,,,3,0.0,1.0,0,35.744445
3,73,BG:1,0.0,0.0,0.0,0.0,0.0,0.0,0.0,1.0,0.0,0,0,1.0,0,1.0,0,1.0000000000,inspect_p1,inspect,1,,,2,0.0,1.0,0,18.977778
3,74,GG:0.082567;BG:0.917433,0.0,0.0,0.0,0.0,0.082567,0.0,0.0,0.917433,0.0,0,0.082567,0.917433,0,1.0,0,0.9256897000,inspect_p1,inspect,1,,,2,0.0,1.0,0,18.447514
3,75,GG:0.47369;GB:0.52631,0.0,0.0,0.0,0.0,0.47369,0.52631,0.0,0.0,0.0,0,1.0,0,0,0.47369,0.52631,0.5736790000,inspect_p2,inspect,2,,,3,0.0,1.0,0,25.23379
3,76,GN:0.899998;BN:0.100002,0.0,0.0,0.0,0.899998,0.0,0.0,0.100002,0.0,0.0,0,0.899998,0.100002,1.0,0,0,,buy_p2_notest,buy,2,,,18,0.0,1.0,0,35.346713
3,77,GG:0.298896;GB:0.332098;BG:0.332105;BB:0.036901,0.0,0.0,0.0,0.0,0.298896,0.332098,0.0,0.332105,0.036901,0,0.630994,0.369006,0,0.631001,0.368999,0.7309936000,inspect_p1,inspect,1,,,2,0.0,1.0,0,25.799418
3,78,GG:4.3e-05;GB:0.473662;BG:0.473666;BB:0.052629,0.0,0.0,0.0,0.0,4.3e-05,0.473662,0.0,0.473666,0.052629,0,0.473705,0.526295,0,0.473709,0.526291,0.9999613000,inspect_p1,inspect,1,,,2,0.0,1.0,0,30.165987
3,79,GG:0.082567;GB:0.917433,0.0,0.0,0.0,0.0,0.082567,0.917433,0.0,0.0,0.0,0,1.0,0,0,0.082567,0.917433,0.9256897000,inspect_p2,inspect,2,,,3,0.0,1.0,0,33.912375
3,80,GG:0.47369;BG:0.52631,0.0,0.0,0.0,0.0,0.47369,0.0,0.0,0.52631,0.0,0,0.47369,0.52631,0,1.0,0,0.5736790000,inspect_p1,inspect,1,,,2,0.0,1.0,0,15.935635
3,81,NG:0.899998;NB:0.100002,0.0,0.899998,0.100002,0.0,0.0,0.0,0.0,0.0,0.0,1.0,0,0,0,0.899998,0.100002,,buy_p1_notest,buy,1,,,4,0.0,1.0,0,21.346752
3,82,GG:0.298896;GB:0.332105;BG:0.332098;BB:0.036901,0.0,0.0,0.0,0.0,0.298896,0.332105,0.0,0.332098,0.036901,0,0.631001,0.368999,0,0.630994,0.369006,0.7309936000,inspect_p1,inspect,1,,,2,0.0,1.0,0,25.79956
3,83,GG:4.3e-05;GB:0.473666;BG:0.473662;BB:0.052629,0.0,0.0,0.0,0.0,4.3e-05,0.473666,0.0,0.473662,0.052629,0,0.473709,0.526291,0,0.473705,0.526295,0.9999613000,inspect_p1,inspect,1,,,2,0.0,1.0,0,30.166066
3,84,GG:0.082571;GB:0.917429,0.0,0.0,0.0,0.0,0.082571,0.917429,0.0,0.0,0.0,0,1.0,0,0,0.082571,0.917429,0.9256861000,inspect_p2,inspect,2,,,3,0.0,1.0,0,33.912287
3,85,GG:0.899998;BG:0.100002,0.0,0.0,0.0,0.0,0.899998,0.0,0.0,0.100002,0.0,0,0.899998,0.100002,0,1.0,0,0.1900018000,assemble_test_disassemble,assemble,,1,1,9.950009,0.8099982,0.1900018,0,12.977822
3,86,GG:0.809998;GB:0.09;BG:0.090002;BB:0.01,0.0,0.0,0.0,0.0,0.809998,0.09,0.0,0.090002,0.01,0,0.899998,0.100002,0,0.9,0.1,0.2710018000,assemble_test_disassemble,assemble,,1,1,10.355009,0.7289982,0.2710018,0,17.346713
3,87,GG:0.473691;GB:0.526309,0.0,0.0,0.0,0.0,0.473691,0.526309,0.0,0.0,0.0,0,1.0,0,0,0.473691,0.526309,0.5736781000,inspect_p2,inspect,2,,,3,0.0,1.0,0,25.233768
3,88,GG:0.473685;BG:0.526315,0.0,0.0,0.0,0.0,0.473685,0.0,0.0,0.526315,0.0,0,0.473685,0.526315,0,1.0,0,0.5736835000,inspect_p1,inspect,1,,,2,0.0,1.0,0,15.935668
3,89,GN:0.899997;BN:0.100003,0.0,0.0,0.0,0.899997,0.0,0.0,0.100003,0.0,0.0,0,0.899997,0.100003,1.0,0,0,,buy_p2_notest,buy,2,,,18,0.0,1.0,0,35.346735
3,90,GG:0.040889;GB:0.45431;BG:0.45432;BB:0.050481,0.0,0.0,0.0,0.0,0.040889,0.45431,0.0,0.45432,0.050481,0,0.495199,0.504801,0,0.495209,0.504791,0.9631999000,inspect_p1,inspect,1,,,2,0.0,1.0,0,29.569192
3,91,GG:4e-06;GB:0.47368;BG:0.473685;BB:0.052631,0.0,0.0,0.0,0.0,4e-06,0.47368,0.0,0.473685,0.052631,0,0.473684,0.526316,0,0.473689,0.526311,0.9999964000,inspect_p1,inspect,1,,,2,0.0,1.0,0,30.166557
3,92,GG:0.082571;BG:0.917429,0.0,0.0,0.0,0.0,0.082571,0.0,0.0,0.917429,0.0,0,0.082571,0.917429,0,1.0,0,0.9256861000,inspect_p1,inspect,1,,,2,0.0,1.0,0,18.447489
3,93,GG:0.899998;GB:0.100002,0.0,0.0,0.0,0.0,0.899998,0.100002,0.0,0.0,0.0,0,1.0,0,0,0.899998,0.100002,0.1900018000,assemble_test_disassemble,assemble,,1,1,9.950009,0.8099982,0.1900018,0,14.744521
3,94,GG:0.809998;GB:0.090002;BG:0.09;BB:0.01,0.0,0.0,0.0,0.0,0.809998,0.090002,0.0,0.09,0.01,0,0.9,0.1,0,0.899998,0.100002,0.2710018000,assemble_test_disassemble,assemble,,1,1,10.355009,0.7289982,0.2710018,0,17.346752
3,95,GG:0.473685;GB:0.526315,0.0,0.0,0.0,0.0,0.473685,0.526315,0.0,0.0,0.0,0,1.0,0,0,0.473685,0.526315,0.5736835000,inspect_p2,inspect,2,,,3,0.0,1.0,0,25.233901
3,96,NG:0.899997;NB:0.100003,0.0,0.899997,0.100003,0.0,0.0,0.0,0.0,0.0,0.0,1.0,0,0,0,0.899997,0.100003,,buy_p1_notest,buy,1,,,4,0.0,1.0,0,21.346788
3,97,GG:0.473691;BG:0.526309,0.0,0.0,0.0,0.0,0.473691,0.0,0.0,0.526309,0.0,0,0.473691,0.526309,0,1.0,0,0.5736781000,inspect_p1,inspect,1,,,2,0.0,1.0,0,15.935629
3,98,GG:0.040889;GB:0.45432;BG:0.45431;BB:0.050481,0.0,0.0,0.0,0.0,0.040889,0.45432,0.0,0.45431,0.050481,0,0.495209,0.504791,0,0.495199,0.504801,0.9631999000,inspect_p1,inspect,1,,,2,0.0,1.0,0,29.569377
3,99,GG:4e-06;GB:0.473685;BG:0.47368;BB:0.052631,0.0,0.0,0.0,0.0,4e-06,0.473685,0.0,0.47368,0.052631,0,0.473689,0.526311,0,0.473684,0.526316,0.9999964000,inspect_p1,inspect,1,,,2,0.0,1.0,0,30.166651
3,100,GG:0.473679;BG:0.526321,0.0,0.0,0.0,0.0,0.473679,0.0,0.0,0.526321,0.0,0,0.473679,0.526321,0,1.0,0,0.5736889000,inspect_p1,inspect,1,,,2,0.0,1.0,0,15.935706
3,101,GG:0.29889;GB:0.332101;BG:0.332109;BB:0.0369,0.0,0.0,0.0,0.0,0.29889,0.332101,0.0,0.332109,0.0369,0,0.630991,0.369009,0,0.630999,0.369001,0.7309990000,inspect_p1,inspect,1,,,2,0.0,1.0,0,25.799475
3,102,GG:0.899997;BG:0.100003,0.0,0.0,0.0,0.0,0.899997,0.0,0.0,0.100003,0.0,0,0.899997,0.100003,0,1.0,0,0.1900027000,assemble_test_disassemble,assemble,,1,1,9.950014,0.8099973,0.1900027,0,12.977844
3,103,GG:0.809997;GB:0.09;BG:0.090003;BB:0.01,0.0,0.0,0.0,0.0,0.809997,0.09,0.0,0.090003,0.01,0,0.899997,0.100003,0,0.9,0.1,0.2710027000,assemble_test_disassemble,assemble,,1,1,10.355014,0.7289973,0.2710027,0,17.346735
3,104,GN:0.899996;BN:0.100004,0.0,0.0,0.0,0.899996,0.0,0.0,0.100004,0.0,0.0,0,0.899996,0.100004,1.0,0,0,,buy_p2_notest,buy,2,,,18,0.0,1.0,0,35.346756
3,105,GG:0.004245;GB:0.471667;BG:0.471678;BB:0.05241,0.0,0.0,0.0,0.0,0.004245,0.471667,0.0,0.471678,0.05241,0,0.475912,0.524088,0,0.475923,0.524077,0.9961795000,inspect_p1,inspect,1,,,2,0.0,1.0,0,30.104592
3,106,GB:0.473682;BG:0.473687;BB:0.052631,0.0,0.0,0.0,0.0,0.0,0.473682,0.0,0.473687,0.052631,0,0.473682,0.526318,0,0.473687,0.526313,1.0000000000,inspect_p1,inspect,1,,,2,0.0,1.0,0,30.166593
3,107,GG:0.473679;GB:0.526321,0.0,0.0,0.0,0.0,0.473679,0.526321,0.0,0.0,0.0,0,1.0,0,0,0.473679,0.526321,0.5736889000,inspect_p2,inspect,2,,,3,0.0,1.0,0,25.234034
3,108,GG:0.29889;GB:0.332109;BG:0.332101;BB:0.0369,0.0,0.0,0.0,0.0,0.29889,0.332109,0.0,0.332101,0.0369,0,0.630999,0.369001,0,0.630991,0.369009,0.7309990000,inspect_p1,inspect,1,,,2,0.0,1.0,0,25.799619
3,109,GG:0.899997;GB:0.100003,0.0,0.0,0.0,0.0,0.899997,0.100003,0.0,0.0,0.0,0,1.0,0,0,0.899997,0.100003,0.1900027000,assemble_test_disassemble,assemble,,1,1,9.950014,0.8099973,0.1900027,0,14.744561
3,110,GG:0.809997;GB:0.090003;BG:0.09;BB:0.01,0.0,0.0,0.0,0.0,0.809997,0.090003,0.0,0.09,0.01,0,0.9,0.1,0,0.899997,0.100003,0.2710027000,assemble_test_disassemble,assemble,,1,1,10.355014,0.7289973,0.2710027,0,17.346788
3,111,NG:0.899996;NB:0.100004,0.0,0.899996,0.100004,0.0,0.0,0.0,0.0,0.0,0.0,1.0,0,0,0,0.899996,0.100004,,buy_p1_notest,buy,1,,,4,0.0,1.0,0,21.346825
3,112,GG:0.004245;GB:0.471678;BG:0.471667;BB:0.05241,0.0,0.0,0.0,0.0,0.004245,0.471678,0.0,0.471667,0.05241,0,0.475923,0.524077,0,0.475912,0.524088,0.9961795000,inspect_p1,inspect,1,,,2,0.0,1.0,0,30.104787
3,113,GB:0.473687;BG:0.473682;BB:0.052631,0.0,0.0,0.0,0.0,0.0,0.473687,0.0,0.473682,0.052631,0,0.473687,0.526313,0,0.473682,0.526318,1.0000000000,inspect_p1,inspect,1,,,2,0.0,1.0,0,30.166684
3,114,GG:0.473683;GB:0.526317,0.0,0.0,0.0,0.0,0.473683,0.526317,0.0,0.0,0.0,0,1.0,0,0,0.473683,0.526317,0.5736853000,inspect_p2,inspect,2,,,3,0.0,1.0,0,25.233946
3,115,GG:0.473677;BG:0.526323,0.0,0.0,0.0,0.0,0.473677,0.0,0.0,0.526323,0.0,0,0.473677,0.526323,0,1.0,0,0.5736907000,inspect_p1,inspect,1,,,2,0.0,1.0,0,15.935719
3,116,GG:0.040888;GB:0.454311;BG:0.454322;BB:0.050479,0.0,0.0,0.0,0.0,0.040888,0.454311,0.0,0.454322,0.050479,0,0.495199,0.504801,0,0.49521,0.50479,0.9632008000,inspect_p1,inspect,1,,,2,0.0,1.0,0,29.569131
3,117,GG:0.473676;BG:0.526324,0.0,0.0,0.0,0.0,0.473676,0.0,0.0,0.526324,0.0,0,0.473676,0.526324,0,1.0,0,0.5736916000,inspect_p1,inspect,1,,,2,0.0,1.0,0,15.935725
3,118,NG:0.900003;NB:0.099997,0.0,0.900003,0.099997,0.0,0.0,0.0,0.0,0.0,0.0,1.0,0,0,0,0.900003,0.099997,,buy_p1_notest,buy,1,,,4,0.0,1.0,0,21.34655
3,119,GG:0.298889;GB:0.3321;BG:0.332111;BB:0.0369,0.0,0.0,0.0,0.0,0.298889,0.3321,0.0,0.332111,0.0369,0,0.630989,0.369011,0,0.631,0.369,0.7309999000,inspect_p1,inspect,1,,,2,0.0,1.0,0,25.799454
3,120,GG:0.899996;BG:0.100004,0.0,0.0,0.0,0.0,0.899996,0.0,0.0,0.100004,0.0,0,0.899996,0.100004,0,1.0,0,0.1900036000,assemble_test_disassemble,assemble,,1,1,9.950018,0.8099964,0.1900036,0,12.977867
3,121,GG:0.809996;GB:0.09;BG:0.090004;BB:0.01,0.0,0.0,0.0,0.0,0.809996,0.09,0.0,0.090004,0.01,0,0.899996,0.100004,0,0.9,0.1,0.2710036000,assemble_test_disassemble,assemble,,1,1,10.355018,0.7289964,0.2710036,0,17.346756
3,122,GG:0.000426;GB:0.473476;BG:0.473487;BB:0.052611,0.0,0.0,0.0,0.0,0.000426,0.473476,0.0,0.473487,0.052611,0,0.473902,0.526098,0,0.473913,0.526087,0.9996166000,inspect_p1,inspect,1,,,2,0.0,1.0,0,30.160394
3,123,GG:0.473677;GB:0.526323,0.0,0.0,0.0,0.0,0.473677,0.526323,0.0,0.0,0.0,0,1.0,0,0,0.473677,0.526323,0.5736907000,inspect_p2,inspect,2,,,3,0.0,1.0,0,25.234079
3,124,GG:0.473683;BG:0.526317,0.0,0.0,0.0,0.0,0.473683,0.0,0.0,0.526317,0.0,0,0.473683,0.526317,0,1.0,0,0.5736853000,inspect_p1,inspect,1,,,2,0.0,1.0,0,15.93568
3,125,GG:0.040888;GB:0.454322;BG:0.454311;BB:0.050479,0.0,0.0,0.0,0.0,0.040888,0.454322,0.0,0.454311,0.050479,0,0.49521,0.50479,0,0.495199,0.504801,0.9632008000,inspect_p1,inspect,1,,,2,0.0,1.0,0,29.56933
3,126,GG:0.473676;GB:0.526324,0.0,0.0,0.0,0.0,0.473676,0.526324,0.0,0.0,0.0,0,1.0,0,0,0.473676,0.526324,0.5736916000,inspect_p2,inspect,2,,,3,0.0,1.0,0,25.234101
3,127,GN:0.900003;BN:0.099997,0.0,0.0,0.0,0.900003,0.0,0.0,0.099997,0.0,0.0,0,0.900003,0.099997,1.0,0,0,,buy_p2_notest,buy,2,,,18,0.0,1.0,0,35.3466
3,128,GG:0.298889;GB:0.332111;BG:0.3321;BB:0.0369,0.0,0.0,0.0,0.0,0.298889,0.332111,0.0,0.3321,0.0369,0,0.631,0.369,0,0.630989,0.369011,0.7309999000,inspect_p1,inspect,1,,,2,0.0,1.0,0,25.799651
3,129,GG:0.899996;GB:0.100004,0.0,0.0,0.0,0.0,0.899996,0.100004,0.0,0.0,0.0,0,1.0,0,0,0.899996,0.100004,0.1900036000,assemble_test_disassemble,assemble,,1,1,9.950018,0.8099964,0.1900036,0,14.744601
3,130,GG:0.809996;GB:0.090004;BG:0.09;BB:0.01,0.0,0.0,0.0,0.0,0.809996,0.090004,0.0,0.09,0.01,0,0.9,0.1,0,0.899996,0.100004,0.2710036000,assemble_test_disassemble,assemble,,1,1,10.355018,0.7289964,0.2710036,0,17.346825
3,131,GG:0.000426;GB:0.473487;BG:0.473476;BB:0.052611,0.0,0.0,0.0,0.0,0.000426,0.473487,0.0,0.473476,0.052611,0,0.473913,0.526087,0,0.473902,0.526098,0.9996166000,inspect_p1,inspect,1,,,2,0.0,1.0,0,30.160591
3,132,GG:0.004245;GB:0.471668;BG:0.471679;BB:0.052408,0.0,0.0,0.0,0.0,0.004245,0.471668,0.0,0.471679,0.052408,0,0.475913,0.524087,0,0.475924,0.524076,0.9961795000,inspect_p1,inspect,1,,,2,0.0,1.0,0,30.104539
3,133,GG:0.082566;BG:0.917434,0.0,0.0,0.0,0.0,0.082566,0.0,0.0,0.917434,0.0,0,0.082566,0.917434,0,1.0,0,0.9256906000,inspect_p1,inspect,1,,,2,0.0,1.0,0,18.447521
3,134,GG:0.900003;GB:0.099997,0.0,0.0,0.0,0.0,0.900003,0.099997,0.0,0.0,0.0,0,1.0,0,0,0.900003,0.099997,0.1899973000,assemble_test_disassemble,assemble,,1,1,9.949986,0.8100027,0.1899973,0,14.744326
3,135,GG:0.810003;GB:0.089997;BG:0.09;BB:0.01,0.0,0.0,0.0,0.0,0.810003,0.089997,0.0,0.09,0.01,0,0.9,0.1,0,0.900003,0.099997,0.2709973000,assemble_test_disassemble,assemble,,1,1,10.354986,0.7290027,0.2709973,0,17.34655
3,136,GG:0.473675;BG:0.526325,0.0,0.0,0.0,0.0,0.473675,0.0,0.0,0.526325,0.0,0,0.473675,0.526325,0,1.0,0,0.5736925000,inspect_p1,inspect,1,,,2,0.0,1.0,0,15.935732
3,137,GG:0.040888;GB:0.454309;BG:0.454324;BB:0.050479,0.0,0.0,0.0,0.0,0.040888,0.454309,0.0,0.454324,0.050479,0,0.495197,0.504803,0,0.495212,0.504788,0.9632008000,inspect_p1,inspect,1,,,2,0.0,1.0,0,29.569087
3,138,GG:0.473673;BG:0.526327,0.0,0.0,0.0,0.0,0.473673,0.0,0.0,0.526327,0.0,0,0.473673,0.526327,0,1.0,0,0.5736943000,inspect_p1,inspect,1,,,2,0.0,1.0,0,15.935745
3,139,NG:0.900004;NB:0.099996,0.0,0.900004,0.099996,0.0,0.0,0.0,0.0,0.0,0.0,1.0,0,0,0,0.900004,0.099996,,buy_p1_notest,buy,1,,,4,0.0,1.0,0,21.346505
3,140,GG:0.298888;GB:0.332099;BG:0.332113;BB:0.0369,0.0,0.0,0.0,0.0,0.298888,0.332099,0.0,0.332113,0.0369,0,0.630987,0.369013,0,0.631001,0.368999,0.7310008000,inspect_p1,inspect,1,,,2,0.0,1.0,0,25.79943
3,141,GG:4.3e-05;GB:0.473658;BG:0.473668;BB:0.052631,0.0,0.0,0.0,0.0,4.3e-05,0.473658,0.0,0.473668,0.052631,0,0.473701,0.526299,0,0.473711,0.526289,0.9999613000,inspect_p1,inspect,1,,,2,0.0,1.0,0,30.165997
3,142,GG:0.004245;GB:0.471679;BG:0.471668;BB:0.052408,0.0,0.0,0.0,0.0,0.004245,0.471679,0.0,0.471668,0.052408,0,0.475924,0.524076,0,0.475913,0.524087,0.9961795000,inspect_p1,inspect,1,,,2,0.0,1.0,0,30.104748
3,143,GG:0.082566;GB:0.917434,0.0,0.0,0.0,0.0,0.082566,0.917434,0.0,0.0,0.0,0,1.0,0,0,0.082566,0.917434,0.9256906000,inspect_p2,inspect,2,,,3,0.0,1.0,0,33.912398
3,144,GG:0.900003;BG:0.099997,0.0,0.0,0.0,0.0,0.900003,0.0,0.0,0.099997,0.0,0,0.900003,0.099997,0,1.0,0,0.1899973000,assemble_test_disassemble,assemble,,1,1,9.949986,0.8100027,0.1899973,0,12.977711
3,145,GG:0.810003;GB:0.09;BG:0.089997;BB:0.01,0.0,0.0,0.0,0.0,0.810003,0.09,0.0,0.089997,0.01,0,0.900003,0.099997,0,0.9,0.1,0.2709973000,assemble_test_disassemble,assemble,,1,1,10.354986,0.7290027,0.2709973,0,17.3466
3,146,GG:0.473675;GB:0.526325,0.0,0.0,0.0,0.0,0.473675,0.526325,0.0,0.0,0.0,0,1.0,0,0,0.473675,0.526325,0.5736925000,inspect_p2,inspect,2,,,3,0.0,1.0,0,25.234123
3,147,GG:0.040888;GB:0.454324;BG:0.454309;BB:0.050479,0.0,0.0,0.0,0.0,0.040888,0.454324,0.0,0.454309,0.050479,0,0.495212,0.504788,0,0.495197,0.504803,0.9632008000,inspect_p1,inspect,1,,,2,0.0,1.0,0,29.569355
3,148,GG:0.473673;GB:0.526327,0.0,0.0,0.0,0.0,0.473673,0.526327,0.0,0.0,0.0,0,1.0,0,0,0.473673,0.526327,0.5736943000,inspect_p2,inspect,2,,,3,0.0,1.0,0,25.234167
3,149,GN:0.900004;BN:0.099996,0.0,0.0,0.0,0.900004,0.0,0.0,0.099996,0.0,0.0,0,0.900004,0.099996,1.0,0,0,,buy_p2_notest,buy,2,,,18,0.0,1.0,0,35.346579
3,150,GG:0.298888;GB:0.332113;BG:0.332099;BB:0.0369,0.0,0.0,0.0,0.0,0.298888,0.332113,0.0,0.332099,0.0369,0,0.631001,0.368999,0,0.630987,0.369013,0.7310008000,inspect_p1,inspect,1,,,2,0.0,1.0,0,25.799682
3,151,GG:4.3e-05;GB:0.473668;BG:0.473658;BB:0.052631,0.0,0.0,0.0,0.0,4.3e-05,0.473668,0.0,0.473658,0.052631,0,0.473711,0.526289,0,0.473701,0.526299,0.9999613000,inspect_p1,inspect,1,,,2,0.0,1.0,0,30.16618
3,152,GG:0.008919;BG:0.991081,0.0,0.0,0.0,0.0,0.008919,0.0,0.0,0.991081,0.0,0,0.008919,0.991081,0,1.0,0,0.9919729000,inspect_p1,inspect,1,,,2,0.0,1.0,0,18.920498
3,153,GG:0.000426;GB:0.473477;BG:0.473488;BB:0.052609,0.0,0.0,0.0,0.0,0.000426,0.473477,0.0,0.473488,0.052609,0,0.473903,0.526097,0,0.473914,0.526086,0.9996166000,inspect_p1,inspect,1,,,2,0.0,1.0,0,30.160341
3,154,GG:0.473693;GB:0.526307,0.0,0.0,0.0,0.0,0.473693,0.526307,0.0,0.0,0.0,0,1.0,0,0,0.473693,0.526307,0.5736763000,inspect_p2,inspect,2,,,3,0.0,1.0,0,25.233724
3,155,GG:0.298897;GB:0.332096;BG:0.332106;BB:0.036901,0.0,0.0,0.0,0.0,0.298897,0.332096,0.0,0.332106,0.036901,0,0.630993,0.369007,0,0.631003,0.368997,0.7309927000,inspect_p1,inspect,1,,,2,0.0,1.0,0,25.799386
3,156,GG:0.004245;GB:0.471666;BG:0.471681;BB:0.052408,0.0,0.0,0.0,0.0,0.004245,0.471666,0.0,0.471681,0.052408,0,0.475911,0.524089,0,0.475926,0.524074,0.9961795000,inspect_p1,inspect,1,,,2,0.0,1.0,0,30.104491
3,157,GG:0.082565;BG:0.917435,0.0,0.0,0.0,0.0,0.082565,0.0,0.0,0.917435,0.0,0,0.082565,0.917435,0,1.0,0,0.9256915000,inspect_p1,inspect,1,,,2,0.0,1.0,0,18.447527
3,158,GG:0.900004;GB:0.099996,0.0,0.0,0.0,0.0,0.900004,0.099996,0.0,0.0,0.0,0,1.0,0,0,0.900004,0.099996,0.1899964000,assemble_test_disassemble,assemble,,1,1,9.949982,0.8100036,0.1899964,0,14.74429
3,159,GG:0.810004;GB:0.089996;BG:0.09;BB:0.01,0.0,0.0,0.0,0.0,0.810004,0.089996,0.0,0.09,0.01,0,0.9,0.1,0,0.900004,0.099996,0.2709964000,assemble_test_disassemble,assemble,,1,1,10.354982,0.7290036,0.2709964,0,17.346505
3,160,GG:0.040888;GB:0.454307;BG:0.454326;BB:0.050479,0.0,0.0,0.0,0.0,0.040888,0.454307,0.0,0.454326,0.050479,0,0.495195,0.504805,0,0.495214,0.504786,0.9632008000,inspect_p1,inspect,1,,,2,0.0,1.0,0,29.569062
3,161,GG:4e-06;GB:0.473676;BG:0.473687;BB:0.052633,0.0,0.0,0.0,0.0,4e-06,0.473676,0.0,0.473687,0.052633,0,0.47368,0.52632,0,0.473691,0.526309,0.9999964000,inspect_p1,inspect,1,,,2,0.0,1.0,0,30.166567
3,162,GG:0.008919;GB:0.991081,0.0,0.0,0.0,0.0,0.008919,0.991081,0.0,0.0,0.0,0,1.0,0,0,0.008919,0.991081,0.9919729000,inspect_p2,inspect,2,,,3,0.0,1.0,0,35.546543
3,163,GG:0.000426;GB:0.473488;BG:0.473477;BB:0.052609,0.0,0.0,0.0,0.0,0.000426,0.473488,0.0,0.473477,0.052609,0,0.473914,0.526086,0,0.473903,0.526097,0.9996166000,inspect_p1,inspect,1,,,2,0.0,1.0,0,30.160542
3,164,GG:0.473693;BG:0.526307,0.0,0.0,0.0,0.0,0.473693,0.0,0.0,0.526307,0.0,0,0.473693,0.526307,0,1.0,0,0.5736763000,inspect_p1,inspect,1,,,2,0.0,1.0,0,15.935616
3,165,GG:0.298897;GB:0.332106;BG:0.332096;BB:0.036901,0.0,0.0,0.0,0.0,0.298897,0.332106,0.0,0.332096,0.036901,0,0.631003,0.368997,0,0.630993,0.369007,0.7309927000,inspect_p1,inspect,1,,,2,0.0,1.0,0,25.799568
3,166,GG:0.004245;GB:0.471681;BG:0.471666;BB:0.052408,0.0,0.0,0.0,0.0,0.004245,0.471681,0.0,0.471666,0.052408,0,0.475926,0.524074,0,0.475911,0.524089,0.9961795000,inspect_p1,inspect,1,,,2,0.0,1.0,0,30.104776
3,167,GG:0.082565;GB:0.917435,0.0,0.0,0.0,0.0,0.082565,0.917435,0.0,0.0,0.0,0,1.0,0,0,0.082565,0.917435,0.9256915000,inspect_p2,inspect,2,,,3,0.0,1.0,0,33.91242
3,168,GG:0.900004;BG:0.099996,0.0,0.0,0.0,0.0,0.900004,0.0,0.0,0.099996,0.0,0,0.900004,0.099996,0,1.0,0,0.1899964000,assemble_test_disassemble,assemble,,1,1,9.949982,0.8100036,0.1899964,0,12.977689
3,169,GG:0.810004;GB:0.09;BG:0.089996;BB:0.01,0.0,0.0,0.0,0.0,0.810004,0.09,0.0,0.089996,0.01,0,0.900004,0.099996,0,0.9,0.1,0.2709964000,assemble_test_disassemble,assemble,,1,1,10.354982,0.7290036,0.2709964,0,17.346579
3,170,GG:0.040888;GB:0.454326;BG:0.454307;BB:0.050479,0.0,0.0,0.0,0.0,0.040888,0.454326,0.0,0.454307,0.050479,0,0.495214,0.504786,0,0.495195,0.504805,0.9632008000,inspect_p1,inspect,1,,,2,0.0,1.0,0,29.569411
3,171,GG:4e-06;GB:0.473687;BG:0.473676;BB:0.052633,0.0,0.0,0.0,0.0,4e-06,0.473687,0.0,0.473676,0.052633,0,0.473691,0.526309,0,0.47368,0.52632,0.9999964000,inspect_p1,inspect,1,,,2,0.0,1.0,0,30.166764
3,172,GG:4.3e-05;GB:0.473659;BG:0.473669;BB:0.052629,0.0,0.0,0.0,0.0,4.3e-05,0.473659,0.0,0.473669,0.052629,0,0.473702,0.526298,0,0.473712,0.526288,0.9999613000,inspect_p1,inspect,1,,,2,0.0,1.0,0,30.165925
3,173,GG:0.473686;BG:0.526314,0.0,0.0,0.0,0.0,0.473686,0.0,0.0,0.526314,0.0,0,0.473686,0.526314,0,1.0,0,0.5736826000,inspect_p1,inspect,1,,,2,0.0,1.0,0,15.935661
3,174,GG:0.040889;GB:0.454308;BG:0.454322;BB:0.050481,0.0,0.0,0.0,0.0,0.040889,0.454308,0.0,0.454322,0.050481,0,0.495197,0.504803,0,0.495211,0.504789,0.9631999000,inspect_p1,inspect,1,,,2,0.0,1.0,0,29.569143
3,175,GG:0.000426;GB:0.473475;BG:0.47349;BB:0.052609,0.0,0.0,0.0,0.0,0.000426,0.473475,0.0,0.47349,0.052609,0,0.473901,0.526099,0,0.473916,0.526084,0.9996166000,inspect_p1,inspect,1,,,2,0.0,1.0,0,30.160293
3,176,GG:0.473695;GB:0.526305,0.0,0.0,0.0,0.0,0.473695,0.526305,0.0,0.0,0.0,0,1.0,0,0,0.473695,0.526305,0.5736745000,inspect_p2,inspect,2,,,3,0.0,1.0,0,25.233679
3,177,GG:0.298898;GB:0.332093;BG:0.332108;BB:0.036901,0.0,0.0,0.0,0.0,0.298898,0.332093,0.0,0.332108,0.036901,0,0.630991,0.369009,0,0.631006,0.368994,0.7309918000,inspect_p1,inspect,1,,,2,0.0,1.0,0,25.799322
3,178,GG:0.004245;GB:0.471664;BG:0.471683;BB:0.052408,0.0,0.0,0.0,0.0,0.004245,0.471664,0.0,0.471683,0.052408,0,0.475909,0.524091,0,0.475928,0.524072,0.9961795000,inspect_p1,inspect,1,,,2,0.0,1.0,0,30.104463
3,179,GB:0.473678;BG:0.473689;BB:0.052633,0.0,0.0,0.0,0.0,0.0,0.473678,0.0,0.473689,0.052633,0,0.473678,0.526322,0,0.473689,0.526311,1.0000000000,inspect_p1,inspect,1,,,2,0.0,1.0,0,30.166623
3,180,GG:4.3e-05;GB:0.473669;BG:0.473659;BB:0.052629,0.0,0.0,0.0,0.0,4.3e-05,0.473669,0.0,0.473659,0.052629,0,0.473712,0.526288,0,0.473702,0.526298,0.9999613000,inspect_p1,inspect,1,,,2,0.0,1.0,0,30.166109
3,181,GG:0.473686;GB:0.526314,0.0,0.0,0.0,0.0,0.473686,0.526314,0.0,0.0,0.0,0,1.0,0,0,0.473686,0.526314,0.5736826000,inspect_p2,inspect,2,,,3,0.0,1.0,0,25.233879
3,182,GG:0.040889;GB:0.454322;BG:0.454308;BB:0.050481,0.0,0.0,0.0,0.0,0.040889,0.454322,0.0,0.454308,0.050481,0,0.495211,0.504789,0,0.495197,0.504803,0.9631999000,inspect_p1,inspect,1,,,2,0.0,1.0,0,29.569402
3,183,GG:0.000426;GB:0.47349;BG:0.473475;BB:0.052609,0.0,0.0,0.0,0.0,0.000426,0.47349,0.0,0.473475,0.052609,0,0.473916,0.526084,0,0.473901,0.526099,0.9996166000,inspect_p1,inspect,1,,,2,0.0,1.0,0,30.16057
3,184,GG:0.473695;BG:0.526305,0.0,0.0,0.0,0.0,0.473695,0.0,0.0,0.526305,0.0,0,0.473695,0.526305,0,1.0,0,0.5736745000,inspect_p1,inspect,1,,,2,0.0,1.0,0,15.935603
3,185,GG:0.298898;GB:0.332108;BG:0.332093;BB:0.036901,0.0,0.0,0.0,0.0,0.298898,0.332108,0.0,0.332093,0.036901,0,0.631006,0.368994,0,0.630991,0.369009,0.7309918000,inspect_p1,inspect,1,,,2,0.0,1.0,0,25.799593
3,186,GG:0.004245;GB:0.471683;BG:0.471664;BB:0.052408,0.0,0.0,0.0,0.0,0.004245,0.471683,0.0,0.471664,0.052408,0,0.475928,0.524072,0,0.475909,0.524091,0.9961795000,inspect_p1,inspect,1,,,2,0.0,1.0,0,30.10483
3,187,GB:0.473689;BG:0.473678;BB:0.052633,0.0,0.0,0.0,0.0,0.0,0.473689,0.0,0.473678,0.052633,0,0.473689,0.526311,0,0.473678,0.526322,1.0000000000,inspect_p1,inspect,1,,,2,0.0,1.0,0,30.166819
3,188,GG:4e-06;GB:0.473677;BG:0.473688;BB:0.052631,0.0,0.0,0.0,0.0,4e-06,0.473677,0.0,0.473688,0.052631,0,0.473681,0.526319,0,0.473692,0.526308,0.9999964000,inspect_p1,inspect,1,,,2,0.0,1.0,0,30.166495
3,189,GG:0.004245;GB:0.471665;BG:0.47168;BB:0.05241,0.0,0.0,0.0,0.0,0.004245,0.471665,0.0,0.47168,0.05241,0,0.47591,0.52409,0,0.475925,0.524075,0.9961795000,inspect_p1,inspect,1,,,2,0.0,1.0,0,30.104564
3,190,GG:4.3e-05;GB:0.473657;BG:0.473671;BB:0.052629,0.0,0.0,0.0,0.0,4.3e-05,0.473657,0.0,0.473671,0.052629,0,0.4737,0.5263,0,0.473714,0.526286,0.9999613000,inspect_p1,inspect,1,,,2,0.0,1.0,0,30.165896
3,191,GG:0.082572;GB:0.917428,0.0,0.0,0.0,0.0,0.082572,0.917428,0.0,0.0,0.0,0,1.0,0,0,0.082572,0.917428,0.9256852000,inspect_p2,inspect,2,,,3,0.0,1.0,0,33.912264
3,192,GG:0.473696;GB:0.526304,0.0,0.0,0.0,0.0,0.473696,0.526304,0.0,0.0,0.0,0,1.0,0,0,0.473696,0.526304,0.5736736000,inspect_p2,inspect,2,,,3,0.0,1.0,0,25.233657
3,193,GG:0.040889;GB:0.454305;BG:0.454325;BB:0.050481,0.0,0.0,0.0,0.0,0.040889,0.454305,0.0,0.454325,0.050481,0,0.495194,0.504806,0,0.495214,0.504786,0.9631999000,inspect_p1,inspect,1,,,2,0.0,1.0,0,29.569094
3,194,GG:0.000426;GB:0.473473;BG:0.473492;BB:0.052609,0.0,0.0,0.0,0.0,0.000426,0.473473,0.0,0.473492,0.052609,0,0.473899,0.526101,0,0.473918,0.526082,0.9996166000,inspect_p1,inspect,1,,,2,0.0,1.0,0,30.160264
3,195,GG:4e-06;GB:0.473688;BG:0.473677;BB:0.052631,0.0,0.0,0.0,0.0,4e-06,0.473688,0.0,0.473677,0.052631,0,0.473692,0.526308,0,0.473681,0.526319,0.9999964000,inspect_p1,inspect,1,,,2,0.0,1.0,0,30.166694
3,196,GG:0.004245;GB:0.47168;BG:0.471665;BB:0.05241,0.0,0.0,0.0,0.0,0.004245,0.47168,0.0,0.471665,0.05241,0,0.475925,0.524075,0,0.47591,0.52409,0.9961795000,inspect_p1,inspect,1,,,2,0.0,1.0,0,30.104879
3,197,GG:4.3e-05;GB:0.473671;BG:0.473657;BB:0.052629,0.0,0.0,0.0,0.0,4.3e-05,0.473671,0.0,0.473657,0.052629,0,0.473714,0.526286,0,0.4737,0.5263,0.9999613000,inspect_p1,inspect,1,,,2,0.0,1.0,0,30.166159
3,198,GG:0.082572;BG:0.917428,0.0,0.0,0.0,0.0,0.082572,0.0,0.0,0.917428,0.0,0,0.082572,0.917428,0,1.0,0,0.9256852000,inspect_p1,inspect,1,,,2,0.0,1.0,0,18.447482
3,199,GG:0.473696;BG:0.526304,0.0,0.0,0.0,0.0,0.473696,0.0,0.0,0.526304,0.0,0,0.473696,0.526304,0,1.0,0,0.5736736000,inspect_p1,inspect,1,,,2,0.0,1.0,0,15.935597
3,200,GG:0.040889;GB:0.454325;BG:0.454305;BB:0.050481,0.0,0.0,0.0,0.0,0.040889,0.454325,0.0,0.454305,0.050481,0,0.495214,0.504786,0,0.495194,0.504806,0.9631999000,inspect_p1,inspect,1,,,2,0.0,1.0,0,29.569502
3,201,GG:0.000426;GB:0.473492;BG:0.473473;BB:0.052609,0.0,0.0,0.0,0.0,0.000426,0.473492,0.0,0.473473,0.052609,0,0.473918,0.526082,0,0.473899,0.526101,0.9996166000,inspect_p1,inspect,1,,,2,0.0,1.0,0,30.160625
3,202,GB:0.473679;BG:0.47369;BB:0.052631,0.0,0.0,0.0,0.0,0.0,0.473679,0.0,0.47369,0.052631,0,0.473679,0.526321,0,0.47369,0.52631,1.0000000000,inspect_p1,inspect,1,,,2,0.0,1.0,0,30.16655
3,203,GN:0.899995;BN:0.100005,0.0,0.0,0.0,0.899995,0.0,0.0,0.100005,0.0,0.0,0,0.899995,0.100005,1.0,0,0,,buy_p2_notest,buy,2,,,18,0.0,1.0,0,35.346839
3,204,GG:0.000426;GB:0.473474;BG:0.473489;BB:0.052611,0.0,0.0,0.0,0.0,0.000426,0.473474,0.0,0.473489,0.052611,0,0.4739,0.5261,0,0.473915,0.526085,0.9996166000,inspect_p1,inspect,1,,,2,0.0,1.0,0,30.160366
3,205,GG:4e-06;GB:0.473675;BG:0.47369;BB:0.052631,0.0,0.0,0.0,0.0,4e-06,0.473675,0.0,0.47369,0.052631,0,0.473679,0.526321,0,0.473694,0.526306,0.9999964000,inspect_p1,inspect,1,,,2,0.0,1.0,0,30.166466
3,206,GG:0.004245;GB:0.471662;BG:0.471683;BB:0.05241,0.0,0.0,0.0,0.0,0.004245,0.471662,0.0,0.471683,0.05241,0,0.475907,0.524093,0,0.475928,0.524072,0.9961795000,inspect_p1,inspect,1,,,2,0.0,1.0,0,30.104496
3,207,GG:4.3e-05;GB:0.473655;BG:0.473673;BB:0.052629,0.0,0.0,0.0,0.0,4.3e-05,0.473655,0.0,0.473673,0.052629,0,0.473698,0.526302,0,0.473716,0.526284,0.9999613000,inspect_p1,inspect,1,,,2,0.0,1.0,0,30.165867
3,208,GB:0.47369;BG:0.473679;BB:0.052631,0.0,0.0,0.0,0.0,0.0,0.47369,0.0,0.473679,0.052631,0,0.47369,0.52631,0,0.473679,0.526321,1.0000000000,inspect_p1,inspect,1,,,2,0.0,1.0,0,30.166749
3,209,NG:0.899995;NB:0.100005,0.0,0.899995,0.100005,0.0,0.0,0.0,0.0,0.0,0.0,1.0,0,0,0,0.899995,0.100005,,buy_p1_notest,buy,1,,,4,0.0,1.0,0,21.346927
3,210,GG:0.000426;GB:0.473489;BG:0.473474;BB:0.052611,0.0,0.0,0.0,0.0,0.000426,0.473489,0.0,0.473474,0.052611,0,0.473915,0.526085,0,0.4739,0.5261,0.9996166000,inspect_p1,inspect,1,,,2,0.0,1.0,0,30.160673
3,211,GG:4e-06;GB:0.47369;BG:0.473675;BB:0.052631,0.0,0.0,0.0,0.0,4e-06,0.47369,0.0,0.473675,0.052631,0,0.473694,0.526306,0,0.473679,0.526321,0.9999964000,inspect_p1,inspect,1,,,2,0.0,1.0,0,30.166744
3,212,GG:0.004245;GB:0.471683;BG:0.471662;BB:0.05241,0.0,0.0,0.0,0.0,0.004245,0.471683,0.0,0.471662,0.05241,0,0.475928,0.524072,0,0.475907,0.524093,0.9961795000,inspect_p1,inspect,1,,,2,0.0,1.0,0,30.104922
3,213,GG:4.3e-05;GB:0.473673;BG:0.473655;BB:0.052629,0.0,0.0,0.0,0.0,4.3e-05,0.473673,0.0,0.473655,0.052629,0,0.473716,0.526284,0,0.473698,0.526302,0.9999613000,inspect_p1,inspect,1,,,2,0.0,1.0,0,30.166188
3,214,GG:0.899995;BG:0.100005,0.0,0.0,0.0,0.0,0.899995,0.0,0.0,0.100005,0.0,0,0.899995,0.100005,0,1.0,0,0.1900045000,assemble_test_disassemble,assemble,,1,1,9.950022,0.8099955,0.1900045,0,12.977889
3,215,GG:0.809994;GB:0.09;BG:0.090005;BB:0.010001,0.0,0.0,0.0,0.0,0.809994,0.09,0.0,0.090005,0.010001,0,0.899994,0.100006,0,0.899999,0.100001,0.2710054000,assemble_test_disassemble,assemble,,1,1,10.355027,0.7289946,0.2710054,0,17.346839
3,216,GG:4.3e-05;GB:0.473656;BG:0.47367;BB:0.052631,0.0,0.0,0.0,0.0,4.3e-05,0.473656,0.0,0.47367,0.052631,0,0.473699,0.526301,0,0.473713,0.526287,0.9999613000,inspect_p1,inspect,1,,,2,0.0,1.0,0,30.165969
3,217,GB:0.473677;BG:0.473692;BB:0.052631,0.0,0.0,0.0,0.0,0.0,0.473677,0.0,0.473692,0.052631,0,0.473677,0.526323,0,0.473692,0.526308,1.0000000000,inspect_p1,inspect,1,,,2,0.0,1.0,0,30.166521
3,218,GG:0.000426;GB:0.473471;BG:0.473492;BB:0.052611,0.0,0.0,0.0,0.0,0.000426,0.473471,0.0,0.473492,0.052611,0,0.473897,0.526103,0,0.473918,0.526082,0.9996166000,inspect_p1,inspect,1,,,2,0.0,1.0,0,30.160297
3,219,GG:4e-06;GB:0.473673;BG:0.473692;BB:0.052631,0.0,0.0,0.0,0.0,4e-06,0.473673,0.0,0.473692,0.052631,0,0.473677,0.526323,0,0.473696,0.526304,0.9999964000,inspect_p1,inspect,1,,,2,0.0,1.0,0,30.166437
3,220,GG:0.899995;GB:0.100005,0.0,0.0,0.0,0.0,0.899995,0.100005,0.0,0.0,0.0,0,1.0,0,0,0.899995,0.100005,0.1900045000,assemble_test_disassemble,assemble,,1,1,9.950022,0.8099955,0.1900045,0,14.744641
3,221,GG:0.809994;GB:0.090005;BG:0.09;BB:0.010001,0.0,0.0,0.0,0.0,0.809994,0.090005,0.0,0.09,0.010001,0,0.899999,0.100001,0,0.899994,0.100006,0.2710054000,assemble_test_disassemble,assemble,,1,1,10.355027,0.7289946,0.2710054,0,17.346927
3,222,GG:4.3e-05;GB:0.47367;BG:0.473656;BB:0.052631,0.0,0.0,0.0,0.0,4.3e-05,0.47367,0.0,0.473656,0.052631,0,0.473713,0.526287,0,0.473699,0.526301,0.9999613000,inspect_p1,inspect,1,,,2,0.0,1.0,0,30.166208
3,223,GB:0.473692;BG:0.473677;BB:0.052631,0.0,0.0,0.0,0.0,0.0,0.473692,0.0,0.473677,0.052631,0,0.473692,0.526308,0,0.473677,0.526323,1.0000000000,inspect_p1,inspect,1,,,2,0.0,1.0,0,30.166778
3,224,GG:0.000426;GB:0.473492;BG:0.473471;BB:0.052611,0.0,0.0,0.0,0.0,0.000426,0.473492,0.0,0.473471,0.052611,0,0.473918,0.526082,0,0.473897,0.526103,0.9996166000,inspect_p1,inspect,1,,,2,0.0,1.0,0,30.160717
3,225,GG:4e-06;GB:0.473692;BG:0.473673;BB:0.052631,0.0,0.0,0.0,0.0,4e-06,0.473692,0.0,0.473673,0.052631,0,0.473696,0.526304,0,0.473677,0.526323,0.9999964000,inspect_p1,inspect,1,,,2,0.0,1.0,0,30.166772
3,226,GG:0.47367;BG:0.52633,0.0,0.0,0.0,0.0,0.47367,0.0,0.0,0.52633,0.0,0,0.47367,0.52633,0,1.0,0,0.5736970000,inspect_p1,inspect,1,,,2,0.0,1.0,0,15.935764
3,227,GG:0.899994;BG:0.100006,0.0,0.0,0.0,0.0,0.899994,0.0,0.0,0.100006,0.0,0,0.899994,0.100006,0,1.0,0,0.1900054000,assemble_test_disassemble,assemble,,1,1,9.950027,0.8099946,0.1900054,0,12.977911
3,228,GN:0.899991;BN:0.100009,0.0,0.0,0.0,0.899991,0.0,0.0,0.100009,0.0,0.0,0,0.899991,0.100009,1.0,0,0,,buy_p2_notest,buy,2,,,18,0.0,1.0,0,35.346868
3,229,GG:0.298885;GB:0.332097;BG:0.332115;BB:0.036903,0.0,0.0,0.0,0.0,0.298885,0.332097,0.0,0.332115,0.036903,0,0.630982,0.369018,0,0.631,0.369,0.7310035000,inspect_p1,inspect,1,,,2,0.0,1.0,0,25.799529
3,230,GG:4e-06;GB:0.473674;BG:0.473689;BB:0.052633,0.0,0.0,0.0,0.0,4e-06,0.473674,0.0,0.473689,0.052633,0,0.473678,0.526322,0,0.473693,0.526307,0.9999964000,inspect_p1,inspect,1,,,2,0.0,1.0,0,30.166539
3,231,GG:4.3e-05;GB:0.473653;BG:0.473673;BB:0.052631,0.0,0.0,0.0,0.0,4.3e-05,0.473653,0.0,0.473673,0.052631,0,0.473696,0.526304,0,0.473716,0.526284,0.9999613000,inspect_p1,inspect,1,,,2,0.0,1.0,0,30.1659
3,232,GB:0.473675;BG:0.473694;BB:0.052631,0.0,0.0,0.0,0.0,0.0,0.473675,0.0,0.473694,0.052631,0,0.473675,0.526325,0,0.473694,0.526306,1.0000000000,inspect_p1,inspect,1,,,2,0.0,1.0,0,30.166473
3,233,GG:0.47367;GB:0.52633,0.0,0.0,0.0,0.0,0.47367,0.52633,0.0,0.0,0.0,0,1.0,0,0,0.47367,0.52633,0.5736970000,inspect_p2,inspect,2,,,3,0.0,1.0,0,25.234234
3,234,GG:0.899994;GB:0.100006,0.0,0.0,0.0,0.0,0.899994,0.100006,0.0,0.0,0.0,0,1.0,0,0,0.899994,0.100006,0.1900054000,assemble_test_disassemble,assemble,,1,1,9.950027,0.8099946,0.1900054,0,14.744676
3,235,NG:0.899991;NB:0.100009,0.0,0.899991,0.100009,0.0,0.0,0.0,0.0,0.0,0.0,1.0,0,0,0,0.899991,0.100009,,buy_p1_notest,buy,1,,,4,0.0,1.0,0,21.347031
3,236,GG:0.298885;GB:0.332115;BG:0.332097;BB:0.036903,0.0,0.0,0.0,0.0,0.298885,0.332115,0.0,0.332097,0.036903,0,0.631,0.369,0,0.630982,0.369018,0.7310035000,inspect_p1,inspect,1,,,2,0.0,1.0,0,25.799855
3,237,GG:4e-06;GB:0.473689;BG:0.473674;BB:0.052633,0.0,0.0,0.0,0.0,4e-06,0.473689,0.0,0.473674,0.052633,0,0.473693,0.526307,0,0.473678,0.526322,0.9999964000,inspect_p1,inspect,1,,,2,0.0,1.0,0,30.166793
3,238,GG:4.3e-05;GB:0.473673;BG:0.473653;BB:0.052631,0.0,0.0,0.0,0.0,4.3e-05,0.473673,0.0,0.473653,0.052631,0,0.473716,0.526284,0,0.473696,0.526304,0.9999613000,inspect_p1,inspect,1,,,2,0.0,1.0,0,30.166305
3,239,GB:0.473694;BG:0.473675;BB:0.052631,0.0,0.0,0.0,0.0,0.0,0.473694,0.0,0.473675,0.052631,0,0.473694,0.526306,0,0.473675,0.526325,1.0000000000,inspect_p1,inspect,1,,,2,0.0,1.0,0,30.166828
3,240,GG:0.082564;BG:0.917436,0.0,0.0,0.0,0.0,0.082564,0.0,0.0,0.917436,0.0,0,0.082564,0.917436,0,1.0,0,0.9256924000,inspect_p1,inspect,1,,,2,0.0,1.0,0,18.447534
3,241,GG:0.473668;BG:0.526332,0.0,0.0,0.0,0.0,0.473668,0.0,0.0,0.526332,0.0,0,0.473668,0.526332,0,1.0,0,0.5736988000,inspect_p1,inspect,1,,,2,0.0,1.0,0,15.935777
3,242,GG:0.899991;BG:0.100009,0.0,0.0,0.0,0.0,0.899991,0.0,0.0,0.100009,0.0,0,0.899991,0.100009,0,1.0,0,0.1900081000,assemble_test_disassemble,assemble,,1,1,9.950041,0.8099919,0.1900081,0,12.977978
3,243,GG:0.809992;GB:0.089999;BG:0.090008;BB:0.010001,0.0,0.0,0.0,0.0,0.809992,0.089999,0.0,0.090008,0.010001,0,0.899991,0.100009,0,0.9,0.1,0.2710072000,assemble_test_disassemble,assemble,,1,1,10.355036,0.7289928,0.2710072,0,17.346868
3,244,GG:0.473682;GB:0.526318,0.0,0.0,0.0,0.0,0.473682,0.526318,0.0,0.0,0.0,0,1.0,0,0,0.473682,0.526318,0.5736862000,inspect_p2,inspect,2,,,3,0.0,1.0,0,25.233968
3,245,GG:0.473669;BG:0.526331,0.0,0.0,0.0,0.0,0.473669,0.0,0.0,0.526331,0.0,0,0.473669,0.526331,0,1.0,0,0.5736979000,inspect_p1,inspect,1,,,2,0.0,1.0,0,15.93577
3,246,GN:0.899992;BN:0.100008,0.0,0.0,0.0,0.899992,0.0,0.0,0.100008,0.0,0.0,0,0.899992,0.100008,1.0,0,0,,buy_p2_notest,buy,2,,,18,0.0,1.0,0,35.346843
3,247,GG:0.040887;GB:0.454303;BG:0.454327;BB:0.050483,0.0,0.0,0.0,0.0,0.040887,0.454303,0.0,0.454327,0.050483,0,0.49519,0.50481,0,0.495214,0.504786,0.9632017000,inspect_p1,inspect,1,,,2,0.0,1.0,0,29.569149
3,248,GB:0.473676;BG:0.473691;BB:0.052633,0.0,0.0,0.0,0.0,0.0,0.473676,0.0,0.473691,0.052633,0,0.473676,0.526324,0,0.473691,0.526309,1.0000000000,inspect_p1,inspect,1,,,2,0.0,1.0,0,30.166569
3,249,GG:4e-06;GB:0.473671;BG:0.473692;BB:0.052633,0.0,0.0,0.0,0.0,4e-06,0.473671,0.0,0.473692,0.052633,0,0.473675,0.526325,0,0.473696,0.526304,0.9999964000,inspect_p1,inspect,1,,,2,0.0,1.0,0,30.16647
3,250,GG:0.082564;GB:0.917436,0.0,0.0,0.0,0.0,0.082564,0.917436,0.0,0.0,0.0,0,1.0,0,0,0.082564,0.917436,0.9256924000,inspect_p2,inspect,2,,,3,0.0,1.0,0,33.912442
3,251,GG:0.473668;GB:0.526332,0.0,0.0,0.0,0.0,0.473668,0.526332,0.0,0.0,0.0,0,1.0,0,0,0.473668,0.526332,0.5736988000,inspect_p2,inspect,2,,,3,0.0,1.0,0,25.234278
3,252,GG:0.899991;GB:0.100009,0.0,0.0,0.0,0.0,0.899991,0.100009,0.0,0.0,0.0,0,1.0,0,0,0.899991,0.100009,0.1900081000,assemble_test_disassemble,assemble,,1,1,9.950041,0.8099919,0.1900081,0,14.744796
3,253,GG:0.809992;GB:0.090008;BG:0.089999;BB:0.010001,0.0,0.0,0.0,0.0,0.809992,0.090008,0.0,0.089999,0.010001,0,0.9,0.1,0,0.899991,0.100009,0.2710072000,assemble_test_disassemble,assemble,,1,1,10.355036,0.7289928,0.2710072,0,17.347031
3,254,GG:0.473669;GB:0.526331,0.0,0.0,0.0,0.0,0.473669,0.526331,0.0,0.0,0.0,0,1.0,0,0,0.473669,0.526331,0.5736979000,inspect_p2,inspect,2,,,3,0.0,1.0,0,25.234256
3,255,NG:0.899992;NB:0.100008,0.0,0.899992,0.100008,0.0,0.0,0.0,0.0,0.0,0.0,1.0,0,0,0,0.899992,0.100008,,buy_p1_notest,buy,1,,,4,0.0,1.0,0,21.346991
3,256,GG:0.473682;BG:0.526318,0.0,0.0,0.0,0.0,0.473682,0.0,0.0,0.526318,0.0,0,0.473682,0.526318,0,1.0,0,0.5736862000,inspect_p1,inspect,1,,,2,0.0,1.0,0,15.935687
3,257,GG:0.040887;GB:0.454327;BG:0.454303;BB:0.050483,0.0,0.0,0.0,0.0,0.040887,0.454327,0.0,0.454303,0.050483,0,0.495214,0.504786,0,0.49519,0.50481,0.9632017000,inspect_p1,inspect,1,,,2,0.0,1.0,0,29.569598
3,258,GB:0.473691;BG:0.473676;BB:0.052633,0.0,0.0,0.0,0.0,0.0,0.473691,0.0,0.473676,0.052633,0,0.473691,0.526309,0,0.473676,0.526324,1.0000000000,inspect_p1,inspect,1,,,2,0.0,1.0,0,30.166848
3,259,GG:4e-06;GB:0.473692;BG:0.473671;BB:0.052633,0.0,0.0,0.0,0.0,4e-06,0.473692,0.0,0.473671,0.052633,0,0.473696,0.526304,0,0.473675,0.526325,0.9999964000,inspect_p1,inspect,1,,,2,0.0,1.0,0,30.16689
3,260,GG:0.473659;BG:0.526341,0.0,0.0,0.0,0.0,0.473659,0.0,0.0,0.526341,0.0,0,0.473659,0.526341,0,1.0,0,0.5737069000,inspect_p1,inspect,1,,,2,0.0,1.0,0,15.935835
3,261,GN:0.89999;BN:0.10001,0.0,0.0,0.0,0.89999,0.0,0.0,0.10001,0.0,0.0,0,0.89999,0.10001,1.0,0,0,,buy_p2_notest,buy,2,,,18,0.0,1.0,0,35.34689
3,262,GG:0.298882;GB:0.332091;BG:0.332124;BB:0.036903,0.0,0.0,0.0,0.0,0.298882,0.332091,0.0,0.332124,0.036903,0,0.630973,0.369027,0,0.631006,0.368994,0.7310062000,inspect_p1,inspect,1,,,2,0.0,1.0,0,25.799434
3,263,GG:0.899992;BG:0.100008,0.0,0.0,0.0,0.0,0.899992,0.0,0.0,0.100008,0.0,0,0.899992,0.100008,0,1.0,0,0.1900072000,assemble_test_disassemble,assemble,,1,1,9.950036,0.8099928,0.1900072,0,12.977956
3,264,GG:0.809993;GB:0.089999;BG:0.090007;BB:0.010001,0.0,0.0,0.0,0.0,0.809993,0.089999,0.0,0.090007,0.010001,0,0.899992,0.100008,0,0.9,0.1,0.2710063000,assemble_test_disassemble,assemble,,1,1,10.355032,0.7289937,0.2710063,0,17.346843
3,265,GG:0.004245;GB:0.471659;BG:0.471684;BB:0.052412,0.0,0.0,0.0,0.0,0.004245,0.471659,0.0,0.471684,0.052412,0,0.475904,0.524096,0,0.475929,0.524071,0.9961795000,inspect_p1,inspect,1,,,2,0.0,1.0,0,30.10457
3,266,GB:0.473673;BG:0.473694;BB:0.052633,0.0,0.0,0.0,0.0,0.0,0.473673,0.0,0.473694,0.052633,0,0.473673,0.526327,0,0.473694,0.526306,1.0000000000,inspect_p1,inspect,1,,,2,0.0,1.0,0,30.166525
3,267,GG:0.473659;GB:0.526341,0.0,0.0,0.0,0.0,0.473659,0.526341,0.0,0.0,0.0,0,1.0,0,0,0.473659,0.526341,0.5737069000,inspect_p2,inspect,2,,,3,0.0,1.0,0,25.234478
3,268,NG:0.89999;NB:0.10001,0.0,0.89999,0.10001,0.0,0.0,0.0,0.0,0.0,0.0,1.0,0,0,0,0.89999,0.10001,,buy_p1_notest,buy,1,,,4,0.0,1.0,0,21.347071
3,269,GG:0.298882;GB:0.332124;BG:0.332091;BB:0.036903,0.0,0.0,0.0,0.0,0.298882,0.332124,0.0,0.332091,0.036903,0,0.631006,0.368994,0,0.630973,0.369027,0.7310062000,inspect_p1,inspect,1,,,2,0.0,1.0,0,25.800034
3,270,GG:0.899992;GB:0.100008,0.0,0.0,0.0,0.0,0.899992,0.100008,0.0,0.0,0.0,0,1.0,0,0,0.899992,0.100008,0.1900072000,assemble_test_disassemble,assemble,,1,1,9.950036,0.8099928,0.1900072,0,14.744756
3,271,GG:0.809993;GB:0.090007;BG:0.089999;BB:0.010001,0.0,0.0,0.0,0.0,0.809993,0.090007,0.0,0.089999,0.010001,0,0.9,0.1,0,0.899992,0.100008,0.2710063000,assemble_test_disassemble,assemble,,1,1,10.355032,0.7289937,0.2710063,0,17.346991
3,272,GG:0.004245;GB:0.471684;BG:0.471659;BB:0.052412,0.0,0.0,0.0,0.0,0.004245,0.471684,0.0,0.471659,0.052412,0,0.475929,0.524071,0,0.475904,0.524096,0.9961795000,inspect_p1,inspect,1,,,2,0.0,1.0,0,30.10499
3,273,GB:0.473694;BG:0.473673;BB:0.052633,0.0,0.0,0.0,0.0,0.0,0.473694,0.0,0.473673,0.052633,0,0.473694,0.526306,0,0.473673,0.526327,1.0000000000,inspect_p1,inspect,1,,,2,0.0,1.0,0,30.166945
3,274,GG:0.082561;BG:0.917439,0.0,0.0,0.0,0.0,0.082561,0.0,0.0,0.917439,0.0,0,0.082561,0.917439,0,1.0,0,0.9256951000,inspect_p1,inspect,1,,,2,0.0,1.0,0,18.447553
3,275,GG:0.89999;BG:0.10001,0.0,0.0,0.0,0.0,0.89999,0.0,0.0,0.10001,0.0,0,0.89999,0.10001,0,1.0,0,0.1900090000,assemble_test_disassemble,assemble,,1,1,9.950045,0.809991,0.190009,0,12.977999
3,276,GG:0.809991;GB:0.089999;BG:0.090009;BB:0.010001,0.0,0.0,0.0,0.0,0.809991,0.089999,0.0,0.090009,0.010001,0,0.89999,0.10001,0,0.9,0.1,0.2710081000,assemble_test_disassemble,assemble,,1,1,10.35504,0.7289919,0.2710081,0,17.34689
3,277,GG:0.47366;BG:0.52634,0.0,0.0,0.0,0.0,0.47366,0.0,0.0,0.52634,0.0,0,0.47366,0.52634,0,1.0,0,0.5737060000,inspect_p1,inspect,1,,,2,0.0,1.0,0,15.935828
3,278,GG:0.040886;GB:0.454293;BG:0.454339;BB:0.050482,0.0,0.0,0.0,0.0,0.040886,0.454293,0.0,0.454339,0.050482,0,0.495179,0.504821,0,0.495225,0.504775,0.9632026000,inspect_p1,inspect,1,,,2,0.0,1.0,0,29.568929
3,279,GG:0.473662;BG:0.526338,0.0,0.0,0.0,0.0,0.473662,0.0,0.0,0.526338,0.0,0,0.473662,0.526338,0,1.0,0,0.5737042000,inspect_p1,inspect,1,,,2,0.0,1.0,0,15.935815
3,280,GG:0.298883;GB:0.332092;BG:0.332122;BB:0.036903,0.0,0.0,0.0,0.0,0.298883,0.332092,0.0,0.332122,0.036903,0,0.630975,0.369025,0,0.631005,0.368995,0.7310053000,inspect_p1,inspect,1,,,2,0.0,1.0,0,25.799442
3,281,GG:0.000426;GB:0.473468;BG:0.473493;BB:0.052613,0.0,0.0,0.0,0.0,0.000426,0.473468,0.0,0.473493,0.052613,0,0.473894,0.526106,0,0.473919,0.526081,0.9996166000,inspect_p1,inspect,1,,,2,0.0,1.0,0,30.160371
3,282,GG:0.082561;GB:0.917439,0.0,0.0,0.0,0.0,0.082561,0.917439,0.0,0.0,0.0,0,1.0,0,0,0.082561,0.917439,0.9256951000,inspect_p2,inspect,2,,,3,0.0,1.0,0,33.912508
3,283,GG:0.89999;GB:0.10001,0.0,0.0,0.0,0.0,0.89999,0.10001,0.0,0.0,0.0,0,1.0,0,0,0.89999,0.10001,0.1900090000,assemble_test_disassemble,assemble,,1,1,9.950045,0.809991,0.190009,0,14.744831
3,284,GG:0.809991;GB:0.090009;BG:0.089999;BB:0.010001,0.0,0.0,0.0,0.0,0.809991,0.090009,0.0,0.089999,0.010001,0,0.9,0.1,0,0.89999,0.10001,0.2710081000,assemble_test_disassemble,assemble,,1,1,10.35504,0.7289919,0.2710081,0,17.347071
3,285,GG:0.47366;GB:0.52634,0.0,0.0,0.0,0.0,0.47366,0.52634,0.0,0.0,0.0,0,1.0,0,0,0.47366,0.52634,0.5737060000,inspect_p2,inspect,2,,,3,0.0,1.0,0,25.234456
3,286,GG:0.040886;GB:0.454339;BG:0.454293;BB:0.050482,0.0,0.0,0.0,0.0,0.040886,0.454339,0.0,0.454293,0.050482,0,0.495225,0.504775,0,0.495179,0.504821,0.9632026000,inspect_p1,inspect,1,,,2,0.0,1.0,0,29.569781
3,287,GG:0.473662;GB:0.526338,0.0,0.0,0.0,0.0,0.473662,0.526338,0.0,0.0,0.0,0,1.0,0,0,0.473662,0.526338,0.5737042000,inspect_p2,inspect,2,,,3,0.0,1.0,0,25.234411
3,288,GG:0.298883;GB:0.332122;BG:0.332092;BB:0.036903,0.0,0.0,0.0,0.0,0.298883,0.332122,0.0,0.332092,0.036903,0,0.631005,0.368995,0,0.630975,0.369025,0.7310053000,inspect_p1,inspect,1,,,2,0.0,1.0,0,25.799988
3,289,GG:0.000426;GB:0.473493;BG:0.473468;BB:0.052613,0.0,0.0,0.0,0.0,0.000426,0.473493,0.0,0.473468,0.052613,0,0.473919,0.526081,0,0.473894,0.526106,0.9996166000,inspect_p1,inspect,1,,,2,0.0,1.0,0,30.160786
3,290,GG:0.473657;BG:0.526343,0.0,0.0,0.0,0.0,0.473657,0.0,0.0,0.526343,0.0,0,0.473657,0.526343,0,1.0,0,0.5737087000,inspect_p1,inspect,1,,,2,0.0,1.0,0,15.935847
3,291,GG:0.298881;GB:0.33209;BG:0.332126;BB:0.036903,0.0,0.0,0.0,0.0,0.298881,0.33209,0.0,0.332126,0.036903,0,0.630971,0.369029,0,0.631007,0.368993,0.7310071000,inspect_p1,inspect,1,,,2,0.0,1.0,0,25.799412
3,292,GG:0.08256;BG:0.91744,0.0,0.0,0.0,0.0,0.08256,0.0,0.0,0.91744,0.0,0,0.08256,0.91744,0,1.0,0,0.9256960000,inspect_p1,inspect,1,,,2,0.0,1.0,0,18.447559
3,293,GG:0.004245;GB:0.471648;BG:0.471696;BB:0.052411,0.0,0.0,0.0,0.0,0.004245,0.471648,0.0,0.471696,0.052411,0,0.475893,0.524107,0,0.475941,0.524059,0.9961795000,inspect_p1,inspect,1,,,2,0.0,1.0,0,30.104297
3,294,GG:0.082562;BG:0.917438,0.0,0.0,0.0,0.0,0.082562,0.0,0.0,0.917438,0.0,0,0.082562,0.917438,0,1.0,0,0.9256942000,inspect_p1,inspect,1,,,2,0.0,1.0,0,18.447547
3,295,GG:0.040887;GB:0.454295;BG:0.454335;BB:0.050483,0.0,0.0,0.0,0.0,0.040887,0.454295,0.0,0.454335,0.050483,0,0.495182,0.504818,0,0.495222,0.504778,0.9632017000,inspect_p1,inspect,1,,,2,0.0,1.0,0,29.56899
3,296,GG:4.3e-05;GB:0.47365;BG:0.473674;BB:0.052633,0.0,0.0,0.0,0.0,4.3e-05,0.47365,0.0,0.473674,0.052633,0,0.473693,0.526307,0,0.473717,0.526283,0.9999613000,inspect_p1,inspect,1,,,2,0.0,1.0,0,30.16592
3,297,GG:0.473657;GB:0.526343,0.0,0.0,0.0,0.0,0.473657,0.526343,0.0,0.0,0.0,0,1.0,0,0,0.473657,0.526343,0.5737087000,inspect_p2,inspect,2,,,3,0.0,1.0,0,25.234522
3,298,GG:0.298881;GB:0.332126;BG:0.33209;BB:0.036903,0.0,0.0,0.0,0.0,0.298881,0.332126,0.0,0.33209,0.036903,0,0.631007,0.368993,0,0.630971,0.369029,0.7310071000,inspect_p1,inspect,1,,,2,0.0,1.0,0,25.80008
3,299,GG:0.08256;GB:0.91744,0.0,0.0,0.0,0.0,0.08256,0.91744,0.0,0.0,0.0,0,1.0,0,0,0.08256,0.91744,0.9256960000,inspect_p2,inspect,2,,,3,0.0,1.0,0,33.912531
3,300,GG:0.004245;GB:0.471696;BG:0.471648;BB:0.052411,0.0,0.0,0.0,0.0,0.004245,0.471696,0.0,0.471648,0.052411,0,0.475941,0.524059,0,0.475893,0.524107,0.9961795000,inspect_p1,inspect,1,,,2,0.0,1.0,0,30.105182
3,301,GG:0.082562;GB:0.917438,0.0,0.0,0.0,0.0,0.082562,0.917438,0.0,0.0,0.0,0,1.0,0,0,0.082562,0.917438,0.9256942000,inspect_p2,inspect,2,,,3,0.0,1.0,0,33.912486
3,302,GG:0.040887;GB:0.454335;BG:0.454295;BB:0.050483,0.0,0.0,0.0,0.0,0.040887,0.454335,0.0,0.454295,0.050483,0,0.495222,0.504778,0,0.495182,0.504818,0.9632017000,inspect_p1,inspect,1,,,2,0.0,1.0,0,29.56973
3,303,GG:4.3e-05;GB:0.473674;BG:0.47365;BB:0.052633,0.0,0.0,0.0,0.0,4.3e-05,0.473674,0.0,0.47365,0.052633,0,0.473717,0.526283,0,0.473693,0.526307,0.9999613000,inspect_p1,inspect,1,,,2,0.0,1.0,0,30.166374
3,304,GG:0.040886;GB:0.454291;BG:0.454341;BB:0.050482,0.0,0.0,0.0,0.0,0.040886,0.454291,0.0,0.454341,0.050482,0,0.495177,0.504823,0,0.495227,0.504773,0.9632026000,inspect_p1,inspect,1,,,2,0.0,1.0,0,29.568883
3,305,GG:0.000426;GB:0.473457;BG:0.473505;BB:0.052612,0.0,0.0,0.0,0.0,0.000426,0.473457,0.0,0.473505,0.052612,0,0.473883,0.526117,0,0.473931,0.526069,0.9996166000,inspect_p1,inspect,1,,,2,0.0,1.0,0,30.160096
3,306,GG:0.082563;BG:0.917437,0.0,0.0,0.0,0.0,0.082563,0.0,0.0,0.917437,0.0,0,0.082563,0.917437,0,1.0,0,0.9256933000,inspect_p1,inspect,1,,,2,0.0,1.0,0,18.44754
3,307,GG:0.004245;GB:0.471651;BG:0.471692;BB:0.052412,0.0,0.0,0.0,0.0,0.004245,0.471651,0.0,0.471692,0.052412,0,0.475896,0.524104,0,0.475937,0.524063,0.9961795000,inspect_p1,inspect,1,,,2,0.0,1.0,0,30.104384
3,308,GG:4e-06;GB:0.473668;BG:0.473693;BB:0.052635,0.0,0.0,0.0,0.0,4e-06,0.473668,0.0,0.473693,0.052635,0,0.473672,0.526328,0,0.473697,0.526303,0.9999964000,inspect_p1,inspect,1,,,2,0.0,1.0,0,30.16649
3,309,GG:0.040886;GB:0.454341;BG:0.454291;BB:0.050482,0.0,0.0,0.0,0.0,0.040886,0.454341,0.0,0.454291,0.050482,0,0.495227,0.504773,0,0.495177,0.504823,0.9632026000,inspect_p1,inspect,1,,,2,0.0,1.0,0,29.569806
3,310,GG:0.000426;GB:0.473505;BG:0.473457;BB:0.052612,0.0,0.0,0.0,0.0,0.000426,0.473505,0.0,0.473457,0.052612,0,0.473931,0.526069,0,0.473883,0.526117,0.9996166000,inspect_p1,inspect,1,,,2,0.0,1.0,0,30.160979
3,311,GG:0.082563;GB:0.917437,0.0,0.0,0.0,0.0,0.082563,0.917437,0.0,0.0,0.0,0,1.0,0,0,0.082563,0.917437,0.9256933000,inspect_p2,inspect,2,,,3,0.0,1.0,0,33.912464
3,312,GG:0.004245;GB:0.471692;BG:0.471651;BB:0.052412,0.0,0.0,0.0,0.0,0.004245,0.471692,0.0,0.471651,0.052412,0,0.475937,0.524063,0,0.475896,0.524104,0.9961795000,inspect_p1,inspect,1,,,2,0.0,1.0,0,30.105148
3,313,GG:4e-06;GB:0.473693;BG:0.473668;BB:0.052635,0.0,0.0,0.0,0.0,4e-06,0.473693,0.0,0.473668,0.052635,0,0.473697,0.526303,0,0.473672,0.526328,0.9999964000,inspect_p1,inspect,1,,,2,0.0,1.0,0,30.166959
3,314,GG:0.004245;GB:0.471646;BG:0.471698;BB:0.052411,0.0,0.0,0.0,0.0,0.004245,0.471646,0.0,0.471698,0.052411,0,0.475891,0.524109,0,0.475943,0.524057,0.9961795000,inspect_p1,inspect,1,,,2,0.0,1.0,0,30.104248
3,315,GG:4.3e-05;GB:0.473639;BG:0.473686;BB:0.052632,0.0,0.0,0.0,0.0,4.3e-05,0.473639,0.0,0.473686,0.052632,0,0.473682,0.526318,0,0.473729,0.526271,0.9999613000,inspect_p1,inspect,1,,,2,0.0,1.0,0,30.165677
3,316,GN:0.899989;BN:0.100011,0.0,0.0,0.0,0.899989,0.0,0.0,0.100011,0.0,0.0,0,0.899989,0.100011,1.0,0,0,,buy_p2_notest,buy,2,,,18,0.0,1.0,0,35.346914
3,317,GG:0.000426;GB:0.47346;BG:0.473501;BB:0.052613,0.0,0.0,0.0,0.0,0.000426,0.47346,0.0,0.473501,0.052613,0,0.473886,0.526114,0,0.473927,0.526073,0.9996166000,inspect_p1,inspect,1,,,2,0.0,1.0,0,30.160184
3,318,GB:0.47367;BG:0.473695;BB:0.052635,0.0,0.0,0.0,0.0,0.0,0.47367,0.0,0.473695,0.052635,0,0.47367,0.52633,0,0.473695,0.526305,1.0000000000,inspect_p1,inspect,1,,,2,0.0,1.0,0,30.166546
3,319,GG:0.004245;GB:0.471698;BG:0.471646;BB:0.052411,0.0,0.0,0.0,0.0,0.004245,0.471698,0.0,0.471646,0.052411,0,0.475943,0.524057,0,0.475891,0.524109,0.9961795000,inspect_p1,inspect,1,,,2,0.0,1.0,0,30.10521
3,320,GG:4.3e-05;GB:0.473686;BG:0.473639;BB:0.052632,0.0,0.0,0.0,0.0,4.3e-05,0.473686,0.0,0.473639,0.052632,0,0.473729,0.526271,0,0.473682,0.526318,0.9999613000,inspect_p1,inspect,1,,,2,0.0,1.0,0,30.166547
3,321,NG:0.899989;NB:0.100011,0.0,0.899989,0.100011,0.0,0.0,0.0,0.0,0.0,0.0,1.0,0,0,0,0.899989,0.100011,,buy_p1_notest,buy,1,,,4,0.0,1.0,0,21.347115
3,322,GG:0.000426;GB:0.473501;BG:0.47346;BB:0.052613,0.0,0.0,0.0,0.0,0.000426,0.473501,0.0,0.47346,0.052613,0,0.473927,0.526073,0,0.473886,0.526114,0.9996166000,inspect_p1,inspect,1,,,2,0.0,1.0,0,30.160945
3,323,GB:0.473695;BG:0.47367;BB:0.052635,0.0,0.0,0.0,0.0,0.0,0.473695,0.0,0.47367,0.052635,0,0.473695,0.526305,0,0.47367,0.52633,1.0000000000,inspect_p1,inspect,1,,,2,0.0,1.0,0,30.167014
3,324,GG:0.000426;GB:0.473455;BG:0.473507;BB:0.052612,0.0,0.0,0.0,0.0,0.000426,0.473455,0.0,0.473507,0.052612,0,0.473881,0.526119,0,0.473933,0.526067,0.9996166000,inspect_p1,inspect,1,,,2,0.0,1.0,0,30.160046
3,325,GG:4e-06;GB:0.473657;BG:0.473705;BB:0.052634,0.0,0.0,0.0,0.0,4e-06,0.473657,0.0,0.473705,0.052634,0,0.473661,0.526339,0,0.473709,0.526291,0.9999964000,inspect_p1,inspect,1,,,2,0.0,1.0,0,30.166247
3,326,GG:0.899989;BG:0.100011,0.0,0.0,0.0,0.0,0.899989,0.0,0.0,0.100011,0.0,0,0.899989,0.100011,0,1.0,0,0.1900099000,assemble_test_disassemble,assemble,,1,1,9.95005,0.8099901,0.1900099,0,12.978022
3,327,GG:0.80999;GB:0.089999;BG:0.09001;BB:0.010001,0.0,0.0,0.0,0.0,0.80999,0.089999,0.0,0.09001,0.010001,0,0.899989,0.100011,0,0.9,0.1,0.2710090000,assemble_test_disassemble,assemble,,1,1,10.355045,0.728991,0.271009,0,17.346914
3,328,GG:4.3e-05;GB:0.473642;BG:0.473682;BB:0.052633,0.0,0.0,0.0,0.0,4.3e-05,0.473642,0.0,0.473682,0.052633,0,0.473685,0.526315,0,0.473725,0.526275,0.9999613000,inspect_p1,inspect,1,,,2,0.0,1.0,0,30.165786
3,329,GG:0.000426;GB:0.473507;BG:0.473455;BB:0.052612,0.0,0.0,0.0,0.0,0.000426,0.473507,0.0,0.473455,0.052612,0,0.473933,0.526067,0,0.473881,0.526119,0.9996166000,inspect_p1,inspect,1,,,2,0.0,1.0,0,30.161008
3,330,GG:4e-06;GB:0.473705;BG:0.473657;BB:0.052634,0.0,0.0,0.0,0.0,4e-06,0.473705,0.0,0.473657,0.052634,0,0.473709,0.526291,0,0.473661,0.526339,0.9999964000,inspect_p1,inspect,1,,,2,0.0,1.0,0,30.167132
3,331,GG:0.899989;GB:0.100011,0.0,0.0,0.0,0.0,0.899989,0.100011,0.0,0.0,0.0,0,1.0,0,0,0.899989,0.100011,0.1900099000,assemble_test_disassemble,assemble,,1,1,9.95005,0.8099901,0.1900099,0,14.744871
3,332,GG:0.80999;GB:0.09001;BG:0.089999;BB:0.010001,0.0,0.0,0.0,0.0,0.80999,0.09001,0.0,0.089999,0.010001,0,0.9,0.1,0,0.899989,0.100011,0.2710090000,assemble_test_disassemble,assemble,,1,1,10.355045,0.728991,0.271009,0,17.347115
3,333,GG:4.3e-05;GB:0.473682;BG:0.473642;BB:0.052633,0.0,0.0,0.0,0.0,4.3e-05,0.473682,0.0,0.473642,0.052633,0,0.473725,0.526275,0,0.473685,0.526315,0.9999613000,inspect_p1,inspect,1,,,2,0.0,1.0,0,30.166511
3,334,GG:4.3e-05;GB:0.473637;BG:0.473688;BB:0.052632,0.0,0.0,0.0,0.0,4.3e-05,0.473637,0.0,0.473688,0.052632,0,0.47368,0.52632,0,0.473731,0.526269,0.9999613000,inspect_p1,inspect,1,,,2,0.0,1.0,0,30.165649
3,335,GB:0.473659;BG:0.473707;BB:0.052634,0.0,0.0,0.0,0.0,0.0,0.473659,0.0,0.473707,0.052634,0,0.473659,0.526341,0,0.473707,0.526293,1.0000000000,inspect_p1,inspect,1,,,2,0.0,1.0,0,30.166303
3,336,GG:0.473654;BG:0.526346,0.0,0.0,0.0,0.0,0.473654,0.0,0.0,0.526346,0.0,0,0.473654,0.526346,0,1.0,0,0.5737114000,inspect_p1,inspect,1,,,2,0.0,1.0,0,15.935867
3,337,GG:0.298879;GB:0.332089;BG:0.332129;BB:0.036903,0.0,0.0,0.0,0.0,0.298879,0.332089,0.0,0.332129,0.036903,0,0.630968,0.369032,0,0.631008,0.368992,0.7310089000,inspect_p1,inspect,1,,,2,0.0,1.0,0,25.799399
3,338,GG:4e-06;GB:0.47366;BG:0.473701;BB:0.052635,0.0,0.0,0.0,0.0,4e-06,0.47366,0.0,0.473701,0.052635,0,0.473664,0.526336,0,0.473705,0.526295,0.9999964000,inspect_p1,inspect,1,,,2,0.0,1.0,0,30.166356
3,339,GG:4.3e-05;GB:0.473688;BG:0.473637;BB:0.052632,0.0,0.0,0.0,0.0,4.3e-05,0.473688,0.0,0.473637,0.052632,0,0.473731,0.526269,0,0.47368,0.52632,0.9999613000,inspect_p1,inspect,1,,,2,0.0,1.0,0,30.166597
3,340,GB:0.473707;BG:0.473659;BB:0.052634,0.0,0.0,0.0,0.0,0.0,0.473707,0.0,0.473659,0.052634,0,0.473707,0.526293,0,0.473659,0.526341,1.0000000000,inspect_p1,inspect,1,,,2,0.0,1.0,0,30.167187
3,341,GG:0.473654;GB:0.526346,0.0,0.0,0.0,0.0,0.473654,0.526346,0.0,0.0,0.0,0,1.0,0,0,0.473654,0.526346,0.5737114000,inspect_p2,inspect,2,,,3,0.0,1.0,0,25.234589
3,342,GG:0.298879;GB:0.332129;BG:0.332089;BB:0.036903,0.0,0.0,0.0,0.0,0.298879,0.332129,0.0,0.332089,0.036903,0,0.631008,0.368992,0,0.630968,0.369032,0.7310089000,inspect_p1,inspect,1,,,2,0.0,1.0,0,25.80014
3,343,GG:4e-06;GB:0.473701;BG:0.47366;BB:0.052635,0.0,0.0,0.0,0.0,4e-06,0.473701,0.0,0.47366,0.052635,0,0.473705,0.526295,0,0.473664,0.526336,0.9999964000,inspect_p1,inspect,1,,,2,0.0,1.0,0,30.167095
3,344,GG:4e-06;GB:0.473655;BG:0.473707;BB:0.052634,0.0,0.0,0.0,0.0,4e-06,0.473655,0.0,0.473707,0.052634,0,0.473659,0.526341,0,0.473711,0.526289,0.9999964000,inspect_p1,inspect,1,,,2,0.0,1.0,0,30.166219
3,345,GG:0.473653;BG:0.526347,0.0,0.0,0.0,0.0,0.473653,0.0,0.0,0.526347,0.0,0,0.473653,0.526347,0,1.0,0,0.5737123000,inspect_p1,inspect,1,,,2,0.0,1.0,0,15.935873
3,346,GG:0.040886;GB:0.454289;BG:0.454343;BB:0.050482,0.0,0.0,0.0,0.0,0.040886,0.454289,0.0,0.454343,0.050482,0,0.495175,0.504825,0,0.495229,0.504771,0.9632026000,inspect_p1,inspect,1,,,2,0.0,1.0,0,29.568847
3,347,GB:0.473662;BG:0.473703;BB:0.052635,0.0,0.0,0.0,0.0,0.0,0.473662,0.0,0.473703,0.052635,0,0.473662,0.526338,0,0.473703,0.526297,1.0000000000,inspect_p1,inspect,1,,,2,0.0,1.0,0,30.166392
3,348,GG:4e-06;GB:0.473707;BG:0.473655;BB:0.052634,0.0,0.0,0.0,0.0,4e-06,0.473707,0.0,0.473655,0.052634,0,0.473711,0.526289,0,0.473659,0.526341,0.9999964000,inspect_p1,inspect,1,,,2,0.0,1.0,0,30.167182
3,349,GG:0.473653;GB:0.526347,0.0,0.0,0.0,0.0,0.473653,0.526347,0.0,0.0,0.0,0,1.0,0,0,0.473653,0.526347,0.5737123000,inspect_p2,inspect,2,,,3,0.0,1.0,0,25.234611
3,350,GG:0.040886;GB:0.454343;BG:0.454289;BB:0.050482,0.0,0.0,0.0,0.0,0.040886,0.454343,0.0,0.454289,0.050482,0,0.495229,0.504771,0,0.495175,0.504825,0.9632026000,inspect_p1,inspect,1,,,2,0.0,1.0,0,29.569851
3,351,GB:0.473703;BG:0.473662;BB:0.052635,0.0,0.0,0.0,0.0,0.0,0.473703,0.0,0.473662,0.052635,0,0.473703,0.526297,0,0.473662,0.526338,1.0000000000,inspect_p1,inspect,1,,,2,0.0,1.0,0,30.167151
3,352,GB:0.473657;BG:0.473709;BB:0.052634,0.0,0.0,0.0,0.0,0.0,0.473657,0.0,0.473709,0.052634,0,0.473657,0.526343,0,0.473709,0.526291,1.0000000000,inspect_p1,inspect,1,,,2,0.0,1.0,0,30.166252
3,353,GG:0.082559;BG:0.917441,0.0,0.0,0.0,0.0,0.082559,0.0,0.0,0.917441,0.0,0,0.082559,0.917441,0,1.0,0,0.9256969000,inspect_p1,inspect,1,,,2,0.0,1.0,0,18.447566
3,354,GG:0.004245;GB:0.471644;BG:0.4717;BB:0.052411,0.0,0.0,0.0,0.0,0.004245,0.471644,0.0,0.4717,0.052411,0,0.475889,0.524111,0,0.475945,0.524055,0.9961795000,inspect_p1,inspect,1,,,2,0.0,1.0,0,30.104219
3,355,GB:0.473709;BG:0.473657;BB:0.052634,0.0,0.0,0.0,0.0,0.0,0.473709,0.0,0.473657,0.052634,0,0.473709,0.526291,0,0.473657,0.526343,1.0000000000,inspect_p1,inspect,1,,,2,0.0,1.0,0,30.167216
3,356,GG:0.082559;GB:0.917441,0.0,0.0,0.0,0.0,0.082559,0.917441,0.0,0.0,0.0,0,1.0,0,0,0.082559,0.917441,0.9256969000,inspect_p2,inspect,2,,,3,0.0,1.0,0,33.912553
3,357,GG:0.004245;GB:0.4717;BG:0.471644;BB:0.052411,0.0,0.0,0.0,0.0,0.004245,0.4717,0.0,0.471644,0.052411,0,0.475945,0.524055,0,0.475889,0.524111,0.9961795000,inspect_p1,inspect,1,,,2,0.0,1.0,0,30.105239
3,358,GG:0.000426;GB:0.473453;BG:0.473509;BB:0.052612,0.0,0.0,0.0,0.0,0.000426,0.473453,0.0,0.473509,0.052612,0,0.473879,0.526121,0,0.473935,0.526065,0.9996166000,inspect_p1,inspect,1,,,2,0.0,1.0,0,30.160017
3,359,GG:0.000426;GB:0.473509;BG:0.473453;BB:0.052612,0.0,0.0,0.0,0.0,0.000426,0.473509,0.0,0.473453,0.052612,0,0.473935,0.526065,0,0.473879,0.526121,0.9996166000,inspect_p1,inspect,1,,,2,0.0,1.0,0,30.161037
3,360,GG:4.3e-05;GB:0.473635;BG:0.47369;BB:0.052632,0.0,0.0,0.0,0.0,4.3e-05,0.473635,0.0,0.47369,0.052632,0,0.473678,0.526322,0,0.473733,0.526267,0.9999613000,inspect_p1,inspect,1,,,2,0.0,1.0,0,30.16562
3,361,GG:4.3e-05;GB:0.47369;BG:0.473635;BB:0.052632,0.0,0.0,0.0,0.0,4.3e-05,0.47369,0.0,0.473635,0.052632,0,0.473733,0.526267,0,0.473678,0.526322,0.9999613000,inspect_p1,inspect,1,,,2,0.0,1.0,0,30.166626
3,362,GG:4e-06;GB:0.473653;BG:0.473709;BB:0.052634,0.0,0.0,0.0,0.0,4e-06,0.473653,0.0,0.473709,0.052634,0,0.473657,0.526343,0,0.473713,0.526287,0.9999964000,inspect_p1,inspect,1,,,2,0.0,1.0,0,30.166168
3,363,GG:4e-06;GB:0.473709;BG:0.473653;BB:0.052634,0.0,0.0,0.0,0.0,4e-06,0.473709,0.0,0.473653,0.052634,0,0.473713,0.526287,0,0.473657,0.526343,0.9999964000,inspect_p1,inspect,1,,,2,0.0,1.0,0,30.16721
3,364,GB:0.473655;BG:0.473711;BB:0.052634,0.0,0.0,0.0,0.0,0.0,0.473655,0.0,0.473711,0.052634,0,0.473655,0.526345,0,0.473711,0.526289,1.0000000000,inspect_p1,inspect,1,,,2,0.0,1.0,0,30.166223
3,365,GB:0.473711;BG:0.473655;BB:0.052634,0.0,0.0,0.0,0.0,0.0,0.473711,0.0,0.473655,0.052634,0,0.473711,0.526289,0,0.473655,0.526345,1.0000000000,inspect_p1,inspect,1,,,2,0.0,1.0,0,30.167266
4,0,NN:1,1.0,0.0,0.0,0.0,0.0,0.0,0.0,0.0,0.0,1.0,0,0,1.0,0,0,,buy_p1_test,buy,1,,,6.25,0.0,1.0,0,41.25
4,1,GN:1,0.0,0.0,0.0,1.0,0.0,0.0,0.0,0.0,0.0,0,1.0,0,1.0,0,0,,buy_p2_test,buy,2,,,23.75,0.0,1.0,0,35.0
4,2,GN:0.8;BN:0.2,0.0,0.0,0.0,0.8,0.0,0.0,0.2,0.0,0.0,0,0.8,0.2,1.0,0,0,,buy_p2_test,buy,2,,,23.75,0.0,1.0,0,37.25
4,3,NG:1,0.0,1.0,0.0,0.0,0.0,0.0,0.0,0.0,0.0,1.0,0,0,0,1.0,0,,buy_p1_test,buy,1,,,6.25,0.0,1.0,0,17.5
4,4,NG:0.8;NB:0.2,0.0,0.8,0.2,0.0,0.0,0.0,0.0,0.0,0.0,1.0,0,0,0,0.8,0.2,,buy_p1_test,buy,1,,,6.25,0.0,1.0,0,23.25
4,5,GG:1,0.0,0.0,0.0,0.0,1.0,0.0,0.0,0.0,0.0,0,1.0,0,0,1.0,0,0.2000000000,assemble_test_disassemble,assemble,,1,1,9.0,0.8,0.2,0,11.25
4,6,GG:0.8;GB:0.2,0.0,0.0,0.0,0.0,0.8,0.2,0.0,0.0,0.0,0,1.0,0,0,0.8,0.2,0.3600000000,inspect_p2,inspect,2,,,1,0.0,1.0,0,17.0
4,7,GG:0.8;BG:0.2,0.0,0.0,0.0,0.0,0.8,0.0,0.0,0.2,0.0,0,0.8,0.2,0,1.0,0,0.3600000000,inspect_p1,inspect,1,,,1,0.0,1.0,0,13.5
4,8,GG:0.64;GB:0.16;BG:0.16;BB:0.04,0.0,0.0,0.0,0.0,0.64,0.16,0.0,0.16,0.04,0,0.8,0.2,0,0.8,0.2,0.4880000000,inspect_p1,inspect,1,,,1,0.0,1.0,0,19.25
4,9,GG:0.444444;GB:0.555556,0.0,0.0,0.0,0.0,0.444444,0.555556,0.0,0.0,0.0,0,1.0,0,0,0.444444,0.555556,0.6444448000,inspect_p2,inspect,2,,,1,0.0,1.0,0,25.444455
4,10,GG:0.444444;BG:0.555556,0.0,0.0,0.0,0.0,0.444444,0.0,0.0,0.555556,0.0,0,0.444444,0.555556,0,1.0,0,0.6444448000,inspect_p1,inspect,1,,,1,0.0,1.0,0,15.722225
4,11,GG:0.262295;GB:0.327869;BG:0.327869;BB:0.081967,0.0,0.0,0.0,0.0,0.262295,0.327869,0.0,0.327869,0.081967,0,0.590164,0.409836,0,0.590164,0.409836,0.7901640000,inspect_p2,inspect,2,,,1,0.0,1.0,0,25.545082
4,12,GG:0.137931;GB:0.862069,0.0,0.0,0.0,0.0,0.137931,0.862069,0.0,0.0,0.0,0,1.0,0,0,0.137931,0.862069,0.8896552000,inspect_p2,inspect,2,,,1,0.0,1.0,0,32.724139
4,13,GG:0.137931;BG:0.862069,0.0,0.0,0.0,0.0,0.137931,0.0,0.0,0.862069,0.0,0,0.137931,0.862069,0,1.0,0,0.8896552000,inspect_p1,inspect,1,,,1,0.0,1.0,0,17.637931
4,14,GG:0.06639;GB:0.414938;BG:0.414938;BB:0.103734,0.0,0.0,0.0,0.0,0.06639,0.414938,0.0,0.414938,0.103734,0,0.481328,0.518672,0,0.481328,0.518672,0.9468880000,inspect_p1,inspect,1,,,1,0.0,1.0,0,28.810156
4,15,GG:0.031008;GB:0.968992,0.0,0.0,0.0,0.0,0.031008,0.968992,0.0,0.0,0.0,0,1.0,0,0,0.031008,0.968992,0.9751936000,inspect_p2,inspect,2,,,1,0.0,1.0,0,35.26356
4,16,GG:0.031008;BG:0.968992,0.0,0.0,0.0,0.0,0.031008,0.0,0.0,0.968992,0.0,0,0.031008,0.968992,0,1.0,0,0.9751936000,inspect_p1,inspect,1,,,1,0.0,1.0,0,18.3062
4,17,NG:0.800001;NB:0.199999,0.0,0.800001,0.199999,0.0,0.0,0.0,0.0,0.0,0.0,1.0,0,0,0,0.800001,0.199999,,buy_p1_test,buy,1,,,6.25,0.0,1.0,0,23.249976
4,18,GN:0.800001;BN:0.199999,0.0,0.0,0.0,0.800001,0.0,0.0,0.199999,0.0,0.0,0,0.800001,0.199999,1.0,0,0,,buy_p2_test,buy,2,,,23.75,0.0,1.0,0,37.249994
4,19,GG:0.014023;GB:0.438212;BG:0.438212;BB:0.109553,0.0,0.0,0.0,0.0,0.014023,0.438212,0.0,0.438212,0.109553,0,0.452235,0.547765,0,0.452235,0.547765,0.9887816000,inspect_p2,inspect,2,,,1,0.0,1.0,0,29.682951
4,20,GG:0.006359;GB:0.993641,0.0,0.0,0.0,0.0,0.006359,0.993641,0.0,0.0,0.0,0,1.0,0,0,0.006359,0.993641,0.9949128000,inspect_p2,inspect,2,,,1,0.0,1.0,0,35.848974
4,21,GG:0.006359;BG:0.993641,0.0,0.0,0.0,0.0,0.006359,0.0,0.0,0.993641,0.0,0,0.006359,0.993641,0,1.0,0,0.9949128000,inspect_p1,inspect,1,,,1,0.0,1.0,0,18.460256
4,22,GG:0.800001;GB:0.199999,0.0,0.0,0.0,0.0,0.800001,0.199999,0.0,0.0,0.0,0,1.0,0,0,0.800001,0.199999,0.3599992000,inspect_p2,inspect,2,,,1,0.0,1.0,0,16.999976
4,23,GG:0.640001;GB:0.159999;BG:0.16;BB:0.04,0.0,0.0,0.0,0.0,0.640001,0.159999,0.0,0.16,0.04,0,0.8,0.2,0,0.800001,0.199999,0.4879992000,inspect_p2,inspect,2,,,1,0.0,1.0,0,19.249977
4,24,GG:0.800001;BG:0.199999,0.0,0.0,0.0,0.0,0.800001,0.0,0.0,0.199999,0.0,0,0.800001,0.199999,0,1.0,0,0.3599992000,inspect_p1,inspect,1,,,1,0.0,1.0,0,13.499994
4,25,GG:0.640001;GB:0.16;BG:0.159999;BB:0.04,0.0,0.0,0.0,0.0,0.640001,0.16,0.0,0.159999,0.04,0,0.800001,0.199999,0,0.8,0.2,0.4879992000,inspect_p2,inspect,2,,,1,0.0,1.0,0,19.249995
4,26,GG:0.002836;GB:0.443184;BG:0.443184;BB:0.110796,0.0,0.0,0.0,0.0,0.002836,0.443184,0.0,0.443184,0.110796,0,0.44602,0.55398,0,0.44602,0.55398,0.9977312000,inspect_p2,inspect,2,,,1,0.0,1.0,0,29.869401
4,27,GG:0.001278;GB:0.998722,0.0,0.0,0.0,0.0,0.001278,0.998722,0.0,0.0,0.0,0,1.0,0,0,0.001278,0.998722,0.9989776000,inspect_p2,inspect,2,,,1,0.0,1.0,0,35.969647
4,28,GG:0.001278;BG:0.998722,0.0,0.0,0.0,0.0,0.001278,0.0,0.0,0.998722,0.0,0,0.001278,0.998722,0,1.0,0,0.9989776000,inspect_p1,inspect,1,,,1,0.0,1.0,0,18.492012
4,29,GG:0.444446;GB:0.555554,0.0,0.0,0.0,0.0,0.444446,0.555554,0.0,0.0,0.0,0,1.0,0,0,0.444446,0.555554,0.6444432000,inspect_p2,inspect,2,,,1,0.0,1.0,0,25.444407
4,30,GN:0.799999;BN:0.200001,0.0,0.0,0.0,0.799999,0.0,0.0,0.200001,0.0,0.0,0,0.799999,0.200001,1.0,0,0,,buy_p2_notest,buy,2,,,18,0.0,1.0,0,37.250001
4,31,GG:0.262296;GB:0.327867;BG:0.32787;BB:0.081967,0.0,0.0,0.0,0.0,0.262296,0.327867,0.0,0.32787,0.081967,0,0.590163,0.409837,0,0.590166,0.409834,0.7901632000,inspect_p1,inspect,1,,,1,0.0,1.0,0,25.545034
4,32,GG:0.444446;BG:0.555554,0.0,0.0,0.0,0.0,0.444446,0.0,0.0,0.555554,0.0,0,0.444446,0.555554,0,1.0,0,0.6444432000,inspect_p1,inspect,1,,,1,0.0,1.0,0,15.722212
4,33,NG:0.799999;NB:0.200001,0.0,0.799999,0.200001,0.0,0.0,0.0,0.0,0.0,0.0,1.0,0,0,0,0.799999,0.200001,,buy_p1_notest,buy,1,,,4,0.0,1.0,0,23.250019
4,34,GG:0.262296;GB:0.32787;BG:0.327867;BB:0.081967,0.0,0.0,0.0,0.0,0.262296,0.32787,0.0,0.327867,0.081967,0,0.590166,0.409834,0,0.590163,0.409837,0.7901632000,inspect_p2,inspect,2,,,1,0.0,1.0,0,25.54509
4,35,GG:0.006358;GB:0.993642,0.0,0.0,0.0,0.0,0.006358,0.993642,0.0,0.0,0.0,0,1.0,0,0,0.006358,0.993642,0.9949136000,inspect_p2,inspect,2,,,1,0.0,1.0,0,35.848997
4,36,GG:0.006358;BG:0.993642,0.0,0.0,0.0,0.0,0.006358,0.0,0.0,0.993642,0.0,0,0.006358,0.993642,0,1.0,0,0.9949136000,inspect_p1,inspect,1,,,1,0.0,1.0,0,18.460262
4,37,GG:0.000568;GB:0.444192;BG:0.444192;BB:0.111048,0.0,0.0,0.0,0.0,0.000568,0.444192,0.0,0.444192,0.111048,0,0.44476,0.55524,0,0.44476,0.55524,0.9995456000,inspect_p2,inspect,2,,,1,0.0,1.0,0,29.9072
4,38,GG:0.000256;GB:0.999744,0.0,0.0,0.0,0.0,0.000256,0.999744,0.0,0.0,0.0,0,1.0,0,0,0.000256,0.999744,0.9997952000,inspect_p2,inspect,2,,,1,0.0,1.0,0,35.99392
4,39,GG:0.000256;BG:0.999744,0.0,0.0,0.0,0.0,0.000256,0.0,0.0,0.999744,0.0,0,0.000256,0.999744,0,1.0,0,0.9997952000,inspect_p1,inspect,1,,,1,0.0,1.0,0,18.4984
4,40,GG:0.137932;GB:0.862068,0.0,0.0,0.0,0.0,0.137932,0.862068,0.0,0.0,0.0,0,1.0,0,0,0.137932,0.862068,0.8896544000,inspect_p2,inspect,2,,,1,0.0,1.0,0,32.724115
4,41,GG:0.799999;BG:0.200001,0.0,0.0,0.0,0.0,0.799999,0.0,0.0,0.200001,0.0,0,0.799999,0.200001,0,1.0,0,0.3600008000,inspect_p1,inspect,1,,,1,0.0,1.0,0,13.500006
4,42,GG:0.639999;GB:0.16;BG:0.160001;BB:0.04,0.0,0.0,0.0,0.0,0.639999,0.16,0.0,0.160001,0.04,0,0.799999,0.200001,0,0.8,0.2,0.4880008000,inspect_p1,inspect,1,,,1,0.0,1.0,0,19.250001
4,43,GG:0.444447;GB:0.555553,0.0,0.0,0.0,0.0,0.444447,0.555553,0.0,0.0,0.0,0,1.0,0,0,0.444447,0.555553,0.6444424000,inspect_p2,inspect,2,,,1,0.0,1.0,0,25.444384
4,44,GG:0.06639;GB:0.414936;BG:0.41494;BB:0.103734,0.0,0.0,0.0,0.0,0.06639,0.414936,0.0,0.41494,0.103734,0,0.481326,0.518674,0,0.48133,0.51867,0.9468880000,inspect_p1,inspect,1,,,1,0.0,1.0,0,28.810125
4,45,GG:0.137932;BG:0.862068,0.0,0.0,0.0,0.0,0.137932,0.0,0.0,0.862068,0.0,0,0.137932,0.862068,0,1.0,0,0.8896544000,inspect_p1,inspect,1,,,1,0.0,1.0,0,17.637925
4,46,GG:0.799999;GB:0.200001,0.0,0.0,0.0,0.0,0.799999,0.200001,0.0,0.0,0.0,0,1.0,0,0,0.799999,0.200001,0.3600008000,inspect_p2,inspect,2,,,1,0.0,1.0,0,17.000024
4,47,GG:0.639999;GB:0.160001;BG:0.16;BB:0.04,0.0,0.0,0.0,0.0,0.639999,0.160001,0.0,0.16,0.04,0,0.8,0.2,0,0.799999,0.200001,0.4880008000,inspect_p1,inspect,1,,,1,0.0,1.0,0,19.250019
4,48,GG:0.444447;BG:0.555553,0.0,0.0,0.0,0.0,0.444447,0.0,0.0,0.555553,0.0,0,0.444447,0.555553,0,1.0,0,0.6444424000,inspect_p1,inspect,1,,,1,0.0,1.0,0,15.722206
4,49,GG:0.06639;GB:0.41494;BG:0.414936;BB:0.103734,0.0,0.0,0.0,0.0,0.06639,0.41494,0.0,0.414936,0.103734,0,0.48133,0.51867,0,0.481326,0.518674,0.9468880000,inspect_p2,inspect,2,,,1,0.0,1.0,0,28.810195
4,50,GG:0.001277;GB:0.998723,0.0,0.0,0.0,0.0,0.001277,0.998723,0.0,0.0,0.0,0,1.0,0,0,0.001277,0.998723,0.9989784000,inspect_p2,inspect,2,,,1,0.0,1.0,0,35.969671
4,51,GG:0.001277;BG:0.998723,0.0,0.0,0.0,0.0,0.001277,0.0,0.0,0.998723,0.0,0,0.001277,0.998723,0,1.0,0,0.9989784000,inspect_p1,inspect,1,,,1,0.0,1.0,0,18.492019
4,52,GG:0.000114;GB:0.444394;BG:0.444394;BB:0.111098,0.0,0.0,0.0,0.0,0.000114,0.444394,0.0,0.444394,0.111098,0,0.444508,0.555492,0,0.444508,0.555492,0.9999088000,inspect_p2,inspect,2,,,1,0.0,1.0,0,29.91476
4,53,GG:5.1e-05;GB:0.999949,0.0,0.0,0.0,0.0,5.1e-05,0.999949,0.0,0.0,0.0,0,1.0,0,0,5.1e-05,0.999949,0.9999592000,inspect_p2,inspect,2,,,1,0.0,1.0,0,35.998789
4,54,GG:5.1e-05;BG:0.999949,0.0,0.0,0.0,0.0,5.1e-05,0.0,0.0,0.999949,0.0,0,5.1e-05,0.999949,0,1.0,0,0.9999592000,inspect_p1,inspect,1,,,1,0.0,1.0,0,18.499681
4,55,GG:0.444443;BG:0.555557,0.0,0.0,0.0,0.0,0.444443,0.0,0.0,0.555557,0.0,0,0.444443,0.555557,0,1.0,0,0.6444456000,inspect_p1,inspect,1,,,1,0.0,1.0,0,15.722231
4,56,GG:0.262294;GB:0.327868;BG:0.327871;BB:0.081967,0.0,0.0,0.0,0.0,0.262294,0.327868,0.0,0.327871,0.081967,0,0.590162,0.409838,0,0.590165,0.409835,0.7901648000,inspect_p2,inspect,2,,,1,0.0,1.0,0,25.545068
4,57,NG:0.800002;NB:0.199998,0.0,0.800002,0.199998,0.0,0.0,0.0,0.0,0.0,0.0,1.0,0,0,0,0.800002,0.199998,,buy_p1_test,buy,1,,,6.25,0.0,1.0,0,23.249952
4,58,GG:0.13793;BG:0.86207,0.0,0.0,0.0,0.0,0.13793,0.0,0.0,0.86207,0.0,0,0.13793,0.86207,0,1.0,0,0.8896560000,inspect_p1,inspect,1,,,1,0.0,1.0,0,17.637937
4,59,GG:0.014023;GB:0.43821;BG:0.438214;BB:0.109553,0.0,0.0,0.0,0.0,0.014023,0.43821,0.0,0.438214,0.109553,0,0.452233,0.547767,0,0.452237,0.547763,0.9887816000,inspect_p2,inspect,2,,,1,0.0,1.0,0,29.682914
4,60,GG:0.444443;GB:0.555557,0.0,0.0,0.0,0.0,0.444443,0.555557,0.0,0.0,0.0,0,1.0,0,0,0.444443,0.555557,0.6444456000,inspect_p2,inspect,2,,,1,0.0,1.0,0,25.444479
4,61,GG:0.262294;GB:0.327871;BG:0.327868;BB:0.081967,0.0,0.0,0.0,0.0,0.262294,0.327871,0.0,0.327868,0.081967,0,0.590165,0.409835,0,0.590162,0.409838,0.7901648000,inspect_p1,inspect,1,,,1,0.0,1.0,0,25.545119
4,62,GG:0.13793;GB:0.86207,0.0,0.0,0.0,0.0,0.13793,0.86207,0.0,0.0,0.0,0,1.0,0,0,0.13793,0.86207,0.8896560000,inspect_p2,inspect,2,,,1,0.0,1.0,0,32.724162
4,63,GN:0.800002;BN:0.199998,0.0,0.0,0.0,0.800002,0.0,0.0,0.199998,0.0,0.0,0,0.800002,0.199998,1.0,0,0,,buy_p2_test,buy,2,,,23.75,0.0,1.0,0,37.249987
4,64,GG:0.014023;GB:0.438214;BG:0.43821;BB:0.109553,0.0,0.0,0.0,0.0,0.014023,0.438214,0.0,0.43821,0.109553,0,0.452237,0.547763,0,0.452233,0.547767,0.9887816000,inspect_p2,inspect,2,,,1,0.0,1.0,0,29.682985
4,65,GG:2.3e-05;GB:0.444434;BG:0.444435;BB:0.111108,0.0,0.0,0.0,0.0,2.3e-05,0.444434,0.0,0.444435,0.111108,0,0.444457,0.555543,0,0.444458,0.555542,0.9999816000,inspect_p2,inspect,2,,,1,0.0,1.0,0,29.916265
4,66,GG:1e-05;GB:0.99999,0.0,0.0,0.0,0.0,1e-05,0.99999,0.0,0.0,0.0,0,1.0,0,0,1e-05,0.99999,0.9999920000,inspect_p2,inspect,2,,,1,0.0,1.0,0,35.999762
4,67,GG:1e-05;BG:0.99999,0.0,0.0,0.0,0.0,1e-05,0.0,0.0,0.99999,0.0,0,1e-05,0.99999,0,1.0,0,0.9999920000,inspect_p1,inspect,1,,,1,0.0,1.0,0,18.499937
4,68,GG:0.444442;BG:0.555558,0.0,0.0,0.0,0.0,0.444442,0.0,0.0,0.555558,0.0,0,0.444442,0.555558,0,1.0,0,0.6444464000,inspect_p1,inspect,1,,,1,0.0,1.0,0,15.722237
4,69,GG:0.800002;GB:0.199998,0.0,0.0,0.0,0.0,0.800002,0.199998,0.0,0.0,0.0,0,1.0,0,0,0.800002,0.199998,0.3599984000,inspect_p2,inspect,2,,,1,0.0,1.0,0,16.999952
4,70,GG:0.640002;GB:0.159998;BG:0.16;BB:0.04,0.0,0.0,0.0,0.0,0.640002,0.159998,0.0,0.16,0.04,0,0.8,0.2,0,0.800002,0.199998,0.4879984000,inspect_p2,inspect,2,,,1,0.0,1.0,0,19.249955
4,71,GG:0.031007;BG:0.968993,0.0,0.0,0.0,0.0,0.031007,0.0,0.0,0.968993,0.0,0,0.031007,0.968993,0,1.0,0,0.9751944000,inspect_p1,inspect,1,,,1,0.0,1.0,0,18.306206
4,72,GG:0.002836;GB:0.443182;BG:0.443186;BB:0.110796,0.0,0.0,0.0,0.0,0.002836,0.443182,0.0,0.443186,0.110796,0,0.446018,0.553982,0,0.446022,0.553978,0.9977312000,inspect_p2,inspect,2,,,1,0.0,1.0,0,29.869365
4,73,GG:0.444442;GB:0.555558,0.0,0.0,0.0,0.0,0.444442,0.555558,0.0,0.0,0.0,0,1.0,0,0,0.444442,0.555558,0.6444464000,inspect_p2,inspect,2,,,1,0.0,1.0,0,25.444502
4,74,GG:0.031007;GB:0.968993,0.0,0.0,0.0,0.0,0.031007,0.968993,0.0,0.0,0.0,0,1.0,0,0,0.031007,0.968993,0.9751944000,inspect_p2,inspect,2,,,1,0.0,1.0,0,35.263584
4,75,GG:0.800002;BG:0.199998,0.0,0.0,0.0,0.0,0.800002,0.0,0.0,0.199998,0.0,0,0.800002,0.199998,0,1.0,0,0.3599984000,inspect_p1,inspect,1,,,1,0.0,1.0,0,13.499987
4,76,GG:0.640002;GB:0.16;BG:0.159998;BB:0.04,0.0,0.0,0.0,0.0,0.640002,0.16,0.0,0.159998,0.04,0,0.800002,0.199998,0,0.8,0.2,0.4879984000,inspect_p2,inspect,2,,,1,0.0,1.0,0,19.24999
4,77,GG:0.002836;GB:0.443186;BG:0.443182;BB:0.110796,0.0,0.0,0.0,0.0,0.002836,0.443186,0.0,0.443182,0.110796,0,0.446022,0.553978,0,0.446018,0.553982,0.9977312000,inspect_p2,inspect,2,,,1,0.0,1.0,0,29.869435
4,78,GG:5.2e-05;GB:0.999948,0.0,0.0,0.0,0.0,5.2e-05,0.999948,0.0,0.0,0.0,0,1.0,0,0,5.2e-05,0.999948,0.9999584000,inspect_p2,inspect,2,,,1,0.0,1.0,0,35.998765
4,79,GG:5.2e-05;BG:0.999948,0.0,0.0,0.0,0.0,5.2e-05,0.0,0.0,0.999948,0.0,0,5.2e-05,0.999948,0,1.0,0,0.9999584000,inspect_p1,inspect,1,,,1,0.0,1.0,0,18.499675
4,80,GG:5e-06;GB:0.444442;BG:0.444443;BB:0.11111,0.0,0.0,0.0,0.0,5e-06,0.444442,0.0,0.444443,0.11111,0,0.444447,0.555553,0,0.444448,0.555552,0.9999960000,inspect_p2,inspect,2,,,1,0.0,1.0,0,29.916566
4,81,GG:2e-06;GB:0.999998,0.0,0.0,0.0,0.0,2e-06,0.999998,0.0,0.0,0.0,0,1.0,0,0,2e-06,0.999998,0.9999984000,inspect_p2,inspect,2,,,1,0.0,1.0,0,35.999952
4,82,GG:2e-06;BG:0.999998,0.0,0.0,0.0,0.0,2e-06,0.0,0.0,0.999998,0.0,0,2e-06,0.999998,0,1.0,0,0.9999984000,inspect_p1,inspect,1,,,1,0.0,1.0,0,18.499987
4,83,GG:0.444448;GB:0.555552,0.0,0.0,0.0,0.0,0.444448,0.555552,0.0,0.0,0.0,0,1.0,0,0,0.444448,0.555552,0.6444416000,inspect_p2,inspect,2,,,1,0.0,1.0,0,25.44436
4,84,GN:0.799998;BN:0.200002,0.0,0.0,0.0,0.799998,0.0,0.0,0.200002,0.0,0.0,0,0.799998,0.200002,1.0,0,0,,buy_p2_test,buy,2,,,23.75,0.0,1.0,0,37.250012
4,85,GG:0.262297;GB:0.327866;BG:0.32787;BB:0.081967,0.0,0.0,0.0,0.0,0.262297,0.327866,0.0,0.32787,0.081967,0,0.590163,0.409837,0,0.590167,0.409833,0.7901624000,inspect_p2,inspect,2,,,1,0.0,1.0,0,25.545015
4,86,GG:0.000568;GB:0.44419;BG:0.444194;BB:0.111048,0.0,0.0,0.0,0.0,0.000568,0.44419,0.0,0.444194,0.111048,0,0.444758,0.555242,0,0.444762,0.555238,0.9995456000,inspect_p1,inspect,1,,,1,0.0,1.0,0,29.907162
4,87,GG:0.444448;BG:0.555552,0.0,0.0,0.0,0.0,0.444448,0.0,0.0,0.555552,0.0,0,0.444448,0.555552,0,1.0,0,0.6444416000,inspect_p1,inspect,1,,,1,0.0,1.0,0,15.7222
4,88,NG:0.799998;NB:0.200002,0.0,0.799998,0.200002,0.0,0.0,0.0,0.0,0.0,0.0,1.0,0,0,0,0.799998,0.200002,,buy_p1_test,buy,1,,,6.25,0.0,1.0,0,23.250047
4,89,GG:0.262297;GB:0.32787;BG:0.327866;BB:0.081967,0.0,0.0,0.0,0.0,0.262297,0.32787,0.0,0.327866,0.081967,0,0.590167,0.409833,0,0.590163,0.409837,0.7901624000,inspect_p2,inspect,2,,,1,0.0,1.0,0,25.545086
4,90,GG:0.000568;GB:0.444194;BG:0.44419;BB:0.111048,0.0,0.0,0.0,0.0,0.000568,0.444194,0.0,0.44419,0.111048,0,0.444762,0.555238,0,0.444758,0.555242,0.9995456000,inspect_p2,inspect,2,,,1,0.0,1.0,0,29.907234
4,91,GG:1.1e-05;GB:0.999989,0.0,0.0,0.0,0.0,1.1e-05,0.999989,0.0,0.0,0.0,0,1.0,0,0,1.1e-05,0.999989,0.9999912000,inspect_p2,inspect,2,,,1,0.0,1.0,0,35.999739
4,92,GG:1.1e-05;BG:0.999989,0.0,0.0,0.0,0.0,1.1e-05,0.0,0.0,0.999989,0.0,0,1.1e-05,0.999989,0,1.0,0,0.9999912000,inspect_p1,inspect,1,,,1,0.0,1.0,0,18.499931
4,93,GG:1e-06;GB:0.444444;BG:0.444445;BB:0.11111,0.0,0.0,0.0,0.0,1e-06,0.444444,0.0,0.444445,0.11111,0,0.444445,0.555555,0,0.444446,0.555554,0.9999992000,inspect_p1,inspect,1,,,1,0.0,1.0,0,29.916626
4,94,GB:1,0.0,0.0,0.0,0.0,0.0,1.0,0.0,0.0,0.0,0,1.0,0,0,0,1.0,1.0000000000,inspect_p2,inspect,2,,,1,0.0,1.0,0,36.0
4,95,BG:1,0.0,0.0,0.0,0.0,0.0,0.0,0.0,1.0,0.0,0,0,1.0,0,1.0,0,1.0000000000,inspect_p1,inspect,1,,,1,0.0,1.0,0,18.5
4,96,GG:0.137933;GB:0.862067,0.0,0.0,0.0,0.0,0.137933,0.862067,0.0,0.0,0.0,0,1.0,0,0,0.137933,0.862067,0.8896536000,inspect_p2,inspect,2,,,1,0.0,1.0,0,32.724091
4,97,GG:0.799998;BG:0.200002,0.0,0.0,0.0,0.0,0.799998,0.0,0.0,0.200002,0.0,0,0.799998,0.200002,0,1.0,0,0.3600016000,inspect_p1,inspect,1,,,1,0.0,1.0,0,13.500012
4,98,GG:0.639998;GB:0.16;BG:0.160002;BB:0.04,0.0,0.0,0.0,0.0,0.639998,0.16,0.0,0.160002,0.04,0,0.799998,0.200002,0,0.8,0.2,0.4880016000,inspect_p2,inspect,2,,,1,0.0,1.0,0,19.250015
4,99,GG:0.444445;BG:0.555555,0.0,0.0,0.0,0.0,0.444445,0.0,0.0,0.555555,0.0,0,0.444445,0.555555,0,1.0,0,0.6444440000,inspect_p1,inspect,1,,,1,0.0,1.0,0,15.722219
4,100,GG:0.066391;GB:0.414935;BG:0.41494;BB:0.103734,0.0,0.0,0.0,0.0,0.066391,0.414935,0.0,0.41494,0.103734,0,0.481326,0.518674,0,0.481331,0.518669,0.9468872000,inspect_p1,inspect,1,,,1,0.0,1.0,0,28.81009
4,101,GG:0.000114;GB:0.444392;BG:0.444396;BB:0.111098,0.0,0.0,0.0,0.0,0.000114,0.444392,0.0,0.444396,0.111098,0,0.444506,0.555494,0,0.44451,0.55549,0.9999088000,inspect_p2,inspect,2,,,1,0.0,1.0,0,29.914726
4,102,GG:0.137933;BG:0.862067,0.0,0.0,0.0,0.0,0.137933,0.0,0.0,0.862067,0.0,0,0.137933,0.862067,0,1.0,0,0.8896536000,inspect_p1,inspect,1,,,1,0.0,1.0,0,17.637919
4,103,GG:0.799998;GB:0.200002,0.0,0.0,0.0,0.0,0.799998,0.200002,0.0,0.0,0.0,0,1.0,0,0,0.799998,0.200002,0.3600016000,inspect_p2,inspect,2,,,1,0.0,1.0,0,17.000047
4,104,GG:0.639998;GB:0.160002;BG:0.16;BB:0.04,0.0,0.0,0.0,0.0,0.639998,0.160002,0.0,0.16,0.04,0,0.8,0.2,0,0.799998,0.200002,0.4880016000,inspect_p2,inspect,2,,,1,0.0,1.0,0,19.25005
4,105,GG:0.444445;GB:0.555555,0.0,0.0,0.0,0.0,0.444445,0.555555,0.0,0.0,0.0,0,1.0,0,0,0.444445,0.555555,0.6444440000,inspect_p2,inspect,2,,,1,0.0,1.0,0,25.444431
4,106,GG:0.066391;GB:0.41494;BG:0.414935;BB:0.103734,0.0,0.0,0.0,0.0,0.066391,0.41494,0.0,0.414935,0.103734,0,0.481331,0.518669,0,0.481326,0.518674,0.9468872000,inspect_p1,inspect,1,,,1,0.0,1.0,0,28.810185
4,107,GG:0.000114;GB:0.444396;BG:0.444392;BB:0.111098,0.0,0.0,0.0,0.0,0.000114,0.444396,0.0,0.444392,0.111098,0,0.44451,0.55549,0,0.444506,0.555494,0.9999088000,inspect_p2,inspect,2,,,1,0.0,1.0,0,29.914798
4,108,GB:0.444444;BG:0.444446;BB:0.11111,0.0,0.0,0.0,0.0,0.0,0.444444,0.0,0.444446,0.11111,0,0.444444,0.555556,0,0.444446,0.555554,1.0000000000,inspect_p2,inspect,2,,,1,0.0,1.0,0,29.916634
4,109,GG:0.444441;BG:0.555559,0.0,0.0,0.0,0.0,0.444441,0.0,0.0,0.555559,0.0,0,0.444441,0.555559,0,1.0,0,0.6444472000,inspect_p1,inspect,1,,,1,0.0,1.0,0,15.722244
4,110,GG:0.799997;BG:0.200003,0.0,0.0,0.0,0.0,0.799997,0.0,0.0,0.200003,0.0,0,0.799997,0.200003,0,1.0,0,0.3600024000,inspect_p1,inspect,1,,,1,0.0,1.0,0,13.500019
4,111,GG:0.262293;GB:0.327868;BG:0.327872;BB:0.081967,0.0,0.0,0.0,0.0,0.262293,0.327868,0.0,0.327872,0.081967,0,0.590161,0.409839,0,0.590165,0.409835,0.7901656000,inspect_p2,inspect,2,,,1,0.0,1.0,0,25.545075
4,112,GG:0.137934;GB:0.862066,0.0,0.0,0.0,0.0,0.137934,0.862066,0.0,0.0,0.0,0,1.0,0,0,0.137934,0.862066,0.8896528000,inspect_p2,inspect,2,,,1,0.0,1.0,0,32.724067
4,113,GG:2.3e-05;GB:0.444433;BG:0.444436;BB:0.111108,0.0,0.0,0.0,0.0,2.3e-05,0.444433,0.0,0.444436,0.111108,0,0.444456,0.555544,0,0.444459,0.555541,0.9999816000,inspect_p2,inspect,2,,,1,0.0,1.0,0,29.916249
4,114,GG:0.444441;GB:0.555559,0.0,0.0,0.0,0.0,0.444441,0.555559,0.0,0.0,0.0,0,1.0,0,0,0.444441,0.555559,0.6444472000,inspect_p2,inspect,2,,,1,0.0,1.0,0,25.444526
4,115,GG:0.799997;GB:0.200003,0.0,0.0,0.0,0.0,0.799997,0.200003,0.0,0.0,0.0,0,1.0,0,0,0.799997,0.200003,0.3600024000,inspect_p2,inspect,2,,,1,0.0,1.0,0,17.000071
4,116,GG:0.262293;GB:0.327872;BG:0.327868;BB:0.081967,0.0,0.0,0.0,0.0,0.262293,0.327872,0.0,0.327868,0.081967,0,0.590165,0.409835,0,0.590161,0.409839,0.7901656000,inspect_p2,inspect,2,,,1,0.0,1.0,0,25.545145
4,117,GG:0.137934;BG:0.862066,0.0,0.0,0.0,0.0,0.137934,0.0,0.0,0.862066,0.0,0,0.137934,0.862066,0,1.0,0,0.8896528000,inspect_p1,inspect,1,,,1,0.0,1.0,0,17.637912
4,118,GG:2.3e-05;GB:0.444436;BG:0.444433;BB:0.111108,0.0,0.0,0.0,0.0,2.3e-05,0.444436,0.0,0.444433,0.111108,0,0.444459,0.555541,0,0.444456,0.555544,0.9999816000,inspect_p2,inspect,2,,,1,0.0,1.0,0,29.916302
4,119,GG:0.137929;BG:0.862071,0.0,0.0,0.0,0.0,0.137929,0.0,0.0,0.862071,0.0,0,0.137929,0.862071,0,1.0,0,0.8896568000,inspect_p1,inspect,1,,,1,0.0,1.0,0,17.637944
4,120,GG:0.44444;BG:0.55556,0.0,0.0,0.0,0.0,0.44444,0.0,0.0,0.55556,0.0,0,0.44444,0.55556,0,1.0,0,0.6444480000,inspect_p1,inspect,1,,,1,0.0,1.0,0,15.72225
4,121,GG:0.066389;GB:0.414936;BG:0.414941;BB:0.103734,0.0,0.0,0.0,0.0,0.066389,0.414936,0.0,0.414941,0.103734,0,0.481325,0.518675,0,0.48133,0.51867,0.9468888000,inspect_p1,inspect,1,,,1,0.0,1.0,0,28.810127
4,122,GG:0.031009;GB:0.968991,0.0,0.0,0.0,0.0,0.031009,0.968991,0.0,0.0,0.0,0,1.0,0,0,0.031009,0.968991,0.9751928000,inspect_p2,inspect,2,,,1,0.0,1.0,0,35.263536
4,123,GG:5e-06;GB:0.444441;BG:0.444444;BB:0.11111,0.0,0.0,0.0,0.0,5e-06,0.444441,0.0,0.444444,0.11111,0,0.444446,0.555554,0,0.444449,0.555551,0.9999960000,inspect_p2,inspect,2,,,1,0.0,1.0,0,29.916551
4,124,GG:0.137929;GB:0.862071,0.0,0.0,0.0,0.0,0.137929,0.862071,0.0,0.0,0.0,0,1.0,0,0,0.137929,0.862071,0.8896568000,inspect_p2,inspect,2,,,1,0.0,1.0,0,32.724186
4,125,GG:0.44444;GB:0.55556,0.0,0.0,0.0,0.0,0.44444,0.55556,0.0,0.0,0.0,0,1.0,0,0,0.44444,0.55556,0.6444480000,inspect_p2,inspect,2,,,1,0.0,1.0,0,25.44455
4,126,GG:0.066389;GB:0.414941;BG:0.414936;BB:0.103734,0.0,0.0,0.0,0.0,0.066389,0.414941,0.0,0.414936,0.103734,0,0.48133,0.51867,0,0.481325,0.518675,0.9468888000,inspect_p2,inspect,2,,,1,0.0,1.0,0,28.810218
4,127,GG:0.031009;BG:0.968991,0.0,0.0,0.0,0.0,0.031009,0.0,0.0,0.968991,0.0,0,0.031009,0.968991,0,1.0,0,0.9751928000,inspect_p1,inspect,1,,,1,0.0,1.0,0,18.306194
4,128,GG:5e-06;GB:0.444444;BG:0.444441;BB:0.11111,0.0,0.0,0.0,0.0,5e-06,0.444444,0.0,0.444441,0.11111,0,0.444449,0.555551,0,0.444446,0.555554,0.9999960000,inspect_p2,inspect,2,,,1,0.0,1.0,0,29.916603
4,129,GG:0.137928;BG:0.862072,0.0,0.0,0.0,0.0,0.137928,0.0,0.0,0.862072,0.0,0,0.137928,0.862072,0,1.0,0,0.8896576000,inspect_p1,inspect,1,,,1,0.0,1.0,0,17.63795
4,130,GG:0.014023;GB:0.43821;BG:0.438215;BB:0.109552,0.0,0.0,0.0,0.0,0.014023,0.43821,0.0,0.438215,0.109552,0,0.452233,0.547767,0,0.452238,0.547762,0.9887816000,inspect_p1,inspect,1,,,1,0.0,1.0,0,29.682888
4,131,GG:0.00636;GB:0.99364,0.0,0.0,0.0,0.0,0.00636,0.99364,0.0,0.0,0.0,0,1.0,0,0,0.00636,0.99364,0.9949120000,inspect_p2,inspect,2,,,1,0.0,1.0,0,35.84895
4,132,GG:1e-06;GB:0.444443;BG:0.444446;BB:0.11111,0.0,0.0,0.0,0.0,1e-06,0.444443,0.0,0.444446,0.11111,0,0.444444,0.555556,0,0.444447,0.555553,0.9999992000,inspect_p2,inspect,2,,,1,0.0,1.0,0,29.91661
4,133,GG:0.137928;GB:0.862072,0.0,0.0,0.0,0.0,0.137928,0.862072,0.0,0.0,0.0,0,1.0,0,0,0.137928,0.862072,0.8896576000,inspect_p2,inspect,2,,,1,0.0,1.0,0,32.72421
4,134,GG:0.014023;GB:0.438215;BG:0.43821;BB:0.109552,0.0,0.0,0.0,0.0,0.014023,0.438215,0.0,0.43821,0.109552,0,0.452238,0.547762,0,0.452233,0.547767,0.9887816000,inspect_p2,inspect,2,,,1,0.0,1.0,0,29.682973
4,135,GG:0.00636;BG:0.99364,0.0,0.0,0.0,0.0,0.00636,0.0,0.0,0.99364,0.0,0,0.00636,0.99364,0,1.0,0,0.9949120000,inspect_p1,inspect,1,,,1,0.0,1.0,0,18.46025
4,136,GG:1e-06;GB:0.444446;BG:0.444443;BB:0.11111,0.0,0.0,0.0,0.0,1e-06,0.444446,0.0,0.444443,0.11111,0,0.444447,0.555553,0,0.444444,0.555556,0.9999992000,inspect_p2,inspect,2,,,1,0.0,1.0,0,29.916662
4,137,NG:0.800003;NB:0.199997,0.0,0.800003,0.199997,0.0,0.0,0.0,0.0,0.0,0.0,1.0,0,0,0,0.800003,0.199997,,buy_p1_notest,buy,1,,,4,0.0,1.0,0,23.249926
4,138,GG:0.002836;GB:0.443182;BG:0.443187;BB:0.110795,0.0,0.0,0.0,0.0,0.002836,0.443182,0.0,0.443187,0.110795,0,0.446018,0.553982,0,0.446023,0.553977,0.9977312000,inspect_p1,inspect,1,,,1,0.0,1.0,0,29.869339
4,139,GG:0.001279;GB:0.998721,0.0,0.0,0.0,0.0,0.001279,0.998721,0.0,0.0,0.0,0,1.0,0,0,0.001279,0.998721,0.9989768000,inspect_p2,inspect,2,,,1,0.0,1.0,0,35.969624
4,140,GB:0.444443;BG:0.444447;BB:0.11111,0.0,0.0,0.0,0.0,0.0,0.444443,0.0,0.444447,0.11111,0,0.444443,0.555557,0,0.444447,0.555553,1.0000000000,inspect_p1,inspect,1,,,1,0.0,1.0,0,29.916607
4,141,GN:0.800003;BN:0.199997,0.0,0.0,0.0,0.800003,0.0,0.0,0.199997,0.0,0.0,0,0.800003,0.199997,1.0,0,0,,buy_p2_notest,buy,2,,,18,0.0,1.0,0,37.249972
4,142,GG:0.002836;GB:0.443187;BG:0.443182;BB:0.110795,0.0,0.0,0.0,0.0,0.002836,0.443187,0.0,0.443182,0.110795,0,0.446023,0.553977,0,0.446018,0.553982,0.9977312000,inspect_p2,inspect,2,,,1,0.0,1.0,0,29.869423
4,143,GG:0.001279;BG:0.998721,0.0,0.0,0.0,0.0,0.001279,0.0,0.0,0.998721,0.0,0,0.001279,0.998721,0,1.0,0,0.9989768000,inspect_p1,inspect,1,,,1,0.0,1.0,0,18.492006
4,144,GB:0.444447;BG:0.444443;BB:0.11111,0.0,0.0,0.0,0.0,0.0,0.444447,0.0,0.444443,0.11111,0,0.444447,0.555553,0,0.444443,0.555557,1.0000000000,inspect_p2,inspect,2,,,1,0.0,1.0,0,29.916678
4,145,GG:0.800003;GB:0.199997,0.0,0.0,0.0,0.0,0.800003,0.199997,0.0,0.0,0.0,0,1.0,0,0,0.800003,0.199997,0.3599976000,inspect_p2,inspect,2,,,1,0.0,1.0,0,16.999929
4,146,GG:0.640002;GB:0.159998;BG:0.160001;BB:0.039999,0.0,0.0,0.0,0.0,0.640002,0.159998,0.0,0.160001,0.039999,0,0.8,0.2,0,0.800003,0.199997,0.4879984000,inspect_p2,inspect,2,,,1,0.0,1.0,0,19.249926
4,147,GG:0.000568;GB:0.44419;BG:0.444195;BB:0.111047,0.0,0.0,0.0,0.0,0.000568,0.44419,0.0,0.444195,0.111047,0,0.444758,0.555242,0,0.444763,0.555237,0.9995456000,inspect_p1,inspect,1,,,1,0.0,1.0,0,29.907135
4,148,GG:0.800003;BG:0.199997,0.0,0.0,0.0,0.0,0.800003,0.0,0.0,0.199997,0.0,0,0.800003,0.199997,0,1.0,0,0.3599976000,inspect_p1,inspect,1,,,1,0.0,1.0,0,13.499981
4,149,GG:0.640002;GB:0.160001;BG:0.159998;BB:0.039999,0.0,0.0,0.0,0.0,0.640002,0.160001,0.0,0.159998,0.039999,0,0.800003,0.199997,0,0.8,0.2,0.4879984000,inspect_p1,inspect,1,,,1,0.0,1.0,0,19.249972
4,150,GG:0.000568;GB:0.444195;BG:0.44419;BB:0.111047,0.0,0.0,0.0,0.0,0.000568,0.444195,0.0,0.44419,0.111047,0,0.444763,0.555237,0,0.444758,0.555242,0.9995456000,inspect_p2,inspect,2,,,1,0.0,1.0,0,29.907222
4,151,GG:0.444449;GB:0.555551,0.0,0.0,0.0,0.0,0.444449,0.555551,0.0,0.0,0.0,0,1.0,0,0,0.444449,0.555551,0.6444408000,inspect_p2,inspect,2,,,1,0.0,1.0,0,25.444336
4,152,NG:0.800005;NB:0.199995,0.0,0.800005,0.199995,0.0,0.0,0.0,0.0,0.0,0.0,1.0,0,0,0,0.800005,0.199995,,buy_p1_test,buy,1,,,6.25,0.0,1.0,0,23.249881
4,153,GG:0.262297;GB:0.327866;BG:0.327872;BB:0.081965,0.0,0.0,0.0,0.0,0.262297,0.327866,0.0,0.327872,0.081965,0,0.590163,0.409837,0,0.590169,0.409831,0.7901624000,inspect_p2,inspect,2,,,1,0.0,1.0,0,25.544963
4,154,GG:0.000114;GB:0.444392;BG:0.444397;BB:0.111097,0.0,0.0,0.0,0.0,0.000114,0.444392,0.0,0.444397,0.111097,0,0.444506,0.555494,0,0.444511,0.555489,0.9999088000,inspect_p2,inspect,2,,,1,0.0,1.0,0,29.914704
4,155,GG:0.444449;BG:0.555551,0.0,0.0,0.0,0.0,0.444449,0.0,0.0,0.555551,0.0,0,0.444449,0.555551,0,1.0,0,0.6444408000,inspect_p1,inspect,1,,,1,0.0,1.0,0,15.722194
4,156,GN:0.800005;BN:0.199995,0.0,0.0,0.0,0.800005,0.0,0.0,0.199995,0.0,0.0,0,0.800005,0.199995,1.0,0,0,,buy_p2_test,buy,2,,,23.75,0.0,1.0,0,37.249969
4,157,GG:0.262297;GB:0.327872;BG:0.327866;BB:0.081965,0.0,0.0,0.0,0.0,0.262297,0.327872,0.0,0.327866,0.081965,0,0.590169,0.409831,0,0.590163,0.409837,0.7901624000,inspect_p1,inspect,1,,,1,0.0,1.0,0,25.545069
4,158,GG:0.000114;GB:0.444397;BG:0.444392;BB:0.111097,0.0,0.0,0.0,0.0,0.000114,0.444397,0.0,0.444392,0.111097,0,0.444511,0.555489,0,0.444506,0.555494,0.9999088000,inspect_p2,inspect,2,,,1,0.0,1.0,0,29.914786
4,159,GG:0.800005;GB:0.199995,0.0,0.0,0.0,0.0,0.800005,0.199995,0.0,0.0,0.0,0,1.0,0,0,0.800005,0.199995,0.3599960000,inspect_p2,inspect,2,,,1,0.0,1.0,0,16.999881
4,160,GG:0.640004;GB:0.159996;BG:0.160001;BB:0.039999,0.0,0.0,0.0,0.0,0.640004,0.159996,0.0,0.160001,0.039999,0,0.8,0.2,0,0.800005,0.199995,0.4879968000,inspect_p1,inspect,1,,,1,0.0,1.0,0,19.249881
4,161,NG:0.800006;NB:0.199994,0.0,0.800006,0.199994,0.0,0.0,0.0,0.0,0.0,0.0,1.0,0,0,0,0.800006,0.199994,,buy_p1_test,buy,1,,,6.25,0.0,1.0,0,23.249857
4,162,GG:0.066391;GB:0.414935;BG:0.414942;BB:0.103732,0.0,0.0,0.0,0.0,0.066391,0.414935,0.0,0.414942,0.103732,0,0.481326,0.518674,0,0.481333,0.518667,0.9468872000,inspect_p2,inspect,2,,,1,0.0,1.0,0,28.810046
4,163,GG:2.3e-05;GB:0.444433;BG:0.444437;BB:0.111107,0.0,0.0,0.0,0.0,2.3e-05,0.444433,0.0,0.444437,0.111107,0,0.444456,0.555544,0,0.44446,0.55554,0.9999816000,inspect_p2,inspect,2,,,1,0.0,1.0,0,29.916224
4,164,GG:0.800005;BG:0.199995,0.0,0.0,0.0,0.0,0.800005,0.0,0.0,0.199995,0.0,0,0.800005,0.199995,0,1.0,0,0.3599960000,inspect_p1,inspect,1,,,1,0.0,1.0,0,13.499969
4,165,GG:0.640004;GB:0.160001;BG:0.159996;BB:0.039999,0.0,0.0,0.0,0.0,0.640004,0.160001,0.0,0.159996,0.039999,0,0.800005,0.199995,0,0.8,0.2,0.4879968000,inspect_p1,inspect,1,,,1,0.0,1.0,0,19.249969
4,166,GN:0.800006;BN:0.199994,0.0,0.0,0.0,0.800006,0.0,0.0,0.199994,0.0,0.0,0,0.800006,0.199994,1.0,0,0,,buy_p2_test,buy,2,,,23.75,0.0,1.0,0,37.249962
4,167,GG:0.066391;GB:0.414942;BG:0.414935;BB:0.103732,0.0,0.0,0.0,0.0,0.066391,0.414942,0.0,0.414935,0.103732,0,0.481333,0.518667,0,0.481326,0.518674,0.9468872000,inspect_p1,inspect,1,,,1,0.0,1.0,0,28.810166
4,168,GG:2.3e-05;GB:0.444437;BG:0.444433;BB:0.111107,0.0,0.0,0.0,0.0,2.3e-05,0.444437,0.0,0.444433,0.111107,0,0.44446,0.55554,0,0.444456,0.555544,0.9999816000,inspect_p1,inspect,1,,,1,0.0,1.0,0,29.91629
4,169,GG:0.444452;GB:0.555548,0.0,0.0,0.0,0.0,0.444452,0.555548,0.0,0.0,0.0,0,1.0,0,0,0.444452,0.555548,0.6444384000,inspect_p2,inspect,2,,,1,0.0,1.0,0,25.444265
4,170,GG:0.262298;GB:0.327863;BG:0.327873;BB:0.081966,0.0,0.0,0.0,0.0,0.262298,0.327863,0.0,0.327873,0.081966,0,0.590161,0.409839,0,0.590171,0.409829,0.7901616000,inspect_p1,inspect,1,,,1,0.0,1.0,0,25.544929
4,171,GG:0.800006;GB:0.199994,0.0,0.0,0.0,0.0,0.800006,0.199994,0.0,0.0,0.0,0,1.0,0,0,0.800006,0.199994,0.3599952000,inspect_p2,inspect,2,,,1,0.0,1.0,0,16.999857
4,172,GG:0.640005;GB:0.159995;BG:0.160001;BB:0.039999,0.0,0.0,0.0,0.0,0.640005,0.159995,0.0,0.160001,0.039999,0,0.8,0.2,0,0.800006,0.199994,0.4879960000,inspect_p2,inspect,2,,,1,0.0,1.0,0,19.249858
4,173,GG:0.014023;GB:0.43821;BG:0.438216;BB:0.109551,0.0,0.0,0.0,0.0,0.014023,0.43821,0.0,0.438216,0.109551,0,0.452233,0.547767,0,0.452239,0.547761,0.9887816000,inspect_p2,inspect,2,,,1,0.0,1.0,0,29.682868
4,174,GG:5e-06;GB:0.444441;BG:0.444445;BB:0.111109,0.0,0.0,0.0,0.0,5e-06,0.444441,0.0,0.444445,0.111109,0,0.444446,0.555554,0,0.44445,0.55555,0.9999960000,inspect_p2,inspect,2,,,1,0.0,1.0,0,29.916525
4,175,GG:0.444452;BG:0.555548,0.0,0.0,0.0,0.0,0.444452,0.0,0.0,0.555548,0.0,0,0.444452,0.555548,0,1.0,0,0.6444384000,inspect_p1,inspect,1,,,1,0.0,1.0,0,15.722175
4,176,GG:0.262298;GB:0.327873;BG:0.327863;BB:0.081966,0.0,0.0,0.0,0.0,0.262298,0.327873,0.0,0.327863,0.081966,0,0.590171,0.409829,0,0.590161,0.409839,0.7901616000,inspect_p1,inspect,1,,,1,0.0,1.0,0,25.545104
4,177,GG:0.800006;BG:0.199994,0.0,0.0,0.0,0.0,0.800006,0.0,0.0,0.199994,0.0,0,0.800006,0.199994,0,1.0,0,0.3599952000,inspect_p1,inspect,1,,,1,0.0,1.0,0,13.499962
4,178,GG:0.640005;GB:0.160001;BG:0.159995;BB:0.039999,0.0,0.0,0.0,0.0,0.640005,0.160001,0.0,0.159995,0.039999,0,0.800006,0.199994,0,0.8,0.2,0.4879960000,inspect_p2,inspect,2,,,1,0.0,1.0,0,19.249964
4,179,GG:0.014023;GB:0.438216;BG:0.43821;BB:0.109551,0.0,0.0,0.0,0.0,0.014023,0.438216,0.0,0.43821,0.109551,0,0.452239,0.547761,0,0.452233,0.547767,0.9887816000,inspect_p2,inspect,2,,,1,0.0,1.0,0,29.682972
4,180,GG:5e-06;GB:0.444445;BG:0.444441;BB:0.111109,0.0,0.0,0.0,0.0,5e-06,0.444445,0.0,0.444441,0.111109,0,0.44445,0.55555,0,0.444446,0.555554,0.9999960000,inspect_p2,inspect,2,,,1,0.0,1.0,0,29.916591
4,181,GG:0.137935;GB:0.862065,0.0,0.0,0.0,0.0,0.137935,0.862065,0.0,0.0,0.0,0,1.0,0,0,0.137935,0.862065,0.8896520000,inspect_p2,inspect,2,,,1,0.0,1.0,0,32.724044
4,182,NG:0.800004;NB:0.199996,0.0,0.800004,0.199996,0.0,0.0,0.0,0.0,0.0,0.0,1.0,0,0,0,0.800004,0.199996,,buy_p1_notest,buy,1,,,4,0.0,1.0,0,23.2499
4,183,GG:0.066391;GB:0.414932;BG:0.414944;BB:0.103733,0.0,0.0,0.0,0.0,0.066391,0.414932,0.0,0.414944,0.103733,0,0.481323,0.518677,0,0.481335,0.518665,0.9468872000,inspect_p2,inspect,2,,,1,0.0,1.0,0,28.810025
4,184,GG:0.444454;GB:0.555546,0.0,0.0,0.0,0.0,0.444454,0.555546,0.0,0.0,0.0,0,1.0,0,0,0.444454,0.555546,0.6444368000,inspect_p2,inspect,2,,,1,0.0,1.0,0,25.444217
4,185,GG:0.262299;GB:0.327861;BG:0.327874;BB:0.081966,0.0,0.0,0.0,0.0,0.262299,0.327861,0.0,0.327874,0.081966,0,0.59016,0.40984,0,0.590173,0.409827,0.7901608000,inspect_p2,inspect,2,,,1,0.0,1.0,0,25.544889
4,186,GG:0.002836;GB:0.443182;BG:0.443188;BB:0.110794,0.0,0.0,0.0,0.0,0.002836,0.443182,0.0,0.443188,0.110794,0,0.446018,0.553982,0,0.446024,0.553976,0.9977312000,inspect_p2,inspect,2,,,1,0.0,1.0,0,29.869319
4,187,GG:1e-06;GB:0.444443;BG:0.444447;BB:0.111109,0.0,0.0,0.0,0.0,1e-06,0.444443,0.0,0.444447,0.111109,0,0.444444,0.555556,0,0.444448,0.555552,0.9999992000,inspect_p2,inspect,2,,,1,0.0,1.0,0,29.916579
4,188,GG:0.137935;BG:0.862065,0.0,0.0,0.0,0.0,0.137935,0.0,0.0,0.862065,0.0,0,0.137935,0.862065,0,1.0,0,0.8896520000,inspect_p1,inspect,1,,,1,0.0,1.0,0,17.637906
4,189,GN:0.800004;BN:0.199996,0.0,0.0,0.0,0.800004,0.0,0.0,0.199996,0.0,0.0,0,0.800004,0.199996,1.0,0,0,,buy_p2_notest,buy,2,,,18,0.0,1.0,0,37.24997
4,190,GG:0.066391;GB:0.414944;BG:0.414932;BB:0.103733,0.0,0.0,0.0,0.0,0.066391,0.414944,0.0,0.414932,0.103733,0,0.481335,0.518665,0,0.481323,0.518677,0.9468872000,inspect_p1,inspect,1,,,1,0.0,1.0,0,28.810235
4,191,GG:0.444454;BG:0.555546,0.0,0.0,0.0,0.0,0.444454,0.0,0.0,0.555546,0.0,0,0.444454,0.555546,0,1.0,0,0.6444368000,inspect_p1,inspect,1,,,1,0.0,1.0,0,15.722162
4,192,GG:0.262299;GB:0.327874;BG:0.327861;BB:0.081966,0.0,0.0,0.0,0.0,0.262299,0.327874,0.0,0.327861,0.081966,0,0.590173,0.409827,0,0.59016,0.40984,0.7901608000,inspect_p1,inspect,1,,,1,0.0,1.0,0,25.545116
4,193,GG:0.002836;GB:0.443188;BG:0.443182;BB:0.110794,0.0,0.0,0.0,0.0,0.002836,0.443188,0.0,0.443182,0.110794,0,0.446024,0.553976,0,0.446018,0.553982,0.9977312000,inspect_p2,inspect,2,,,1,0.0,1.0,0,29.869422
4,194,GG:1e-06;GB:0.444447;BG:0.444443;BB:0.111109,0.0,0.0,0.0,0.0,1e-06,0.444447,0.0,0.444443,0.111109,0,0.444448,0.555552,0,0.444444,0.555556,0.9999992000,inspect_p1,inspect,1,,,1,0.0,1.0,0,29.91665
4,195,GG:0.800004;GB:0.199996,0.0,0.0,0.0,0.0,0.800004,0.199996,0.0,0.0,0.0,0,1.0,0,0,0.800004,0.199996,0.3599968000,inspect_p2,inspect,2,,,1,0.0,1.0,0,16.999905
4,196,GG:0.640003;GB:0.159997;BG:0.160001;BB:0.039999,0.0,0.0,0.0,0.0,0.640003,0.159997,0.0,0.160001,0.039999,0,0.8,0.2,0,0.800004,0.199996,0.4879976000,inspect_p1,inspect,1,,,1,0.0,1.0,0,19.2499
4,197,GG:0.014023;GB:0.438206;BG:0.438219;BB:0.109552,0.0,0.0,0.0,0.0,0.014023,0.438206,0.0,0.438219,0.109552,0,0.452229,0.547771,0,0.452242,0.547758,0.9887816000,inspect_p1,inspect,1,,,1,0.0,1.0,0,29.682815
4,198,GG:0.137936;GB:0.862064,0.0,0.0,0.0,0.0,0.137936,0.862064,0.0,0.0,0.0,0,1.0,0,0,0.137936,0.862064,0.8896512000,inspect_p2,inspect,2,,,1,0.0,1.0,0,32.72402
4,199,GG:0.066391;GB:0.414929;BG:0.414947;BB:0.103733,0.0,0.0,0.0,0.0,0.066391,0.414929,0.0,0.414947,0.103733,0,0.48132,0.51868,0,0.481338,0.518662,0.9468872000,inspect_p2,inspect,2,,,1,0.0,1.0,0,28.80997
4,200,GG:0.000568;GB:0.44419;BG:0.444196;BB:0.111046,0.0,0.0,0.0,0.0,0.000568,0.44419,0.0,0.444196,0.111046,0,0.444758,0.555242,0,0.444764,0.555236,0.9995456000,inspect_p2,inspect,2,,,1,0.0,1.0,0,29.907118
4,201,GB:0.444443;BG:0.444448;BB:0.111109,0.0,0.0,0.0,0.0,0.0,0.444443,0.0,0.444448,0.111109,0,0.444443,0.555557,0,0.444448,0.555552,1.0000000000,inspect_p2,inspect,2,,,1,0.0,1.0,0,29.916584
4,202,GG:0.800004;BG:0.199996,0.0,0.0,0.0,0.0,0.800004,0.0,0.0,0.199996,0.0,0,0.800004,0.199996,0,1.0,0,0.3599968000,inspect_p1,inspect,1,,,1,0.0,1.0,0,13.499975
4,203,GG:0.640003;GB:0.160001;BG:0.159997;BB:0.039999,0.0,0.0,0.0,0.0,0.640003,0.160001,0.0,0.159997,0.039999,0,0.800004,0.199996,0,0.8,0.2,0.4879976000,inspect_p1,inspect,1,,,1,0.0,1.0,0,19.24997
4,204,GG:0.014023;GB:0.438219;BG:0.438206;BB:0.109552,0.0,0.0,0.0,0.0,0.014023,0.438219,0.0,0.438206,0.109552,0,0.452242,0.547758,0,0.452229,0.547771,0.9887816000,inspect_p2,inspect,2,,,1,0.0,1.0,0,29.683045
4,205,GG:0.137936;BG:0.862064,0.0,0.0,0.0,0.0,0.137936,0.0,0.0,0.862064,0.0,0,0.137936,0.862064,0,1.0,0,0.8896512000,inspect_p1,inspect,1,,,1,0.0,1.0,0,17.6379
4,206,GG:0.066391;GB:0.414947;BG:0.414929;BB:0.103733,0.0,0.0,0.0,0.0,0.066391,0.414947,0.0,0.414929,0.103733,0,0.481338,0.518662,0,0.48132,0.51868,0.9468872000,inspect_p1,inspect,1,,,1,0.0,1.0,0,28.810284
4,207,GG:0.000568;GB:0.444196;BG:0.44419;BB:0.111046,0.0,0.0,0.0,0.0,0.000568,0.444196,0.0,0.44419,0.111046,0,0.444764,0.555236,0,0.444758,0.555242,0.9995456000,inspect_p2,inspect,2,,,1,0.0,1.0,0,29.907221
4,208,GB:0.444448;BG:0.444443;BB:0.111109,0.0,0.0,0.0,0.0,0.0,0.444448,0.0,0.444443,0.111109,0,0.444448,0.555552,0,0.444443,0.555557,1.0000000000,inspect_p1,inspect,1,,,1,0.0,1.0,0,29.916671
4,209,GG:0.444451;GB:0.555549,0.0,0.0,0.0,0.0,0.444451,0.555549,0.0,0.0,0.0,0,1.0,0,0,0.444451,0.555549,0.6444392000,inspect_p2,inspect,2,,,1,0.0,1.0,0,25.444289
4,210,GG:0.262298;GB:0.327864;BG:0.327872;BB:0.081966,0.0,0.0,0.0,0.0,0.262298,0.327864,0.0,0.327872,0.081966,0,0.590162,0.409838,0,0.59017,0.40983,0.7901616000,inspect_p1,inspect,1,,,1,0.0,1.0,0,25.544945
4,211,GG:0.002836;GB:0.443178;BG:0.443191;BB:0.110795,0.0,0.0,0.0,0.0,0.002836,0.443178,0.0,0.443191,0.110795,0,0.446014,0.553986,0,0.446027,0.553973,0.9977312000,inspect_p1,inspect,1,,,1,0.0,1.0,0,29.869263
4,212,GG:0.014023;GB:0.438203;BG:0.438222;BB:0.109552,0.0,0.0,0.0,0.0,0.014023,0.438203,0.0,0.438222,0.109552,0,0.452226,0.547774,0,0.452245,0.547755,0.9887816000,inspect_p2,inspect,2,,,1,0.0,1.0,0,29.682768
4,213,GG:0.000114;GB:0.444392;BG:0.444398;BB:0.111096,0.0,0.0,0.0,0.0,0.000114,0.444392,0.0,0.444398,0.111096,0,0.444506,0.555494,0,0.444512,0.555488,0.9999088000,inspect_p2,inspect,2,,,1,0.0,1.0,0,29.914673
4,214,GG:0.444451;BG:0.555549,0.0,0.0,0.0,0.0,0.444451,0.0,0.0,0.555549,0.0,0,0.444451,0.555549,0,1.0,0,0.6444392000,inspect_p1,inspect,1,,,1,0.0,1.0,0,15.722181
4,215,GG:0.262298;GB:0.327872;BG:0.327864;BB:0.081966,0.0,0.0,0.0,0.0,0.262298,0.327872,0.0,0.327864,0.081966,0,0.59017,0.40983,0,0.590162,0.409838,0.7901616000,inspect_p2,inspect,2,,,1,0.0,1.0,0,25.545087
4,216,GG:0.002836;GB:0.443191;BG:0.443178;BB:0.110795,0.0,0.0,0.0,0.0,0.002836,0.443191,0.0,0.443178,0.110795,0,0.446027,0.553973,0,0.446014,0.553986,0.9977312000,inspect_p2,inspect,2,,,1,0.0,1.0,0,29.869495
4,217,GG:0.014023;GB:0.438222;BG:0.438203;BB:0.109552,0.0,0.0,0.0,0.0,0.014023,0.438222,0.0,0.438203,0.109552,0,0.452245,0.547755,0,0.452226,0.547774,0.9887816000,inspect_p1,inspect,1,,,1,0.0,1.0,0,29.683098
4,218,GG:0.000114;GB:0.444398;BG:0.444392;BB:0.111096,0.0,0.0,0.0,0.0,0.000114,0.444398,0.0,0.444392,0.111096,0,0.444512,0.555488,0,0.444506,0.555494,0.9999088000,inspect_p2,inspect,2,,,1,0.0,1.0,0,29.914784
4,219,GG:0.066391;GB:0.414933;BG:0.414943;BB:0.103733,0.0,0.0,0.0,0.0,0.066391,0.414933,0.0,0.414943,0.103733,0,0.481324,0.518676,0,0.481334,0.518666,0.9468872000,inspect_p1,inspect,1,,,1,0.0,1.0,0,28.810044
4,220,GG:0.000568;GB:0.444186;BG:0.444199;BB:0.111047,0.0,0.0,0.0,0.0,0.000568,0.444186,0.0,0.444199,0.111047,0,0.444754,0.555246,0,0.444767,0.555233,0.9995456000,inspect_p1,inspect,1,,,1,0.0,1.0,0,29.907069
4,221,GG:0.002836;GB:0.443175;BG:0.443194;BB:0.110795,0.0,0.0,0.0,0.0,0.002836,0.443175,0.0,0.443194,0.110795,0,0.446011,0.553989,0,0.44603,0.55397,0.9977312000,inspect_p1,inspect,1,,,1,0.0,1.0,0,29.869215
4,222,GG:2.3e-05;GB:0.444433;BG:0.444438;BB:0.111106,0.0,0.0,0.0,0.0,2.3e-05,0.444433,0.0,0.444438,0.111106,0,0.444456,0.555544,0,0.444461,0.555539,0.9999816000,inspect_p2,inspect,2,,,1,0.0,1.0,0,29.916196
4,223,GG:0.066391;GB:0.414943;BG:0.414933;BB:0.103733,0.0,0.0,0.0,0.0,0.066391,0.414943,0.0,0.414933,0.103733,0,0.481334,0.518666,0,0.481324,0.518676,0.9468872000,inspect_p2,inspect,2,,,1,0.0,1.0,0,28.810216
4,224,GG:0.000568;GB:0.444199;BG:0.444186;BB:0.111047,0.0,0.0,0.0,0.0,0.000568,0.444199,0.0,0.444186,0.111047,0,0.444767,0.555233,0,0.444754,0.555246,0.9995456000,inspect_p2,inspect,2,,,1,0.0,1.0,0,29.907296
4,225,GG:0.002836;GB:0.443194;BG:0.443175;BB:0.110795,0.0,0.0,0.0,0.0,0.002836,0.443194,0.0,0.443175,0.110795,0,0.44603,0.55397,0,0.446011,0.553989,0.9977312000,inspect_p2,inspect,2,,,1,0.0,1.0,0,29.86955
4,226,GG:2.3e-05;GB:0.444438;BG:0.444433;BB:0.111106,0.0,0.0,0.0,0.0,2.3e-05,0.444438,0.0,0.444433,0.111106,0,0.444461,0.555539,0,0.444456,0.555544,0.9999816000,inspect_p1,inspect,1,,,1,0.0,1.0,0,29.916288
4,227,GG:0.014023;GB:0.438207;BG:0.438218;BB:0.109552,0.0,0.0,0.0,0.0,0.014023,0.438207,0.0,0.438218,0.109552,0,0.45223,0.54777,0,0.452241,0.547759,0.9887816000,inspect_p1,inspect,1,,,1,0.0,1.0,0,29.682827
4,228,GG:0.000114;GB:0.444388;BG:0.444401;BB:0.111097,0.0,0.0,0.0,0.0,0.000114,0.444388,0.0,0.444401,0.111097,0,0.444502,0.555498,0,0.444515,0.555485,0.9999088000,inspect_p1,inspect,1,,,1,0.0,1.0,0,29.914632
4,229,GG:0.000568;GB:0.444183;BG:0.444202;BB:0.111047,0.0,0.0,0.0,0.0,0.000568,0.444183,0.0,0.444202,0.111047,0,0.444751,0.555249,0,0.44477,0.55523,0.9995456000,inspect_p2,inspect,2,,,1,0.0,1.0,0,29.90702
4,230,GG:5e-06;GB:0.444441;BG:0.444446;BB:0.111108,0.0,0.0,0.0,0.0,5e-06,0.444441,0.0,0.444446,0.111108,0,0.444446,0.555554,0,0.444451,0.555549,0.9999960000,inspect_p2,inspect,2,,,1,0.0,1.0,0,29.916497
4,231,GG:0.014023;GB:0.438218;BG:0.438207;BB:0.109552,0.0,0.0,0.0,0.0,0.014023,0.438218,0.0,0.438207,0.109552,0,0.452241,0.547759,0,0.45223,0.54777,0.9887816000,inspect_p1,inspect,1,,,1,0.0,1.0,0,29.683024
4,232,GG:0.000114;GB:0.444401;BG:0.444388;BB:0.111097,0.0,0.0,0.0,0.0,0.000114,0.444401,0.0,0.444388,0.111097,0,0.444515,0.555485,0,0.444502,0.555498,0.9999088000,inspect_p2,inspect,2,,,1,0.0,1.0,0,29.914859
4,233,GG:0.000568;GB:0.444202;BG:0.444183;BB:0.111047,0.0,0.0,0.0,0.0,0.000568,0.444202,0.0,0.444183,0.111047,0,0.44477,0.55523,0,0.444751,0.555249,0.9995456000,inspect_p2,inspect,2,,,1,0.0,1.0,0,29.907352
4,234,GG:5e-06;GB:0.444446;BG:0.444441;BB:0.111108,0.0,0.0,0.0,0.0,5e-06,0.444446,0.0,0.444441,0.111108,0,0.444451,0.555549,0,0.444446,0.555554,0.9999960000,inspect_p2,inspect,2,,,1,0.0,1.0,0,29.91659
4,235,GG:0.002836;GB:0.443179;BG:0.44319;BB:0.110795,0.0,0.0,0.0,0.0,0.002836,0.443179,0.0,0.44319,0.110795,0,0.446015,0.553985,0,0.446026,0.553974,0.9977312000,inspect_p1,inspect,1,,,1,0.0,1.0,0,29.869276
4,236,GG:2.3e-05;GB:0.444429;BG:0.444441;BB:0.111107,0.0,0.0,0.0,0.0,2.3e-05,0.444429,0.0,0.444441,0.111107,0,0.444452,0.555548,0,0.444464,0.555536,0.9999816000,inspect_p1,inspect,1,,,1,0.0,1.0,0,29.916148
4,237,GG:0.000114;GB:0.444385;BG:0.444404;BB:0.111097,0.0,0.0,0.0,0.0,0.000114,0.444385,0.0,0.444404,0.111097,0,0.444499,0.555501,0,0.444518,0.555482,0.9999088000,inspect_p2,inspect,2,,,1,0.0,1.0,0,29.914577
4,238,GG:1e-06;GB:0.444443;BG:0.444448;BB:0.111108,0.0,0.0,0.0,0.0,1e-06,0.444443,0.0,0.444448,0.111108,0,0.444444,0.555556,0,0.444449,0.555551,0.9999992000,inspect_p2,inspect,2,,,1,0.0,1.0,0,29.916559
4,239,GG:0.002836;GB:0.44319;BG:0.443179;BB:0.110795,0.0,0.0,0.0,0.0,0.002836,0.44319,0.0,0.443179,0.110795,0,0.446026,0.553974,0,0.446015,0.553985,0.9977312000,inspect_p2,inspect,2,,,1,0.0,1.0,0,29.869476
4,240,GG:2.3e-05;GB:0.444441;BG:0.444429;BB:0.111107,0.0,0.0,0.0,0.0,2.3e-05,0.444441,0.0,0.444429,0.111107,0,0.444464,0.555536,0,0.444452,0.555548,0.9999816000,inspect_p2,inspect,2,,,1,0.0,1.0,0,29.916363
4,241,GG:0.000114;GB:0.444404;BG:0.444385;BB:0.111097,0.0,0.0,0.0,0.0,0.000114,0.444404,0.0,0.444385,0.111097,0,0.444518,0.555482,0,0.444499,0.555501,0.9999088000,inspect_p2,inspect,2,,,1,0.0,1.0,0,29.914912
4,242,GG:1e-06;GB:0.444448;BG:0.444443;BB:0.111108,0.0,0.0,0.0,0.0,1e-06,0.444448,0.0,0.444443,0.111108,0,0.444449,0.555551,0,0.444444,0.555556,0.9999992000,inspect_p1,inspect,1,,,1,0.0,1.0,0,29.916648
4,243,GG:0.000568;GB:0.444187;BG:0.444198;BB:0.111047,0.0,0.0,0.0,0.0,0.000568,0.444187,0.0,0.444198,0.111047,0,0.444755,0.555245,0,0.444766,0.555234,0.9995456000,inspect_p1,inspect,1,,,1,0.0,1.0,0,29.907082
4,244,GG:5e-06;GB:0.444437;BG:0.444449;BB:0.111109,0.0,0.0,0.0,0.0,5e-06,0.444437,0.0,0.444449,0.111109,0,0.444442,0.555558,0,0.444454,0.555546,0.9999960000,inspect_p1,inspect,1,,,1,0.0,1.0,0,29.916453
4,245,GG:2.3e-05;GB:0.444426;BG:0.444444;BB:0.111107,0.0,0.0,0.0,0.0,2.3e-05,0.444426,0.0,0.444444,0.111107,0,0.444449,0.555551,0,0.444467,0.555533,0.9999816000,inspect_p1,inspect,1,,,1,0.0,1.0,0,29.916097
4,246,GB:0.444443;BG:0.444449;BB:0.111108,0.0,0.0,0.0,0.0,0.0,0.444443,0.0,0.444449,0.111108,0,0.444443,0.555557,0,0.444449,0.555551,1.0000000000,inspect_p2,inspect,2,,,1,0.0,1.0,0,29.916565
4,247,GG:0.000568;GB:0.444198;BG:0.444187;BB:0.111047,0.0,0.0,0.0,0.0,0.000568,0.444198,0.0,0.444187,0.111047,0,0.444766,0.555234,0,0.444755,0.555245,0.9995456000,inspect_p1,inspect,1,,,1,0.0,1.0,0,29.907277
4,248,GG:5e-06;GB:0.444449;BG:0.444437;BB:0.111109,0.0,0.0,0.0,0.0,5e-06,0.444449,0.0,0.444437,0.111109,0,0.444454,0.555546,0,0.444442,0.555558,0.9999960000,inspect_p2,inspect,2,,,1,0.0,1.0,0,29.916665
4,249,GG:2.3e-05;GB:0.444444;BG:0.444426;BB:0.111107,0.0,0.0,0.0,0.0,2.3e-05,0.444444,0.0,0.444426,0.111107,0,0.444467,0.555533,0,0.444449,0.555551,0.9999816000,inspect_p1,inspect,1,,,1,0.0,1.0,0,29.916416
4,250,GB:0.444449;BG:0.444443;BB:0.111108,0.0,0.0,0.0,0.0,0.0,0.444449,0.0,0.444443,0.111108,0,0.444449,0.555551,0,0.444443,0.555557,1.0000000000,inspect_p1,inspect,1,,,1,0.0,1.0,0,29.916669
4,251,GG:0.000114;GB:0.444389;BG:0.4444;BB:0.111097,0.0,0.0,0.0,0.0,0.000114,0.444389,0.0,0.4444,0.111097,0,0.444503,0.555497,0,0.444514,0.555486,0.9999088000,inspect_p2,inspect,2,,,1,0.0,1.0,0,29.914651
4,252,GG:1e-06;GB:0.444439;BG:0.444451;BB:0.111109,0.0,0.0,0.0,0.0,1e-06,0.444439,0.0,0.444451,0.111109,0,0.44444,0.55556,0,0.444452,0.555548,0.9999992000,inspect_p2,inspect,2,,,1,0.0,1.0,0,29.916516
4,253,GG:5e-06;GB:0.444434;BG:0.444452;BB:0.111109,0.0,0.0,0.0,0.0,5e-06,0.444434,0.0,0.444452,0.111109,0,0.444439,0.555561,0,0.444457,0.555543,0.9999960000,inspect_p2,inspect,2,,,1,0.0,1.0,0,29.916402
4,254,GG:0.000114;GB:0.4444;BG:0.444389;BB:0.111097,0.0,0.0,0.0,0.0,0.000114,0.4444,0.0,0.444389,0.111097,0,0.444514,0.555486,0,0.444503,0.555497,0.9999088000,inspect_p2,inspect,2,,,1,0.0,1.0,0,29.914841
4,255,GG:1e-06;GB:0.444451;BG:0.444439;BB:0.111109,0.0,0.0,0.0,0.0,1e-06,0.444451,0.0,0.444439,0.111109,0,0.444452,0.555548,0,0.44444,0.55556,0.9999992000,inspect_p2,inspect,2,,,1,0.0,1.0,0,29.916727
4,256,GG:5e-06;GB:0.444452;BG:0.444434;BB:0.111109,0.0,0.0,0.0,0.0,5e-06,0.444452,0.0,0.444434,0.111109,0,0.444457,0.555543,0,0.444439,0.555561,0.9999960000,inspect_p2,inspect,2,,,1,0.0,1.0,0,29.916717
4,257,GG:2.3e-05;GB:0.44443;BG:0.44444;BB:0.111107,0.0,0.0,0.0,0.0,2.3e-05,0.44443,0.0,0.44444,0.111107,0,0.444453,0.555547,0,0.444463,0.555537,0.9999816000,inspect_p2,inspect,2,,,1,0.0,1.0,0,29.916171
4,258,GB:0.444439;BG:0.444452;BB:0.111109,0.0,0.0,0.0,0.0,0.0,0.444439,0.0,0.444452,0.111109,0,0.444439,0.555561,0,0.444452,0.555548,1.0000000000,inspect_p1,inspect,1,,,1,0.0,1.0,0,29.916518
4,259,GG:1e-06;GB:0.444436;BG:0.444454;BB:0.111109,0.0,0.0,0.0,0.0,1e-06,0.444436,0.0,0.444454,0.111109,0,0.444437,0.555563,0,0.444455,0.555545,0.9999992000,inspect_p2,inspect,2,,,1,0.0,1.0,0,29.916463
4,260,GG:2.3e-05;GB:0.44444;BG:0.44443;BB:0.111107,0.0,0.0,0.0,0.0,2.3e-05,0.44444,0.0,0.44443,0.111107,0,0.444463,0.555537,0,0.444453,0.555547,0.9999816000,inspect_p1,inspect,1,,,1,0.0,1.0,0,29.916341
4,261,GB:0.444452;BG:0.444439;BB:0.111109,0.0,0.0,0.0,0.0,0.0,0.444452,0.0,0.444439,0.111109,0,0.444452,0.555548,0,0.444439,0.555561,1.0000000000,inspect_p2,inspect,2,,,1,0.0,1.0,0,29.916748
4,262,GG:1e-06;GB:0.444454;BG:0.444436;BB:0.111109,0.0,0.0,0.0,0.0,1e-06,0.444454,0.0,0.444436,0.111109,0,0.444455,0.555545,0,0.444437,0.555563,0.9999992000,inspect_p2,inspect,2,,,1,0.0,1.0,0,29.91678
4,263,GG:5e-06;GB:0.444438;BG:0.444448;BB:0.111109,0.0,0.0,0.0,0.0,5e-06,0.444438,0.0,0.444448,0.111109,0,0.444443,0.555557,0,0.444453,0.555547,0.9999960000,inspect_p2,inspect,2,,,1,0.0,1.0,0,29.916472
4,264,GB:0.444436;BG:0.444455;BB:0.111109,0.0,0.0,0.0,0.0,0.0,0.444436,0.0,0.444455,0.111109,0,0.444436,0.555564,0,0.444455,0.555545,1.0000000000,inspect_p1,inspect,1,,,1,0.0,1.0,0,29.916467
4,265,GG:5e-06;GB:0.444448;BG:0.444438;BB:0.111109,0.0,0.0,0.0,0.0,5e-06,0.444448,0.0,0.444438,0.111109,0,0.444453,0.555547,0,0.444443,0.555557,0.9999960000,inspect_p1,inspect,1,,,1,0.0,1.0,0,29.916646
4,266,GB:0.444455;BG:0.444436;BB:0.111109,0.0,0.0,0.0,0.0,0.0,0.444455,0.0,0.444436,0.111109,0,0.444455,0.555545,0,0.444436,0.555564,1.0000000000,inspect_p2,inspect,2,,,1,0.0,1.0,0,29.916801
4,267,GG:1e-06;GB:0.44444;BG:0.44445;BB:0.111109,0.0,0.0,0.0,0.0,1e-06,0.44444,0.0,0.44445,0.111109,0,0.444441,0.555559,0,0.444451,0.555549,0.9999992000,inspect_p2,inspect,2,,,1,0.0,1.0,0,29.916535
4,268,NG:0.800007;NB:0.199993,0.0,0.800007,0.199993,0.0,0.0,0.0,0.0,0.0,0.0,1.0,0,0,0,0.800007,0.199993,,buy_p1_test,buy,1,,,6.25,0.0,1.0,0,23.249834
4,269,GG:1e-06;GB:0.44445;BG:0.44444;BB:0.111109,0.0,0.0,0.0,0.0,1e-06,0.44445,0.0,0.44444,0.111109,0,0.444451,0.555549,0,0.444441,0.555559,0.9999992000,inspect_p2,inspect,2,,,1,0.0,1.0,0,29.916708
4,270,GN:0.800007;BN:0.199993,0.0,0.0,0.0,0.800007,0.0,0.0,0.199993,0.0,0.0,0,0.800007,0.199993,1.0,0,0,,buy_p2_test,buy,2,,,23.75,0.0,1.0,0,37.249956
4,271,GB:0.44444;BG:0.444451;BB:0.111109,0.0,0.0,0.0,0.0,0.0,0.44444,0.0,0.444451,0.111109,0,0.44444,0.55556,0,0.444451,0.555549,1.0000000000,inspect_p2,inspect,2,,,1,0.0,1.0,0,29.91654
4,272,GG:0.800007;GB:0.199993,0.0,0.0,0.0,0.0,0.800007,0.199993,0.0,0.0,0.0,0,1.0,0,0,0.800007,0.199993,0.3599944000,inspect_p2,inspect,2,,,1,0.0,1.0,0,16.999834
4,273,GG:0.640006;GB:0.159994;BG:0.160001;BB:0.039999,0.0,0.0,0.0,0.0,0.640006,0.159994,0.0,0.160001,0.039999,0,0.8,0.2,0,0.800007,0.199993,0.4879952000,inspect_p2,inspect,2,,,1,0.0,1.0,0,19.249836
4,274,GB:0.444451;BG:0.44444;BB:0.111109,0.0,0.0,0.0,0.0,0.0,0.444451,0.0,0.44444,0.111109,0,0.444451,0.555549,0,0.44444,0.55556,1.0000000000,inspect_p2,inspect,2,,,1,0.0,1.0,0,29.916733
4,275,GG:0.800007;BG:0.199993,0.0,0.0,0.0,0.0,0.800007,0.0,0.0,0.199993,0.0,0,0.800007,0.199993,0,1.0,0,0.3599944000,inspect_p1,inspect,1,,,1,0.0,1.0,0,13.499956
4,276,GG:0.640006;GB:0.160001;BG:0.159994;BB:0.039999,0.0,0.0,0.0,0.0,0.640006,0.160001,0.0,0.159994,0.039999,0,0.800007,0.199993,0,0.8,0.2,0.4879952000,inspect_p2,inspect,2,,,1,0.0,1.0,0,19.249959
4,277,GG:0.444455;GB:0.555545,0.0,0.0,0.0,0.0,0.444455,0.555545,0.0,0.0,0.0,0,1.0,0,0,0.444455,0.555545,0.6444360000,inspect_p2,inspect,2,,,1,0.0,1.0,0,25.444194
4,278,GG:0.2623;GB:0.32786;BG:0.327874;BB:0.081966,0.0,0.0,0.0,0.0,0.2623,0.32786,0.0,0.327874,0.081966,0,0.59016,0.40984,0,0.590174,0.409826,0.7901600000,inspect_p1,inspect,1,,,1,0.0,1.0,0,25.544863
4,279,GG:0.444455;BG:0.555545,0.0,0.0,0.0,0.0,0.444455,0.0,0.0,0.555545,0.0,0,0.444455,0.555545,0,1.0,0,0.6444360000,inspect_p1,inspect,1,,,1,0.0,1.0,0,15.722156
4,280,GG:0.2623;GB:0.327874;BG:0.32786;BB:0.081966,0.0,0.0,0.0,0.0,0.2623,0.327874,0.0,0.32786,0.081966,0,0.590174,0.409826,0,0.59016,0.40984,0.7901600000,inspect_p2,inspect,2,,,1,0.0,1.0,0,25.545111
4,281,GG:0.444456;GB:0.555544,0.0,0.0,0.0,0.0,0.444456,0.555544,0.0,0.0,0.0,0,1.0,0,0,0.444456,0.555544,0.6444352000,inspect_p2,inspect,2,,,1,0.0,1.0,0,25.44417
4,282,GG:0.066392;GB:0.414929;BG:0.414946;BB:0.103733,0.0,0.0,0.0,0.0,0.066392,0.414929,0.0,0.414946,0.103733,0,0.481321,0.518679,0,0.481338,0.518662,0.9468864000,inspect_p2,inspect,2,,,1,0.0,1.0,0,28.809964
4,283,GG:0.444456;BG:0.555544,0.0,0.0,0.0,0.0,0.444456,0.0,0.0,0.555544,0.0,0,0.444456,0.555544,0,1.0,0,0.6444352000,inspect_p1,inspect,1,,,1,0.0,1.0,0,15.72215
4,284,GG:0.066392;GB:0.414946;BG:0.414929;BB:0.103733,0.0,0.0,0.0,0.0,0.066392,0.414946,0.0,0.414929,0.103733,0,0.481338,0.518662,0,0.481321,0.518679,0.9468864000,inspect_p1,inspect,1,,,1,0.0,1.0,0,28.810261
4,285,GG:0.137937;GB:0.862063,0.0,0.0,0.0,0.0,0.137937,0.862063,0.0,0.0,0.0,0,1.0,0,0,0.137937,0.862063,0.8896504000,inspect_p2,inspect,2,,,1,0.0,1.0,0,32.723996
4,286,GG:0.014023;GB:0.438204;BG:0.438221;BB:0.109552,0.0,0.0,0.0,0.0,0.014023,0.438204,0.0,0.438221,0.109552,0,0.452227,0.547773,0,0.452244,0.547756,0.9887816000,inspect_p1,inspect,1,,,1,0.0,1.0,0,29.68278
4,287,GG:0.137937;BG:0.862063,0.0,0.0,0.0,0.0,0.137937,0.0,0.0,0.862063,0.0,0,0.137937,0.862063,0,1.0,0,0.8896504000,inspect_p1,inspect,1,,,1,0.0,1.0,0,17.637894
4,288,GG:0.014023;GB:0.438221;BG:0.438204;BB:0.109552,0.0,0.0,0.0,0.0,0.014023,0.438221,0.0,0.438204,0.109552,0,0.452244,0.547756,0,0.452227,0.547773,0.9887816000,inspect_p1,inspect,1,,,1,0.0,1.0,0,29.683071
4,289,GG:0.002836;GB:0.443176;BG:0.443193;BB:0.110795,0.0,0.0,0.0,0.0,0.002836,0.443176,0.0,0.443193,0.110795,0,0.446012,0.553988,0,0.446029,0.553971,0.9977312000,inspect_p1,inspect,1,,,1,0.0,1.0,0,29.869228
4,290,GG:0.002836;GB:0.443193;BG:0.443176;BB:0.110795,0.0,0.0,0.0,0.0,0.002836,0.443193,0.0,0.443176,0.110795,0,0.446029,0.553971,0,0.446012,0.553988,0.9977312000,inspect_p1,inspect,1,,,1,0.0,1.0,0,29.869529
4,291,GG:0.000568;GB:0.444184;BG:0.444201;BB:0.111047,0.0,0.0,0.0,0.0,0.000568,0.444184,0.0,0.444201,0.111047,0,0.444752,0.555248,0,0.444769,0.555231,0.9995456000,inspect_p2,inspect,2,,,1,0.0,1.0,0,29.907032
4,292,GG:0.000568;GB:0.444201;BG:0.444184;BB:0.111047,0.0,0.0,0.0,0.0,0.000568,0.444201,0.0,0.444184,0.111047,0,0.444769,0.555231,0,0.444752,0.555248,0.9995456000,inspect_p1,inspect,1,,,1,0.0,1.0,0,29.907326
4,293,GG:0.000114;GB:0.444386;BG:0.444403;BB:0.111097,0.0,0.0,0.0,0.0,0.000114,0.444386,0.0,0.444403,0.111097,0,0.4445,0.5555,0,0.444517,0.555483,0.9999088000,inspect_p2,inspect,2,,,1,0.0,1.0,0,29.914596
4,294,GG:0.000114;GB:0.444403;BG:0.444386;BB:0.111097,0.0,0.0,0.0,0.0,0.000114,0.444403,0.0,0.444386,0.111097,0,0.444517,0.555483,0,0.4445,0.5555,0.9999088000,inspect_p2,inspect,2,,,1,0.0,1.0,0,29.914896
4,295,GG:2.3e-05;GB:0.444427;BG:0.444443;BB:0.111107,0.0,0.0,0.0,0.0,2.3e-05,0.444427,0.0,0.444443,0.111107,0,0.44445,0.55555,0,0.444466,0.555534,0.9999816000,inspect_p2,inspect,2,,,1,0.0,1.0,0,29.916118
4,296,GG:2.3e-05;GB:0.444443;BG:0.444427;BB:0.111107,0.0,0.0,0.0,0.0,2.3e-05,0.444443,0.0,0.444427,0.111107,0,0.444466,0.555534,0,0.44445,0.55555,0.9999816000,inspect_p1,inspect,1,,,1,0.0,1.0,0,29.916393
4,297,GG:5e-06;GB:0.444435;BG:0.444451;BB:0.111109,0.0,0.0,0.0,0.0,5e-06,0.444435,0.0,0.444451,0.111109,0,0.44444,0.55556,0,0.444456,0.555544,0.9999960000,inspect_p2,inspect,2,,,1,0.0,1.0,0,29.916419
4,298,GG:5e-06;GB:0.444451;BG:0.444435;BB:0.111109,0.0,0.0,0.0,0.0,5e-06,0.444451,0.0,0.444435,0.111109,0,0.444456,0.555544,0,0.44444,0.55556,0.9999960000,inspect_p1,inspect,1,,,1,0.0,1.0,0,29.916698
4,299,GG:1e-06;GB:0.444437;BG:0.444453;BB:0.111109,0.0,0.0,0.0,0.0,1e-06,0.444437,0.0,0.444453,0.111109,0,0.444438,0.555562,0,0.444454,0.555546,0.9999992000,inspect_p2,inspect,2,,,1,0.0,1.0,0,29.916482
4,300,GG:1e-06;GB:0.444453;BG:0.444437;BB:0.111109,0.0,0.0,0.0,0.0,1e-06,0.444453,0.0,0.444437,0.111109,0,0.444454,0.555546,0,0.444438,0.555562,0.9999992000,inspect_p2,inspect,2,,,1,0.0,1.0,0,29.916761
4,301,GB:0.444437;BG:0.444454;BB:0.111109,0.0,0.0,0.0,0.0,0.0,0.444437,0.0,0.444454,0.111109,0,0.444437,0.555563,0,0.444454,0.555546,1.0000000000,inspect_p2,inspect,2,,,1,0.0,1.0,0,29.916487
4,302,GB:0.444454;BG:0.444437;BB:0.111109,0.0,0.0,0.0,0.0,0.0,0.444454,0.0,0.444437,0.111109,0,0.444454,0.555546,0,0.444437,0.555563,1.0000000000,inspect_p2,inspect,2,,,1,0.0,1.0,0,29.916785
5,0,NN:1,1.0,0.0,0.0,0.0,0.0,0.0,0.0,0.0,0.0,1.0,0,0,1.0,0,0,,buy_p2_test,buy,2,,,23.75,0.0,1.0,0,40.55
5,1,GN:1,0.0,0.0,0.0,1.0,0.0,0.0,0.0,0.0,0.0,0,1.0,0,1.0,0,0,,buy_p2_test,buy,2,,,23.75,0.0,1.0,0,32.083333
5,2,GN:0.9;BN:0.1,0.0,0.0,0.0,0.9,0.0,0.0,0.1,0.0,0.0,0,0.9,0.1,1.0,0,0,,buy_p2_test,buy,2,,,23.75,0.0,1.0,0,36.55
5,3,NG:1,0.0,1.0,0.0,0.0,0.0,0.0,0.0,0.0,0.0,1.0,0,0,0,1.0,0,,buy_p1_notest,buy,1,,,4,0.0,1.0,0,16.8
5,4,NG:0.8;NB:0.2,0.0,0.8,0.2,0.0,0.0,0.0,0.0,0.0,0.0,1.0,0,0,0,0.8,0.2,,buy_p1_notest,buy,1,,,4,0.0,1.0,0,22.55
5,5,GG:1,0.0,0.0,0.0,0.0,1.0,0.0,0.0,0.0,0.0,0,1.0,0,0,1.0,0,0.1000000000,assemble_notest_disassemble,assemble,,0,1,7.5,0.9,0.1,0,8.333333
5,6,GG:0.8;GB:0.2,0.0,0.0,0.0,0.0,0.8,0.2,0.0,0.0,0.0,0,1.0,0,0,0.8,0.2,0.2800000000,inspect_p2,inspect,2,,,1,0.0,1.0,0,14.083333
5,7,GG:0.9;BG:0.1,0.0,0.0,0.0,0.0,0.9,0.0,0.0,0.1,0.0,0,0.9,0.1,0,1.0,0,0.1900000000,assemble_notest_disassemble,assemble,,0,1,8.85,0.81,0.19,0,12.8
5,8,GG:0.72;GB:0.18;BG:0.08;BB:0.02,0.0,0.0,0.0,0.0,0.72,0.18,0.0,0.08,0.02,0,0.9,0.1,0,0.8,0.2,0.3520000000,inspect_p2,inspect,2,,,1,0.0,1.0,0,18.55
5,9,GG:0.285714;GB:0.714286,0.0,0.0,0.0,0.0,0.285714,0.714286,0.0,0.0,0.0,0,1.0,0,0,0.285714,0.714286,0.7428574000,inspect_p2,inspect,2,,,1,0.0,1.0,0,26.297626
5,10,GG:0.473684;BG:0.526316,0.0,0.0,0.0,0.0,0.473684,0.0,0.0,0.526316,0.0,0,0.473684,0.526316,0,1.0,0,0.5736844000,inspect_p1,inspect,1,,,8,0.0,1.0,0,20.789476
5,11,GG:0.204545;GB:0.511364;BG:0.227273;BB:0.056818,0.0,0.0,0.0,0.0,0.204545,0.511364,0.0,0.227273,0.056818,0,0.715909,0.284091,0,0.431818,0.568182,0.8159095000,inspect_p2,inspect,2,,,1,0.0,1.0,0,30.744326
5,12,GG:0.038461;GB:0.961539,0.0,0.0,0.0,0.0,0.038461,0.961539,0.0,0.0,0.0,0,1.0,0,0,0.038461,0.961539,0.9653851000,inspect_p2,inspect,2,,,1,0.0,1.0,0,32.169885
5,13,GG:0.082569;BG:0.917431,0.0,0.0,0.0,0.0,0.082569,0.0,0.0,0.917431,0.0,0,0.082569,0.917431,0,1.0,0,0.9256879000,inspect_p1,inspect,1,,,8,0.0,1.0,0,24.100916
5,14,NG:0.800001;NB:0.199999,0.0,0.800001,0.199999,0.0,0.0,0.0,0.0,0.0,0.0,1.0,0,0,0,0.800001,0.199999,,inspect_p2,inspect,2,,,1,0.0,1.0,0,22.549977
5,15,GG:0.473683;BG:0.526317,0.0,0.0,0.0,0.0,0.473683,0.0,0.0,0.526317,0.0,0,0.473683,0.526317,0,1.0,0,0.5736853000,inspect_p1,inspect,1,,,8,0.0,1.0,0,20.789484
5,16,GG:0.02507;GB:0.62674;BG:0.278552;BB:0.069638,0.0,0.0,0.0,0.0,0.02507,0.62674,0.0,0.278552,0.069638,0,0.65181,0.34819,0,0.303622,0.696378,0.9774370000,inspect_p2,inspect,2,,,1,0.0,1.0,0,33.770182
5,17,GG:0.003984;GB:0.996016,0.0,0.0,0.0,0.0,0.003984,0.996016,0.0,0.0,0.0,0,1.0,0,0,0.003984,0.996016,0.9964144000,inspect_p2,inspect,2,,,1,0.0,1.0,0,32.988713
5,18,GG:0.00892;BG:0.99108,0.0,0.0,0.0,0.0,0.00892,0.0,0.0,0.99108,0.0,0,0.00892,0.99108,0,1.0,0,0.9919720000,inspect_p1,inspect,1,,,8,0.0,1.0,0,24.724478
5,19,GG:0.800001;GB:0.199999,0.0,0.0,0.0,0.0,0.800001,0.199999,0.0,0.0,0.0,0,1.0,0,0,0.800001,0.199999,0.2799991000,inspect_p2,inspect,2,,,1,0.0,1.0,0,14.08331
5,20,GG:0.720001;GB:0.179999;BG:0.08;BB:0.02,0.0,0.0,0.0,0.0,0.720001,0.179999,0.0,0.08,0.02,0,0.9,0.1,0,0.800001,0.199999,0.3519991000,inspect_p2,inspect,2,,,1,0.0,1.0,0,18.549983
5,21,GG:0.082568;BG:0.917432,0.0,0.0,0.0,0.0,0.082568,0.0,0.0,0.917432,0.0,0,0.082568,0.917432,0,1.0,0,0.9256888000,inspect_p1,inspect,1,,,8,0.0,1.0,0,24.100925
5,22,GG:0.038462;GB:0.961538,0.0,0.0,0.0,0.0,0.038462,0.961538,0.0,0.0,0.0,0,1.0,0,0,0.038462,0.961538,0.9653842000,inspect_p2,inspect,2,,,1,0.0,1.0,0,32.169861
5,23,GG:0.08257;BG:0.91743,0.0,0.0,0.0,0.0,0.08257,0.0,0.0,0.91743,0.0,0,0.08257,0.91743,0,1.0,0,0.9256870000,inspect_p1,inspect,1,,,8,0.0,1.0,0,24.100908
5,24,GG:0.002565;GB:0.641207;BG:0.284982;BB:0.071246,0.0,0.0,0.0,0.0,0.002565,0.641207,0.0,0.284982,0.071246,0,0.643772,0.356228,0,0.287547,0.712453,0.9976915000,inspect_p2,inspect,2,,,1,0.0,1.0,0,34.149628
5,25,GG:0.0004;GB:0.9996,0.0,0.0,0.0,0.0,0.0004,0.9996,0.0,0.0,0.0,0,1.0,0,0,0.0004,0.9996,0.9996400000,inspect_p2,inspect,2,,,1,0.0,1.0,0,33.073833
5,26,GG:0.000899;BG:0.999101,0.0,0.0,0.0,0.0,0.000899,0.0,0.0,0.999101,0.0,0,0.000899,0.999101,0,1.0,0,0.9991909000,inspect_p1,inspect,1,,,8,0.0,1.0,0,24.792389
5,27,GG:0.285716;GB:0.714284,0.0,0.0,0.0,0.0,0.285716,0.714284,0.0,0.0,0.0,0,1.0,0,0,0.285716,0.714284,0.7428556000,inspect_p2,inspect,2,,,1,0.0,1.0,0,26.297578
5,28,GN:0.899999;BN:0.100001,0.0,0.0,0.0,0.899999,0.0,0.0,0.100001,0.0,0.0,0,0.899999,0.100001,1.0,0,0,,buy_p2_notest,buy,2,,,18,0.0,1.0,0,36.55003
5,29,GG:0.204546;GB:0.511363;BG:0.227273;BB:0.056818,0.0,0.0,0.0,0.0,0.204546,0.511363,0.0,0.227273,0.056818,0,0.715909,0.284091,0,0.431819,0.568181,0.8159086000,inspect_p2,inspect,2,,,1,0.0,1.0,0,30.744303
5,30,NG:0.799999;NB:0.200001,0.0,0.799999,0.200001,0.0,0.0,0.0,0.0,0.0,0.0,1.0,0,0,0,0.799999,0.200001,,buy_p1_notest,buy,1,,,4,0.0,1.0,0,22.550024
5,31,GG:0.000257;GB:0.642691;BG:0.285641;BB:0.071411,0.0,0.0,0.0,0.0,0.000257,0.642691,0.0,0.285641,0.071411,0,0.642948,0.357052,0,0.285898,0.714102,0.9997687000,inspect_p2,inspect,2,,,1,0.0,1.0,0,34.188544
5,32,GG:4e-05;GB:0.99996,0.0,0.0,0.0,0.0,4e-05,0.99996,0.0,0.0,0.0,0,1.0,0,0,4e-05,0.99996,0.9999640000,inspect_p2,inspect,2,,,1,0.0,1.0,0,33.082383
5,33,GG:9e-05;BG:0.99991,0.0,0.0,0.0,0.0,9e-05,0.0,0.0,0.99991,0.0,0,9e-05,0.99991,0,1.0,0,0.9999190000,inspect_p1,inspect,1,,,8,0.0,1.0,0,24.799238
5,34,GG:0.899999;BG:0.100001,0.0,0.0,0.0,0.0,0.899999,0.0,0.0,0.100001,0.0,0,0.899999,0.100001,0,1.0,0,0.1900009000,assemble_notest_disassemble,assemble,,0,1,8.850013,0.8099991,0.1900009,0,12.800037
5,35,GG:0.719999;GB:0.18;BG:0.080001;BB:0.02,0.0,0.0,0.0,0.0,0.719999,0.18,0.0,0.080001,0.02,0,0.899999,0.100001,0,0.8,0.2,0.3520009000,inspect_p2,inspect,2,,,1,0.0,1.0,0,18.55003
5,36,GG:0.285715;GB:0.714285,0.0,0.0,0.0,0.0,0.285715,0.714285,0.0,0.0,0.0,0,1.0,0,0,0.285715,0.714285,0.7428565000,inspect_p2,inspect,2,,,1,0.0,1.0,0,26.297602
5,37,GG:0.473685;BG:0.526315,0.0,0.0,0.0,0.0,0.473685,0.0,0.0,0.526315,0.0,0,0.473685,0.526315,0,1.0,0,0.5736835000,inspect_p1,inspect,1,,,8,0.0,1.0,0,20.789467
5,38,GG:0.799999;GB:0.200001,0.0,0.0,0.0,0.0,0.799999,0.200001,0.0,0.0,0.0,0,1.0,0,0,0.799999,0.200001,0.2800009000,inspect_p2,inspect,2,,,1,0.0,1.0,0,14.083357
5,39,GG:0.719999;GB:0.180001;BG:0.08;BB:0.02,0.0,0.0,0.0,0.0,0.719999,0.180001,0.0,0.08,0.02,0,0.9,0.1,0,0.799999,0.200001,0.3520009000,inspect_p2,inspect,2,,,1,0.0,1.0,0,18.550024
5,40,NG:0.799998;NB:0.200002,0.0,0.799998,0.200002,0.0,0.0,0.0,0.0,0.0,0.0,1.0,0,0,0,0.799998,0.200002,,buy_p1_notest,buy,1,,,4,0.0,1.0,0,22.55004
5,41,GG:2.6e-05;GB:0.642839;BG:0.285707;BB:0.071428,0.0,0.0,0.0,0.0,2.6e-05,0.642839,0.0,0.285707,0.071428,0,0.642865,0.357135,0,0.285733,0.714267,0.9999766000,inspect_p2,inspect,2,,,1,0.0,1.0,0,34.192459
5,42,GG:4e-06;GB:0.999996,0.0,0.0,0.0,0.0,4e-06,0.999996,0.0,0.0,0.0,0,1.0,0,0,4e-06,0.999996,0.9999964000,inspect_p2,inspect,2,,,1,0.0,1.0,0,33.083238
5,43,GG:9e-06;BG:0.999991,0.0,0.0,0.0,0.0,9e-06,0.0,0.0,0.999991,0.0,0,9e-06,0.999991,0,1.0,0,0.9999919000,inspect_p1,inspect,1,,,8,0.0,1.0,0,24.799924
5,44,GG:0.473681;BG:0.526319,0.0,0.0,0.0,0.0,0.473681,0.0,0.0,0.526319,0.0,0,0.473681,0.526319,0,1.0,0,0.5736871000,inspect_p1,inspect,1,,,8,0.0,1.0,0,20.789501
5,45,NG:0.800002;NB:0.199998,0.0,0.800002,0.199998,0.0,0.0,0.0,0.0,0.0,0.0,1.0,0,0,0,0.800002,0.199998,,inspect_p2,inspect,2,,,1,0.0,1.0,0,22.549953
5,46,GG:0.204545;GB:0.511362;BG:0.227275;BB:0.056818,0.0,0.0,0.0,0.0,0.204545,0.511362,0.0,0.227275,0.056818,0,0.715907,0.284093,0,0.43182,0.56818,0.8159095000,inspect_p2,inspect,2,,,1,0.0,1.0,0,30.744302
5,47,GG:0.285713;GB:0.714287,0.0,0.0,0.0,0.0,0.285713,0.714287,0.0,0.0,0.0,0,1.0,0,0,0.285713,0.714287,0.7428583000,inspect_p2,inspect,2,,,1,0.0,1.0,0,26.29765
5,48,GG:0.204545;GB:0.511365;BG:0.227272;BB:0.056818,0.0,0.0,0.0,0.0,0.204545,0.511365,0.0,0.227272,0.056818,0,0.71591,0.28409,0,0.431817,0.568183,0.8159095000,inspect_p2,inspect,2,,,1,0.0,1.0,0,30.744317
5,49,GG:0.799998;GB:0.200002,0.0,0.0,0.0,0.0,0.799998,0.200002,0.0,0.0,0.0,0,1.0,0,0,0.799998,0.200002,0.2800018000,inspect_p2,inspect,2,,,1,0.0,1.0,0,14.083381
5,50,GG:0.719998;GB:0.180002;BG:0.08;BB:0.02,0.0,0.0,0.0,0.0,0.719998,0.180002,0.0,0.08,0.02,0,0.9,0.1,0,0.799998,0.200002,0.3520018000,inspect_p2,inspect,2,,,1,0.0,1.0,0,18.55004
5,51,NG:0.799997;NB:0.200003,0.0,0.799997,0.200003,0.0,0.0,0.0,0.0,0.0,0.0,1.0,0,0,0,0.799997,0.200003,,buy_p1_notest,buy,1,,,4,0.0,1.0,0,22.550064
5,52,GG:9.1e-05;BG:0.999909,0.0,0.0,0.0,0.0,9.1e-05,0.0,0.0,0.999909,0.0,0,9.1e-05,0.999909,0,1.0,0,0.9999181000,inspect_p1,inspect,1,,,8,0.0,1.0,0,24.79923
5,53,GN:0.899998;BN:0.100002,0.0,0.0,0.0,0.899998,0.0,0.0,0.100002,0.0,0.0,0,0.899998,0.100002,1.0,0,0,,buy_p2_notest,buy,2,,,18,0.0,1.0,0,36.550058
5,54,GG:3e-06;GB:0.642853;BG:0.285714;BB:0.07143,0.0,0.0,0.0,0.0,3e-06,0.642853,0.0,0.285714,0.07143,0,0.642856,0.357144,0,0.285717,0.714283,0.9999973000,inspect_p2,inspect,2,,,1,0.0,1.0,0,34.192843
5,55,GB:1,0.0,0.0,0.0,0.0,0.0,1.0,0.0,0.0,0.0,0,1.0,0,0,0,1.0,1.0000000000,inspect_p2,inspect,2,,,1,0.0,1.0,0,33.083333
5,56,GG:1e-06;BG:0.999999,0.0,0.0,0.0,0.0,1e-06,0.0,0.0,0.999999,0.0,0,1e-06,0.999999,0,1.0,0,0.9999991000,inspect_p1,inspect,1,,,8,0.0,1.0,0,24.799992
5,57,GG:0.800002;GB:0.199998,0.0,0.0,0.0,0.0,0.800002,0.199998,0.0,0.0,0.0,0,1.0,0,0,0.800002,0.199998,0.2799982000,inspect_p2,inspect,2,,,1,0.0,1.0,0,14.083286
5,58,GG:0.720002;GB:0.179998;BG:0.08;BB:0.02,0.0,0.0,0.0,0.0,0.720002,0.179998,0.0,0.08,0.02,0,0.9,0.1,0,0.800002,0.199998,0.3519982000,inspect_p2,inspect,2,,,1,0.0,1.0,0,18.549959
5,59,GG:0.02507;GB:0.626738;BG:0.278554;BB:0.069638,0.0,0.0,0.0,0.0,0.02507,0.626738,0.0,0.278554,0.069638,0,0.651808,0.348192,0,0.303624,0.696376,0.9774370000,inspect_p2,inspect,2,,,1,0.0,1.0,0,33.77018
5,60,GN:0.900001;BN:0.099999,0.0,0.0,0.0,0.900001,0.0,0.0,0.099999,0.0,0.0,0,0.900001,0.099999,1.0,0,0,,buy_p2_test,buy,2,,,23.75,0.0,1.0,0,36.549963
5,61,GG:0.02507;GB:0.626741;BG:0.278551;BB:0.069638,0.0,0.0,0.0,0.0,0.02507,0.626741,0.0,0.278551,0.069638,0,0.651811,0.348189,0,0.303621,0.696379,0.9774370000,inspect_p2,inspect,2,,,1,0.0,1.0,0,33.770194
5,62,GG:0.285712;GB:0.714288,0.0,0.0,0.0,0.0,0.285712,0.714288,0.0,0.0,0.0,0,1.0,0,0,0.285712,0.714288,0.7428592000,inspect_p2,inspect,2,,,1,0.0,1.0,0,26.297673
5,63,GG:0.204544;GB:0.511366;BG:0.227272;BB:0.056818,0.0,0.0,0.0,0.0,0.204544,0.511366,0.0,0.227272,0.056818,0,0.71591,0.28409,0,0.431816,0.568184,0.8159104000,inspect_p2,inspect,2,,,1,0.0,1.0,0,30.744336
5,64,GG:0.799997;GB:0.200003,0.0,0.0,0.0,0.0,0.799997,0.200003,0.0,0.0,0.0,0,1.0,0,0,0.799997,0.200003,0.2800027000,inspect_p2,inspect,2,,,1,0.0,1.0,0,14.083405
5,65,GG:0.719997;GB:0.180003;BG:0.08;BB:0.02,0.0,0.0,0.0,0.0,0.719997,0.180003,0.0,0.08,0.02,0,0.9,0.1,0,0.799997,0.200003,0.3520027000,inspect_p2,inspect,2,,,1,0.0,1.0,0,18.550064
5,66,GG:0.899998;BG:0.100002,0.0,0.0,0.0,0.0,0.899998,0.0,0.0,0.100002,0.0,0,0.899998,0.100002,0,1.0,0,0.1900018000,assemble_notest_disassemble,assemble,,0,1,8.850027,0.8099982,0.1900018,0,12.800073
5,67,GG:0.719998;GB:0.18;BG:0.080002;BB:0.02,0.0,0.0,0.0,0.0,0.719998,0.18,0.0,0.080002,0.02,0,0.899998,0.100002,0,0.8,0.2,0.3520018000,inspect_p2,inspect,2,,,1,0.0,1.0,0,18.550058
5,68,GG:5e-06;GB:0.999995,0.0,0.0,0.0,0.0,5e-06,0.999995,0.0,0.0,0.0,0,1.0,0,0,5e-06,0.999995,0.9999955000,inspect_p2,inspect,2,,,1,0.0,1.0,0,33.083215
5,69,GG:1e-05;BG:0.99999,0.0,0.0,0.0,0.0,1e-05,0.0,0.0,0.99999,0.0,0,1e-05,0.99999,0,1.0,0,0.9999910000,inspect_p1,inspect,1,,,8,0.0,1.0,0,24.799916
5,70,GB:0.642855;BG:0.285715;BB:0.07143,0.0,0.0,0.0,0.0,0.0,0.642855,0.0,0.285715,0.07143,0,0.642855,0.357145,0,0.285715,0.714285,1.0000000000,inspect_p2,inspect,2,,,1,0.0,1.0,0,34.192891
5,71,BG:1,0.0,0.0,0.0,0.0,0.0,0.0,0.0,1.0,0.0,0,0,1.0,0,1.0,0,1.0000000000,inspect_p1,inspect,1,,,8,0.0,1.0,0,24.8
5,72,GG:0.285717;GB:0.714283,0.0,0.0,0.0,0.0,0.285717,0.714283,0.0,0.0,0.0,0,1.0,0,0,0.285717,0.714283,0.7428547000,inspect_p2,inspect,2,,,1,0.0,1.0,0,26.297555
5,73,GG:0.204547;GB:0.511361;BG:0.227274;BB:0.056818,0.0,0.0,0.0,0.0,0.204547,0.511361,0.0,0.227274,0.056818,0,0.715908,0.284092,0,0.431821,0.568179,0.8159077000,inspect_p2,inspect,2,,,1,0.0,1.0,0,30.744271
5,74,GG:0.002565;GB:0.641205;BG:0.284984;BB:0.071246,0.0,0.0,0.0,0.0,0.002565,0.641205,0.0,0.284984,0.071246,0,0.64377,0.35623,0,0.287549,0.712451,0.9976915000,inspect_p2,inspect,2,,,1,0.0,1.0,0,34.149604
5,75,GG:0.900001;BG:0.099999,0.0,0.0,0.0,0.0,0.900001,0.0,0.0,0.099999,0.0,0,0.900001,0.099999,0,1.0,0,0.1899991000,assemble_notest_disassemble,assemble,,0,1,8.849986,0.8100009,0.1899991,0,12.799963
5,76,GG:0.720001;GB:0.18;BG:0.079999;BB:0.02,0.0,0.0,0.0,0.0,0.720001,0.18,0.0,0.079999,0.02,0,0.900001,0.099999,0,0.8,0.2,0.3519991000,inspect_p2,inspect,2,,,1,0.0,1.0,0,18.549971
5,77,GG:0.002565;GB:0.641208;BG:0.284981;BB:0.071246,0.0,0.0,0.0,0.0,0.002565,0.641208,0.0,0.284981,0.071246,0,0.643773,0.356227,0,0.287546,0.712454,0.9976915000,inspect_p2,inspect,2,,,1,0.0,1.0,0,34.14964
5,78,GG:0.025069;GB:0.626743;BG:0.27855;BB:0.069638,0.0,0.0,0.0,0.0,0.025069,0.626743,0.0,0.27855,0.069638,0,0.651812,0.348188,0,0.303619,0.696381,0.9774379000,inspect_p2,inspect,2,,,1,0.0,1.0,0,33.770227
5,79,GG:0.28571;GB:0.71429,0.0,0.0,0.0,0.0,0.28571,0.71429,0.0,0.0,0.0,0,1.0,0,0,0.28571,0.71429,0.7428610000,inspect_p2,inspect,2,,,1,0.0,1.0,0,26.297721
5,80,GG:0.204543;GB:0.511368;BG:0.227271;BB:0.056818,0.0,0.0,0.0,0.0,0.204543,0.511368,0.0,0.227271,0.056818,0,0.715911,0.284089,0,0.431814,0.568186,0.8159113000,inspect_p2,inspect,2,,,1,0.0,1.0,0,30.744368
5,81,GG:0.473679;BG:0.526321,0.0,0.0,0.0,0.0,0.473679,0.0,0.0,0.526321,0.0,0,0.473679,0.526321,0,1.0,0,0.5736889000,inspect_p1,inspect,1,,,8,0.0,1.0,0,20.789518
5,82,NG:0.800004;NB:0.199996,0.0,0.800004,0.199996,0.0,0.0,0.0,0.0,0.0,0.0,1.0,0,0,0,0.800004,0.199996,,inspect_p2,inspect,2,,,1,0.0,1.0,0,22.549905
5,83,GG:0.204544;GB:0.511361;BG:0.227277;BB:0.056818,0.0,0.0,0.0,0.0,0.204544,0.511361,0.0,0.227277,0.056818,0,0.715905,0.284095,0,0.431821,0.568179,0.8159104000,inspect_p2,inspect,2,,,1,0.0,1.0,0,30.744297
5,84,GG:1e-06;GB:0.999999,0.0,0.0,0.0,0.0,1e-06,0.999999,0.0,0.0,0.0,0,1.0,0,0,1e-06,0.999999,0.9999991000,inspect_p2,inspect,2,,,1,0.0,1.0,0,33.08331
5,85,GG:0.000257;GB:0.642689;BG:0.285643;BB:0.071411,0.0,0.0,0.0,0.0,0.000257,0.642689,0.0,0.285643,0.071411,0,0.642946,0.357054,0,0.2859,0.7141,0.9997687000,inspect_p2,inspect,2,,,1,0.0,1.0,0,34.18852
5,86,GG:0.473687;BG:0.526313,0.0,0.0,0.0,0.0,0.473687,0.0,0.0,0.526313,0.0,0,0.473687,0.526313,0,1.0,0,0.5736817000,inspect_p1,inspect,1,,,8,0.0,1.0,0,20.78945
5,87,GG:0.204546;GB:0.511366;BG:0.22727;BB:0.056818,0.0,0.0,0.0,0.0,0.204546,0.511366,0.0,0.22727,0.056818,0,0.715912,0.284088,0,0.431816,0.568184,0.8159086000,inspect_p2,inspect,2,,,1,0.0,1.0,0,30.744318
5,88,GG:0.000257;GB:0.642692;BG:0.28564;BB:0.071411,0.0,0.0,0.0,0.0,0.000257,0.642692,0.0,0.28564,0.071411,0,0.642949,0.357051,0,0.285897,0.714103,0.9997687000,inspect_p2,inspect,2,,,1,0.0,1.0,0,34.188556
5,89,GG:0.03846;GB:0.96154,0.0,0.0,0.0,0.0,0.03846,0.96154,0.0,0.0,0.0,0,1.0,0,0,0.03846,0.96154,0.9653860000,inspect_p2,inspect,2,,,1,0.0,1.0,0,32.169908
5,90,GG:0.082567;BG:0.917433,0.0,0.0,0.0,0.0,0.082567,0.0,0.0,0.917433,0.0,0,0.082567,0.917433,0,1.0,0,0.9256897000,inspect_p1,inspect,1,,,8,0.0,1.0,0,24.100933
5,91,GG:0.002565;GB:0.64121;BG:0.28498;BB:0.071245,0.0,0.0,0.0,0.0,0.002565,0.64121,0.0,0.28498,0.071245,0,0.643775,0.356225,0,0.287545,0.712455,0.9976915000,inspect_p2,inspect,2,,,1,0.0,1.0,0,34.149604
5,92,GG:0.025069;GB:0.626745;BG:0.278549;BB:0.069637,0.0,0.0,0.0,0.0,0.025069,0.626745,0.0,0.278549,0.069637,0,0.651814,0.348186,0,0.303618,0.696382,0.9774379000,inspect_p2,inspect,2,,,1,0.0,1.0,0,33.770175
5,93,GG:0.800004;GB:0.199996,0.0,0.0,0.0,0.0,0.800004,0.199996,0.0,0.0,0.0,0,1.0,0,0,0.800004,0.199996,0.2799964000,inspect_p2,inspect,2,,,1,0.0,1.0,0,14.083238
5,94,GG:0.720004;GB:0.179996;BG:0.08;BB:0.02,0.0,0.0,0.0,0.0,0.720004,0.179996,0.0,0.08,0.02,0,0.9,0.1,0,0.800004,0.199996,0.3519964000,inspect_p2,inspect,2,,,1,0.0,1.0,0,18.549917
5,95,GG:0.473678;BG:0.526322,0.0,0.0,0.0,0.0,0.473678,0.0,0.0,0.526322,0.0,0,0.473678,0.526322,0,1.0,0,0.5736898000,inspect_p1,inspect,1,,,8,0.0,1.0,0,20.789526
5,96,GG:0.025069;GB:0.626737;BG:0.278556;BB:0.069638,0.0,0.0,0.0,0.0,0.025069,0.626737,0.0,0.278556,0.069638,0,0.651806,0.348194,0,0.303625,0.696375,0.9774379000,inspect_p2,inspect,2,,,1,0.0,1.0,0,33.770176
5,97,GG:2.6e-05;GB:0.642837;BG:0.285709;BB:0.071428,0.0,0.0,0.0,0.0,2.6e-05,0.642837,0.0,0.285709,0.071428,0,0.642863,0.357137,0,0.285735,0.714265,0.9999766000,inspect_p2,inspect,2,,,1,0.0,1.0,0,34.192435
5,98,GG:0.473688;BG:0.526312,0.0,0.0,0.0,0.0,0.473688,0.0,0.0,0.526312,0.0,0,0.473688,0.526312,0,1.0,0,0.5736808000,inspect_p1,inspect,1,,,8,0.0,1.0,0,20.789442
5,99,GG:0.02507;GB:0.626744;BG:0.278548;BB:0.069638,0.0,0.0,0.0,0.0,0.02507,0.626744,0.0,0.278548,0.069638,0,0.651814,0.348186,0,0.303618,0.696382,0.9774370000,inspect_p2,inspect,2,,,1,0.0,1.0,0,33.770229
5,100,GG:2.6e-05;GB:0.64284;BG:0.285706;BB:0.071428,0.0,0.0,0.0,0.0,2.6e-05,0.64284,0.0,0.285706,0.071428,0,0.642866,0.357134,0,0.285732,0.714268,0.9999766000,inspect_p2,inspect,2,,,1,0.0,1.0,0,34.192471
5,101,GG:0.000257;GB:0.642694;BG:0.285639;BB:0.07141,0.0,0.0,0.0,0.0,0.000257,0.642694,0.0,0.285639,0.07141,0,0.642951,0.357049,0,0.285896,0.714104,0.9997687000,inspect_p2,inspect,2,,,1,0.0,1.0,0,34.18852
5,102,GN:0.900002;BN:0.099998,0.0,0.0,0.0,0.900002,0.0,0.0,0.099998,0.0,0.0,0,0.900002,0.099998,1.0,0,0,,buy_p2_notest,buy,2,,,18,0.0,1.0,0,36.549911
5,103,GG:0.002565;GB:0.641212;BG:0.284979;BB:0.071244,0.0,0.0,0.0,0.0,0.002565,0.641212,0.0,0.284979,0.071244,0,0.643777,0.356223,0,0.287544,0.712456,0.9976915000,inspect_p2,inspect,2,,,1,0.0,1.0,0,34.149579
5,104,GG:0.285719;GB:0.714281,0.0,0.0,0.0,0.0,0.285719,0.714281,0.0,0.0,0.0,0,1.0,0,0,0.285719,0.714281,0.7428529000,inspect_p2,inspect,2,,,1,0.0,1.0,0,26.297507
5,105,GG:0.204549;GB:0.511357;BG:0.227275;BB:0.056819,0.0,0.0,0.0,0.0,0.204549,0.511357,0.0,0.227275,0.056819,0,0.715906,0.284094,0,0.431824,0.568176,0.8159059000,inspect_p2,inspect,2,,,1,0.0,1.0,0,30.744253
5,106,GG:0.082566;BG:0.917434,0.0,0.0,0.0,0.0,0.082566,0.0,0.0,0.917434,0.0,0,0.082566,0.917434,0,1.0,0,0.9256906000,inspect_p1,inspect,1,,,8,0.0,1.0,0,24.100942
5,107,GG:0.002565;GB:0.641204;BG:0.284986;BB:0.071245,0.0,0.0,0.0,0.0,0.002565,0.641204,0.0,0.284986,0.071245,0,0.643769,0.356231,0,0.287551,0.712449,0.9976915000,inspect_p2,inspect,2,,,1,0.0,1.0,0,34.14956
5,108,GG:3e-06;GB:0.642851;BG:0.285716;BB:0.07143,0.0,0.0,0.0,0.0,3e-06,0.642851,0.0,0.285716,0.07143,0,0.642854,0.357146,0,0.285719,0.714281,0.9999973000,inspect_p2,inspect,2,,,1,0.0,1.0,0,34.192846
5,109,GG:0.082571;BG:0.917429,0.0,0.0,0.0,0.0,0.082571,0.0,0.0,0.917429,0.0,0,0.082571,0.917429,0,1.0,0,0.9256861000,inspect_p1,inspect,1,,,8,0.0,1.0,0,24.100899
5,110,GG:0.002565;GB:0.641211;BG:0.284978;BB:0.071246,0.0,0.0,0.0,0.0,0.002565,0.641211,0.0,0.284978,0.071246,0,0.643776,0.356224,0,0.287543,0.712457,0.9976915000,inspect_p2,inspect,2,,,1,0.0,1.0,0,34.149654
5,111,GG:3e-06;GB:0.642854;BG:0.285713;BB:0.07143,0.0,0.0,0.0,0.0,3e-06,0.642854,0.0,0.285713,0.07143,0,0.642857,0.357143,0,0.285716,0.714284,0.9999973000,inspect_p2,inspect,2,,,1,0.0,1.0,0,34.192855
5,112,GG:2.6e-05;GB:0.642842;BG:0.285705;BB:0.071427,0.0,0.0,0.0,0.0,2.6e-05,0.642842,0.0,0.285705,0.071427,0,0.642868,0.357132,0,0.285731,0.714269,0.9999766000,inspect_p2,inspect,2,,,1,0.0,1.0,0,34.192441
5,113,GG:0.900002;BG:0.099998,0.0,0.0,0.0,0.0,0.900002,0.0,0.0,0.099998,0.0,0,0.900002,0.099998,0,1.0,0,0.1899982000,assemble_notest_disassemble,assemble,,0,1,8.849973,0.8100018,0.1899982,0,12.799926
5,114,GG:0.720002;GB:0.18;BG:0.079998;BB:0.02,0.0,0.0,0.0,0.0,0.720002,0.18,0.0,0.079998,0.02,0,0.900002,0.099998,0,0.8,0.2,0.3519982000,inspect_p2,inspect,2,,,1,0.0,1.0,0,18.549911
5,115,GG:0.000257;GB:0.642696;BG:0.285638;BB:0.071409,0.0,0.0,0.0,0.0,0.000257,0.642696,0.0,0.285638,0.071409,0,0.642953,0.357047,0,0.285895,0.714105,0.9997687000,inspect_p2,inspect,2,,,1,0.0,1.0,0,34.188495
5,116,GG:0.28572;GB:0.71428,0.0,0.0,0.0,0.0,0.28572,0.71428,0.0,0.0,0.0,0,1.0,0,0,0.28572,0.71428,0.7428520000,inspect_p2,inspect,2,,,1,0.0,1.0,0,26.297483
5,117,GG:0.473686;BG:0.526314,0.0,0.0,0.0,0.0,0.473686,0.0,0.0,0.526314,0.0,0,0.473686,0.526314,0,1.0,0,0.5736826000,inspect_p1,inspect,1,,,8,0.0,1.0,0,20.789459
5,118,GG:0.02507;GB:0.626736;BG:0.278555;BB:0.069639,0.0,0.0,0.0,0.0,0.02507,0.626736,0.0,0.278555,0.069639,0,0.651806,0.348194,0,0.303625,0.696375,0.9774370000,inspect_p2,inspect,2,,,1,0.0,1.0,0,33.770188
5,119,GG:0.008919;BG:0.991081,0.0,0.0,0.0,0.0,0.008919,0.0,0.0,0.991081,0.0,0,0.008919,0.991081,0,1.0,0,0.9919729000,inspect_p1,inspect,1,,,8,0.0,1.0,0,24.724486
5,120,NG:0.800003;NB:0.199997,0.0,0.800003,0.199997,0.0,0.0,0.0,0.0,0.0,0.0,1.0,0,0,0,0.800003,0.199997,,inspect_p2,inspect,2,,,1,0.0,1.0,0,22.549929
5,121,GG:0.000257;GB:0.642688;BG:0.285645;BB:0.07141,0.0,0.0,0.0,0.0,0.000257,0.642688,0.0,0.285645,0.07141,0,0.642945,0.357055,0,0.285902,0.714098,0.9997687000,inspect_p2,inspect,2,,,1,0.0,1.0,0,34.188476
5,122,GN:0.899997;BN:0.100003,0.0,0.0,0.0,0.899997,0.0,0.0,0.100003,0.0,0.0,0,0.899997,0.100003,1.0,0,0,,buy_p2_notest,buy,2,,,18,0.0,1.0,0,36.550095
5,123,GB:0.642853;BG:0.285717;BB:0.07143,0.0,0.0,0.0,0.0,0.0,0.642853,0.0,0.285717,0.07143,0,0.642853,0.357147,0,0.285717,0.714283,1.0000000000,inspect_p2,inspect,2,,,1,0.0,1.0,0,34.192867
5,124,GG:0.000257;GB:0.642695;BG:0.285637;BB:0.071411,0.0,0.0,0.0,0.0,0.000257,0.642695,0.0,0.285637,0.071411,0,0.642952,0.357048,0,0.285894,0.714106,0.9997687000,inspect_p2,inspect,2,,,1,0.0,1.0,0,34.188591
5,125,NG:0.799996;NB:0.200004,0.0,0.799996,0.200004,0.0,0.0,0.0,0.0,0.0,0.0,1.0,0,0,0,0.799996,0.200004,,inspect_p2,inspect,2,,,1,0.0,1.0,0,22.550095
5,126,GB:0.642856;BG:0.285714;BB:0.07143,0.0,0.0,0.0,0.0,0.0,0.642856,0.0,0.285714,0.07143,0,0.642856,0.357144,0,0.285714,0.714286,1.0000000000,inspect_p2,inspect,2,,,1,0.0,1.0,0,34.192902
5,127,GG:3e-06;GB:0.642856;BG:0.285712;BB:0.071429,0.0,0.0,0.0,0.0,3e-06,0.642856,0.0,0.285712,0.071429,0,0.642859,0.357141,0,0.285715,0.714285,0.9999973000,inspect_p2,inspect,2,,,1,0.0,1.0,0,34.192846
5,128,GG:0.47369;BG:0.52631,0.0,0.0,0.0,0.0,0.47369,0.0,0.0,0.52631,0.0,0,0.47369,0.52631,0,1.0,0,0.5736790000,inspect_p1,inspect,1,,,8,0.0,1.0,0,20.789425
5,129,GG:0.900003;BG:0.099997,0.0,0.0,0.0,0.0,0.900003,0.0,0.0,0.099997,0.0,0,0.900003,0.099997,0,1.0,0,0.1899973000,assemble_notest_disassemble,assemble,,0,1,8.84996,0.8100027,0.1899973,0,12.799889
5,130,GG:0.204547;GB:0.511367;BG:0.227268;BB:0.056818,0.0,0.0,0.0,0.0,0.204547,0.511367,0.0,0.227268,0.056818,0,0.715914,0.284086,0,0.431815,0.568185,0.8159077000,inspect_p2,inspect,2,,,1,0.0,1.0,0,30.744323
5,131,GG:2.6e-05;GB:0.642844;BG:0.285704;BB:0.071426,0.0,0.0,0.0,0.0,2.6e-05,0.642844,0.0,0.285704,0.071426,0,0.64287,0.35713,0,0.28573,0.71427,0.9999766000,inspect_p2,inspect,2,,,1,0.0,1.0,0,34.192426
5,132,GG:0.038463;GB:0.961537,0.0,0.0,0.0,0.0,0.038463,0.961537,0.0,0.0,0.0,0,1.0,0,0,0.038463,0.961537,0.9653833000,inspect_p2,inspect,2,,,1,0.0,1.0,0,32.169837
5,133,GG:0.002565;GB:0.641203;BG:0.284985;BB:0.071247,0.0,0.0,0.0,0.0,0.002565,0.641203,0.0,0.284985,0.071247,0,0.643768,0.356232,0,0.28755,0.71245,0.9976915000,inspect_p2,inspect,2,,,1,0.0,1.0,0,34.149639
5,134,GG:0.800003;GB:0.199997,0.0,0.0,0.0,0.0,0.800003,0.199997,0.0,0.0,0.0,0,1.0,0,0,0.800003,0.199997,0.2799973000,inspect_p2,inspect,2,,,1,0.0,1.0,0,14.083262
5,135,GG:0.720003;GB:0.179997;BG:0.08;BB:0.02,0.0,0.0,0.0,0.0,0.720003,0.179997,0.0,0.08,0.02,0,0.9,0.1,0,0.800003,0.199997,0.3519973000,inspect_p2,inspect,2,,,1,0.0,1.0,0,18.549941
5,136,GG:2.6e-05;GB:0.642836;BG:0.285711;BB:0.071427,0.0,0.0,0.0,0.0,2.6e-05,0.642836,0.0,0.285711,0.071427,0,0.642862,0.357138,0,0.285737,0.714263,0.9999766000,inspect_p2,inspect,2,,,1,0.0,1.0,0,34.192392
5,137,GG:0.899997;BG:0.100003,0.0,0.0,0.0,0.0,0.899997,0.0,0.0,0.100003,0.0,0,0.899997,0.100003,0,1.0,0,0.1900027000,assemble_notest_disassemble,assemble,,0,1,8.85004,0.8099973,0.1900027,0,12.80011
5,138,GG:0.719998;GB:0.179999;BG:0.080002;BB:0.020001,0.0,0.0,0.0,0.0,0.719998,0.179999,0.0,0.080002,0.020001,0,0.899997,0.100003,0,0.8,0.2,0.3520018000,inspect_p2,inspect,2,,,1,0.0,1.0,0,18.550095
5,139,GG:2.6e-05;GB:0.642843;BG:0.285703;BB:0.071428,0.0,0.0,0.0,0.0,2.6e-05,0.642843,0.0,0.285703,0.071428,0,0.642869,0.357131,0,0.285729,0.714271,0.9999766000,inspect_p2,inspect,2,,,1,0.0,1.0,0,34.192486
5,140,GG:0.799996;GB:0.200004,0.0,0.0,0.0,0.0,0.799996,0.200004,0.0,0.0,0.0,0,1.0,0,0,0.799996,0.200004,0.2800036000,inspect_p2,inspect,2,,,1,0.0,1.0,0,14.083428
5,141,GG:0.719996;GB:0.180004;BG:0.08;BB:0.02,0.0,0.0,0.0,0.0,0.719996,0.180004,0.0,0.08,0.02,0,0.9,0.1,0,0.799996,0.200004,0.3520036000,inspect_p2,inspect,2,,,1,0.0,1.0,0,18.550107
5,142,GB:0.642858;BG:0.285713;BB:0.071429,0.0,0.0,0.0,0.0,0.0,0.642858,0.0,0.285713,0.071429,0,0.642858,0.357142,0,0.285713,0.714287,1.0000000000,inspect_p2,inspect,2,,,1,0.0,1.0,0,34.192873
5,143,GG:0.473693;BG:0.526307,0.0,0.0,0.0,0.0,0.473693,0.0,0.0,0.526307,0.0,0,0.473693,0.526307,0,1.0,0,0.5736763000,inspect_p1,inspect,1,,,8,0.0,1.0,0,20.789399
5,144,GG:0.473691;BG:0.526309,0.0,0.0,0.0,0.0,0.473691,0.0,0.0,0.526309,0.0,0,0.473691,0.526309,0,1.0,0,0.5736781000,inspect_p1,inspect,1,,,8,0.0,1.0,0,20.789416
5,145,GG:0.02507;GB:0.626746;BG:0.278546;BB:0.069638,0.0,0.0,0.0,0.0,0.02507,0.626746,0.0,0.278546,0.069638,0,0.651816,0.348184,0,0.303616,0.696384,0.9774370000,inspect_p2,inspect,2,,,1,0.0,1.0,0,33.770228
5,146,GG:3e-06;GB:0.642858;BG:0.285711;BB:0.071428,0.0,0.0,0.0,0.0,3e-06,0.642858,0.0,0.285711,0.071428,0,0.642861,0.357139,0,0.285714,0.714286,0.9999973000,inspect_p2,inspect,2,,,1,0.0,1.0,0,34.192808
5,147,GG:0.000257;GB:0.642687;BG:0.285644;BB:0.071412,0.0,0.0,0.0,0.0,0.000257,0.642687,0.0,0.285644,0.071412,0,0.642944,0.357056,0,0.285901,0.714099,0.9997687000,inspect_p2,inspect,2,,,1,0.0,1.0,0,34.188555
5,148,GG:0.285718;GB:0.714282,0.0,0.0,0.0,0.0,0.285718,0.714282,0.0,0.0,0.0,0,1.0,0,0,0.285718,0.714282,0.7428538000,inspect_p2,inspect,2,,,1,0.0,1.0,0,26.297531
5,149,GG:0.204548;GB:0.511359;BG:0.227274;BB:0.056819,0.0,0.0,0.0,0.0,0.204548,0.511359,0.0,0.227274,0.056819,0,0.715907,0.284093,0,0.431822,0.568178,0.8159068000,inspect_p2,inspect,2,,,1,0.0,1.0,0,30.744285
5,150,GG:3e-06;GB:0.64285;BG:0.285718;BB:0.071429,0.0,0.0,0.0,0.0,3e-06,0.64285,0.0,0.285718,0.071429,0,0.642853,0.357147,0,0.285721,0.714279,0.9999973000,inspect_p2,inspect,2,,,1,0.0,1.0,0,34.192796
5,151,GG:0.473676;BG:0.526324,0.0,0.0,0.0,0.0,0.473676,0.0,0.0,0.526324,0.0,0,0.473676,0.526324,0,1.0,0,0.5736916000,inspect_p1,inspect,1,,,8,0.0,1.0,0,20.789543
5,152,GN:0.899995;BN:0.100005,0.0,0.0,0.0,0.899995,0.0,0.0,0.100005,0.0,0.0,0,0.899995,0.100005,1.0,0,0,,buy_p2_test,buy,2,,,23.75,0.0,1.0,0,36.550184
5,153,GG:0.204544;GB:0.511358;BG:0.227277;BB:0.056821,0.0,0.0,0.0,0.0,0.204544,0.511358,0.0,0.227277,0.056821,0,0.715902,0.284098,0,0.431821,0.568179,0.8159104000,inspect_p2,inspect,2,,,1,0.0,1.0,0,30.744401
5,154,NG:0.799995;NB:0.200005,0.0,0.799995,0.200005,0.0,0.0,0.0,0.0,0.0,0.0,1.0,0,0,0,0.799995,0.200005,,inspect_p2,inspect,2,,,1,0.0,1.0,0,22.550119
5,155,GG:3e-06;GB:0.642857;BG:0.28571;BB:0.07143,0.0,0.0,0.0,0.0,3e-06,0.642857,0.0,0.28571,0.07143,0,0.64286,0.35714,0,0.285713,0.714287,0.9999973000,inspect_p2,inspect,2,,,1,0.0,1.0,0,34.192887
5,156,GG:0.285709;GB:0.714291,0.0,0.0,0.0,0.0,0.285709,0.714291,0.0,0.0,0.0,0,1.0,0,0,0.285709,0.714291,0.7428619000,inspect_p2,inspect,2,,,1,0.0,1.0,0,26.297745
5,157,GG:0.204542;GB:0.51137;BG:0.22727;BB:0.056818,0.0,0.0,0.0,0.0,0.204542,0.51137,0.0,0.22727,0.056818,0,0.715912,0.284088,0,0.431812,0.568188,0.8159122000,inspect_p2,inspect,2,,,1,0.0,1.0,0,30.744399
5,158,GG:0.002565;GB:0.641213;BG:0.284976;BB:0.071246,0.0,0.0,0.0,0.0,0.002565,0.641213,0.0,0.284976,0.071246,0,0.643778,0.356222,0,0.287541,0.712459,0.9976915000,inspect_p2,inspect,2,,,1,0.0,1.0,0,34.149678
5,159,GG:1.1e-05;BG:0.999989,0.0,0.0,0.0,0.0,1.1e-05,0.0,0.0,0.999989,0.0,0,1.1e-05,0.999989,0,1.0,0,0.9999901000,inspect_p1,inspect,1,,,8,0.0,1.0,0,24.799907
5,160,GB:0.64286;BG:0.285712;BB:0.071428,0.0,0.0,0.0,0.0,0.0,0.64286,0.0,0.285712,0.071428,0,0.64286,0.35714,0,0.285712,0.714288,1.0000000000,inspect_p2,inspect,2,,,1,0.0,1.0,0,34.192858
5,161,GG:2.6e-05;GB:0.642835;BG:0.28571;BB:0.071429,0.0,0.0,0.0,0.0,2.6e-05,0.642835,0.0,0.28571,0.071429,0,0.642861,0.357139,0,0.285736,0.714264,0.9999766000,inspect_p2,inspect,2,,,1,0.0,1.0,0,34.192487
5,162,GG:0.02507;GB:0.626737;BG:0.278554;BB:0.069639,0.0,0.0,0.0,0.0,0.02507,0.626737,0.0,0.278554,0.069639,0,0.651807,0.348193,0,0.303624,0.696376,0.9774370000,inspect_p2,inspect,2,,,1,0.0,1.0,0,33.7702
5,163,GB:0.642852;BG:0.285719;BB:0.071429,0.0,0.0,0.0,0.0,0.0,0.642852,0.0,0.285719,0.071429,0,0.642852,0.357148,0,0.285719,0.714281,1.0000000000,inspect_p2,inspect,2,,,1,0.0,1.0,0,34.192823
5,164,GG:0.899995;BG:0.100005,0.0,0.0,0.0,0.0,0.899995,0.0,0.0,0.100005,0.0,0,0.899995,0.100005,0,1.0,0,0.1900045000,assemble_notest_disassemble,assemble,,0,1,8.850067,0.8099955,0.1900045,0,12.800184
5,165,GG:0.719996;GB:0.179999;BG:0.080004;BB:0.020001,0.0,0.0,0.0,0.0,0.719996,0.179999,0.0,0.080004,0.020001,0,0.899995,0.100005,0,0.8,0.2,0.3520036000,inspect_p2,inspect,2,,,1,0.0,1.0,0,18.550184
5,166,GG:0.025069;GB:0.626734;BG:0.278556;BB:0.069641,0.0,0.0,0.0,0.0,0.025069,0.626734,0.0,0.278556,0.069641,0,0.651803,0.348197,0,0.303625,0.696375,0.9774379000,inspect_p2,inspect,2,,,1,0.0,1.0,0,33.770283
5,167,GG:0.799995;GB:0.200005,0.0,0.0,0.0,0.0,0.799995,0.200005,0.0,0.0,0.0,0,1.0,0,0,0.799995,0.200005,0.2800045000,inspect_p2,inspect,2,,,1,0.0,1.0,0,14.083452
5,168,GG:0.719995;GB:0.180004;BG:0.08;BB:0.020001,0.0,0.0,0.0,0.0,0.719995,0.180004,0.0,0.08,0.020001,0,0.899999,0.100001,0,0.799995,0.200005,0.3520045000,inspect_p2,inspect,2,,,1,0.0,1.0,0,18.55016
5,169,NG:0.799994;NB:0.200006,0.0,0.799994,0.200006,0.0,0.0,0.0,0.0,0.0,0.0,1.0,0,0,0,0.799994,0.200006,,buy_p1_notest,buy,1,,,4,0.0,1.0,0,22.550125
5,170,GB:0.642859;BG:0.285711;BB:0.07143,0.0,0.0,0.0,0.0,0.0,0.642859,0.0,0.285711,0.07143,0,0.642859,0.357141,0,0.285711,0.714289,1.0000000000,inspect_p2,inspect,2,,,1,0.0,1.0,0,34.192938
5,171,GG:0.285708;GB:0.714292,0.0,0.0,0.0,0.0,0.285708,0.714292,0.0,0.0,0.0,0,1.0,0,0,0.285708,0.714292,0.7428628000,inspect_p2,inspect,2,,,1,0.0,1.0,0,26.297768
5,172,GG:0.025069;GB:0.626747;BG:0.278547;BB:0.069637,0.0,0.0,0.0,0.0,0.025069,0.626747,0.0,0.278547,0.069637,0,0.651816,0.348184,0,0.303616,0.696384,0.9774379000,inspect_p2,inspect,2,,,1,0.0,1.0,0,33.7702
5,173,GG:0.000257;GB:0.642697;BG:0.285635;BB:0.071411,0.0,0.0,0.0,0.0,0.000257,0.642697,0.0,0.285635,0.071411,0,0.642954,0.357046,0,0.285892,0.714108,0.9997687000,inspect_p2,inspect,2,,,1,0.0,1.0,0,34.188593
5,174,GN:0.899996;BN:0.100004,0.0,0.0,0.0,0.899996,0.0,0.0,0.100004,0.0,0.0,0,0.899996,0.100004,1.0,0,0,,buy_p2_test,buy,2,,,23.75,0.0,1.0,0,36.550147
5,175,GG:3e-06;GB:0.642849;BG:0.285717;BB:0.071431,0.0,0.0,0.0,0.0,3e-06,0.642849,0.0,0.285717,0.071431,0,0.642852,0.357148,0,0.28572,0.71428,0.9999973000,inspect_p2,inspect,2,,,1,0.0,1.0,0,34.192871
5,176,GG:0.002565;GB:0.641204;BG:0.284984;BB:0.071247,0.0,0.0,0.0,0.0,0.002565,0.641204,0.0,0.284984,0.071247,0,0.643769,0.356231,0,0.287549,0.712451,0.9976915000,inspect_p2,inspect,2,,,1,0.0,1.0,0,34.149651
5,177,GG:0.47367;BG:0.52633,0.0,0.0,0.0,0.0,0.47367,0.0,0.0,0.52633,0.0,0,0.47367,0.52633,0,1.0,0,0.5736970000,inspect_p1,inspect,1,,,8,0.0,1.0,0,20.789594
5,178,GG:0.204542;GB:0.511356;BG:0.227282;BB:0.05682,0.0,0.0,0.0,0.0,0.204542,0.511356,0.0,0.227282,0.05682,0,0.715898,0.284102,0,0.431824,0.568176,0.8159122000,inspect_p2,inspect,2,,,1,0.0,1.0,0,30.744362
5,179,GG:0.002565;GB:0.6412;BG:0.284986;BB:0.071249,0.0,0.0,0.0,0.0,0.002565,0.6412,0.0,0.284986,0.071249,0,0.643765,0.356235,0,0.287551,0.712449,0.9976915000,inspect_p2,inspect,2,,,1,0.0,1.0,0,34.14971
5,180,NG:0.799992;NB:0.200008,0.0,0.799992,0.200008,0.0,0.0,0.0,0.0,0.0,0.0,1.0,0,0,0,0.799992,0.200008,,inspect_p2,inspect,2,,,1,0.0,1.0,0,22.55019
5,181,GG:0.204541;GB:0.511369;BG:0.22727;BB:0.05682,0.0,0.0,0.0,0.0,0.204541,0.511369,0.0,0.22727,0.05682,0,0.71591,0.28409,0,0.431811,0.568189,0.8159131000,inspect_p2,inspect,2,,,1,0.0,1.0,0,30.744473
5,182,GG:0.799994;GB:0.200006,0.0,0.0,0.0,0.0,0.799994,0.200006,0.0,0.0,0.0,0,1.0,0,0,0.799994,0.200006,0.2800054000,inspect_p2,inspect,2,,,1,0.0,1.0,0,14.083476
5,183,GG:0.719995;GB:0.180005;BG:0.079999;BB:0.020001,0.0,0.0,0.0,0.0,0.719995,0.180005,0.0,0.079999,0.020001,0,0.9,0.1,0,0.799994,0.200006,0.3520045000,inspect_p2,inspect,2,,,1,0.0,1.0,0,18.550125
5,184,GG:0.002565;GB:0.641214;BG:0.284977;BB:0.071244,0.0,0.0,0.0,0.0,0.002565,0.641214,0.0,0.284977,0.071244,0,0.643779,0.356221,0,0.287542,0.712458,0.9976915000,inspect_p2,inspect,2,,,1,0.0,1.0,0,34.149576
5,185,GG:2.6e-05;GB:0.642845;BG:0.285701;BB:0.071428,0.0,0.0,0.0,0.0,2.6e-05,0.642845,0.0,0.285701,0.071428,0,0.642871,0.357129,0,0.285727,0.714273,0.9999766000,inspect_p2,inspect,2,,,1,0.0,1.0,0,34.192509
5,186,GG:0.899996;BG:0.100004,0.0,0.0,0.0,0.0,0.899996,0.0,0.0,0.100004,0.0,0,0.899996,0.100004,0,1.0,0,0.1900036000,assemble_notest_disassemble,assemble,,0,1,8.850054,0.8099964,0.1900036,0,12.800147
5,187,GG:0.719997;GB:0.179999;BG:0.080003;BB:0.020001,0.0,0.0,0.0,0.0,0.719997,0.179999,0.0,0.080003,0.020001,0,0.899996,0.100004,0,0.8,0.2,0.3520027000,inspect_p2,inspect,2,,,1,0.0,1.0,0,18.550154
5,188,GB:0.642851;BG:0.285718;BB:0.071431,0.0,0.0,0.0,0.0,0.0,0.642851,0.0,0.285718,0.071431,0,0.642851,0.357149,0,0.285718,0.714282,1.0000000000,inspect_p2,inspect,2,,,1,0.0,1.0,0,34.192919
5,189,GG:0.000257;GB:0.642688;BG:0.285643;BB:0.071412,0.0,0.0,0.0,0.0,0.000257,0.642688,0.0,0.285643,0.071412,0,0.642945,0.357055,0,0.2859,0.7141,0.9997687000,inspect_p2,inspect,2,,,1,0.0,1.0,0,34.188567
5,190,GG:0.082564;BG:0.917436,0.0,0.0,0.0,0.0,0.082564,0.0,0.0,0.917436,0.0,0,0.082564,0.917436,0,1.0,0,0.9256924000,inspect_p1,inspect,1,,,8,0.0,1.0,0,24.100958
5,191,GG:0.025069;GB:0.626729;BG:0.278562;BB:0.06964,0.0,0.0,0.0,0.0,0.025069,0.626729,0.0,0.278562,0.06964,0,0.651798,0.348202,0,0.303631,0.696369,0.9774379000,inspect_p2,inspect,2,,,1,0.0,1.0,0,33.770187
5,192,GN:0.899994;BN:0.100006,0.0,0.0,0.0,0.899994,0.0,0.0,0.100006,0.0,0.0,0,0.899994,0.100006,1.0,0,0,,buy_p2_notest,buy,2,,,18,0.0,1.0,0,36.550212
5,193,GG:0.000257;GB:0.642684;BG:0.285645;BB:0.071414,0.0,0.0,0.0,0.0,0.000257,0.642684,0.0,0.285645,0.071414,0,0.642941,0.357059,0,0.285902,0.714098,0.9997687000,inspect_p2,inspect,2,,,1,0.0,1.0,0,34.188627
5,194,GG:0.799992;GB:0.200008,0.0,0.0,0.0,0.0,0.799992,0.200008,0.0,0.0,0.0,0,1.0,0,0,0.799992,0.200008,0.2800072000,inspect_p2,inspect,2,,,1,0.0,1.0,0,14.083523
5,195,GG:0.719993;GB:0.180007;BG:0.079999;BB:0.020001,0.0,0.0,0.0,0.0,0.719993,0.180007,0.0,0.079999,0.020001,0,0.9,0.1,0,0.799992,0.200008,0.3520063000,inspect_p2,inspect,2,,,1,0.0,1.0,0,18.550196
5,196,NG:0.799993;NB:0.200007,0.0,0.799993,0.200007,0.0,0.0,0.0,0.0,0.0,0.0,1.0,0,0,0,0.799993,0.200007,,inspect_p2,inspect,2,,,1,0.0,1.0,0,22.550167
5,197,GG:0.473682;BG:0.526318,0.0,0.0,0.0,0.0,0.473682,0.0,0.0,0.526318,0.0,0,0.473682,0.526318,0,1.0,0,0.5736862000,inspect_p1,inspect,1,,,8,0.0,1.0,0,20.789493
5,198,GG:0.025069;GB:0.626744;BG:0.278547;BB:0.06964,0.0,0.0,0.0,0.0,0.025069,0.626744,0.0,0.278547,0.06964,0,0.651813,0.348187,0,0.303616,0.696384,0.9774379000,inspect_p2,inspect,2,,,1,0.0,1.0,0,33.770302
5,199,GG:0.285707;GB:0.714293,0.0,0.0,0.0,0.0,0.285707,0.714293,0.0,0.0,0.0,0,1.0,0,0,0.285707,0.714293,0.7428637000,inspect_p2,inspect,2,,,1,0.0,1.0,0,26.297792
5,200,NG:0.79999;NB:0.20001,0.0,0.79999,0.20001,0.0,0.0,0.0,0.0,0.0,0.0,1.0,0,0,0,0.79999,0.20001,,buy_p1_notest,buy,1,,,4,0.0,1.0,0,22.550238
5,201,GG:0.204541;GB:0.511372;BG:0.227267;BB:0.05682,0.0,0.0,0.0,0.0,0.204541,0.511372,0.0,0.227267,0.05682,0,0.715913,0.284087,0,0.431808,0.568192,0.8159131000,inspect_p2,inspect,2,,,1,0.0,1.0,0,30.744493
5,202,GN:0.900003;BN:0.099997,0.0,0.0,0.0,0.900003,0.0,0.0,0.099997,0.0,0.0,0,0.900003,0.099997,1.0,0,0,,buy_p2_notest,buy,2,,,18,0.0,1.0,0,36.549875
5,203,GG:0.000257;GB:0.642698;BG:0.285636;BB:0.071409,0.0,0.0,0.0,0.0,0.000257,0.642698,0.0,0.285636,0.071409,0,0.642955,0.357045,0,0.285893,0.714107,0.9997687000,inspect_p2,inspect,2,,,1,0.0,1.0,0,34.188518
5,204,GG:3e-06;GB:0.642859;BG:0.285708;BB:0.07143,0.0,0.0,0.0,0.0,3e-06,0.642859,0.0,0.285708,0.07143,0,0.642862,0.357138,0,0.285711,0.714289,0.9999973000,inspect_p2,inspect,2,,,1,0.0,1.0,0,34.192911
5,205,GG:0.473673;BG:0.526327,0.0,0.0,0.0,0.0,0.473673,0.0,0.0,0.526327,0.0,0,0.473673,0.526327,0,1.0,0,0.5736943000,inspect_p1,inspect,1,,,8,0.0,1.0,0,20.789569
5,206,GG:0.204543;GB:0.511356;BG:0.22728;BB:0.056821,0.0,0.0,0.0,0.0,0.204543,0.511356,0.0,0.22728,0.056821,0,0.715899,0.284101,0,0.431823,0.568177,0.8159113000,inspect_p2,inspect,2,,,1,0.0,1.0,0,30.744404
5,207,GG:2.6e-05;GB:0.642836;BG:0.285709;BB:0.071429,0.0,0.0,0.0,0.0,2.6e-05,0.642836,0.0,0.285709,0.071429,0,0.642862,0.357138,0,0.285735,0.714265,0.9999766000,inspect_p2,inspect,2,,,1,0.0,1.0,0,34.192499
5,208,GG:0.002565;GB:0.641196;BG:0.284992;BB:0.071247,0.0,0.0,0.0,0.0,0.002565,0.641196,0.0,0.284992,0.071247,0,0.643761,0.356239,0,0.287557,0.712443,0.9976915000,inspect_p2,inspect,2,,,1,0.0,1.0,0,34.149593
5,209,GG:0.899994;BG:0.100006,0.0,0.0,0.0,0.0,0.899994,0.0,0.0,0.100006,0.0,0,0.899994,0.100006,0,1.0,0,0.1900054000,assemble_notest_disassemble,assemble,,0,1,8.850081,0.8099946,0.1900054,0,12.800219
5,210,GG:0.719995;GB:0.179999;BG:0.080005;BB:0.020001,0.0,0.0,0.0,0.0,0.719995,0.179999,0.0,0.080005,0.020001,0,0.899994,0.100006,0,0.8,0.2,0.3520045000,inspect_p2,inspect,2,,,1,0.0,1.0,0,18.550212
5,211,GG:2.6e-05;GB:0.642832;BG:0.285711;BB:0.071431,0.0,0.0,0.0,0.0,2.6e-05,0.642832,0.0,0.285711,0.071431,0,0.642858,0.357142,0,0.285737,0.714263,0.9999766000,inspect_p2,inspect,2,,,1,0.0,1.0,0,34.192543
5,212,GG:0.285704;GB:0.714296,0.0,0.0,0.0,0.0,0.285704,0.714296,0.0,0.0,0.0,0,1.0,0,0,0.285704,0.714296,0.7428664000,inspect_p2,inspect,2,,,1,0.0,1.0,0,26.297863
5,213,GG:0.20454;GB:0.511374;BG:0.227266;BB:0.05682,0.0,0.0,0.0,0.0,0.20454,0.511374,0.0,0.227266,0.05682,0,0.715914,0.284086,0,0.431806,0.568194,0.8159140000,inspect_p2,inspect,2,,,1,0.0,1.0,0,30.744524
5,214,GG:0.799993;GB:0.200007,0.0,0.0,0.0,0.0,0.799993,0.200007,0.0,0.0,0.0,0,1.0,0,0,0.799993,0.200007,0.2800063000,inspect_p2,inspect,2,,,1,0.0,1.0,0,14.0835
5,215,GG:0.719994;GB:0.180006;BG:0.079999;BB:0.020001,0.0,0.0,0.0,0.0,0.719994,0.180006,0.0,0.079999,0.020001,0,0.9,0.1,0,0.799993,0.200007,0.3520054000,inspect_p2,inspect,2,,,1,0.0,1.0,0,18.550173
5,216,GG:0.002565;GB:0.641211;BG:0.284977;BB:0.071247,0.0,0.0,0.0,0.0,0.002565,0.641211,0.0,0.284977,0.071247,0,0.643776,0.356224,0,0.287542,0.712458,0.9976915000,inspect_p2,inspect,2,,,1,0.0,1.0,0,34.149707
5,217,GG:0.79999;GB:0.20001,0.0,0.0,0.0,0.0,0.79999,0.20001,0.0,0.0,0.0,0,1.0,0,0,0.79999,0.20001,0.2800090000,inspect_p2,inspect,2,,,1,0.0,1.0,0,14.083571
5,218,GG:0.719991;GB:0.180009;BG:0.079999;BB:0.020001,0.0,0.0,0.0,0.0,0.719991,0.180009,0.0,0.079999,0.020001,0,0.9,0.1,0,0.79999,0.20001,0.3520081000,inspect_p2,inspect,2,,,1,0.0,1.0,0,18.550238
5,219,NG:0.799991;NB:0.200009,0.0,0.799991,0.200009,0.0,0.0,0.0,0.0,0.0,0.0,1.0,0,0,0,0.799991,0.200009,,buy_p1_notest,buy,1,,,4,0.0,1.0,0,22.550214
5,220,GG:0.025069;GB:0.626748;BG:0.278543;BB:0.06964,0.0,0.0,0.0,0.0,0.025069,0.626748,0.0,0.278543,0.06964,0,0.651817,0.348183,0,0.303612,0.696388,0.9774379000,inspect_p2,inspect,2,,,1,0.0,1.0,0,33.770349
5,221,GG:0.720002;GB:0.180001;BG:0.079998;BB:0.019999,0.0,0.0,0.0,0.0,0.720002,0.180001,0.0,0.079998,0.019999,0,0.900003,0.099997,0,0.8,0.2,0.3519982000,inspect_p2,inspect,2,,,1,0.0,1.0,0,18.549875
5,222,GG:2.6e-05;GB:0.642846;BG:0.285702;BB:0.071426,0.0,0.0,0.0,0.0,2.6e-05,0.642846,0.0,0.285702,0.071426,0,0.642872,0.357128,0,0.285728,0.714272,0.9999766000,inspect_p2,inspect,2,,,1,0.0,1.0,0,34.192413
5,223,GB:0.642861;BG:0.285709;BB:0.07143,0.0,0.0,0.0,0.0,0.0,0.642861,0.0,0.285709,0.07143,0,0.642861,0.357139,0,0.285709,0.714291,1.0000000000,inspect_p2,inspect,2,,,1,0.0,1.0,0,34.192941
5,224,GG:0.082565;BG:0.917435,0.0,0.0,0.0,0.0,0.082565,0.0,0.0,0.917435,0.0,0,0.082565,0.917435,0,1.0,0,0.9256915000,inspect_p1,inspect,1,,,8,0.0,1.0,0,24.10095
5,225,GG:0.025069;GB:0.62673;BG:0.27856;BB:0.069641,0.0,0.0,0.0,0.0,0.025069,0.62673,0.0,0.27856,0.069641,0,0.651799,0.348201,0,0.303629,0.696371,0.9774379000,inspect_p2,inspect,2,,,1,0.0,1.0,0,33.770255
5,226,GG:3e-06;GB:0.64285;BG:0.285716;BB:0.071431,0.0,0.0,0.0,0.0,3e-06,0.64285,0.0,0.285716,0.071431,0,0.642853,0.357147,0,0.285719,0.714281,0.9999973000,inspect_p2,inspect,2,,,1,0.0,1.0,0,34.192883
5,227,GG:0.000257;GB:0.64268;BG:0.285651;BB:0.071412,0.0,0.0,0.0,0.0,0.000257,0.64268,0.0,0.285651,0.071412,0,0.642937,0.357063,0,0.285908,0.714092,0.9997687000,inspect_p2,inspect,2,,,1,0.0,1.0,0,34.18851
5,228,GG:0.473668;BG:0.526332,0.0,0.0,0.0,0.0,0.473668,0.0,0.0,0.526332,0.0,0,0.473668,0.526332,0,1.0,0,0.5736988000,inspect_p1,inspect,1,,,8,0.0,1.0,0,20.789611
5,229,GG:0.204541;GB:0.511355;BG:0.227284;BB:0.05682,0.0,0.0,0.0,0.0,0.204541,0.511355,0.0,0.227284,0.05682,0,0.715896,0.284104,0,0.431825,0.568175,0.8159131000,inspect_p2,inspect,2,,,1,0.0,1.0,0,30.744361
5,230,GN:0.899993;BN:0.100007,0.0,0.0,0.0,0.899993,0.0,0.0,0.100007,0.0,0.0,0,0.899993,0.100007,1.0,0,0,,buy_p2_notest,buy,2,,,18,0.0,1.0,0,36.550242
5,231,GG:3e-06;GB:0.642846;BG:0.285718;BB:0.071433,0.0,0.0,0.0,0.0,3e-06,0.642846,0.0,0.285718,0.071433,0,0.642849,0.357151,0,0.285721,0.714279,0.9999973000,inspect_p2,inspect,2,,,1,0.0,1.0,0,34.192927
5,232,GG:0.285705;GB:0.714295,0.0,0.0,0.0,0.0,0.285705,0.714295,0.0,0.0,0.0,0,1.0,0,0,0.285705,0.714295,0.7428655000,inspect_p2,inspect,2,,,1,0.0,1.0,0,26.29784
5,233,GG:0.025069;GB:0.626749;BG:0.278542;BB:0.06964,0.0,0.0,0.0,0.0,0.025069,0.626749,0.0,0.278542,0.06964,0,0.651818,0.348182,0,0.303611,0.696389,0.9774379000,inspect_p2,inspect,2,,,1,0.0,1.0,0,33.770362
5,234,GG:0.204541;GB:0.511373;BG:0.227266;BB:0.05682,0.0,0.0,0.0,0.0,0.204541,0.511373,0.0,0.227266,0.05682,0,0.715914,0.284086,0,0.431807,0.568193,0.8159131000,inspect_p2,inspect,2,,,1,0.0,1.0,0,30.744505
5,235,GG:0.000257;GB:0.642695;BG:0.285636;BB:0.071412,0.0,0.0,0.0,0.0,0.000257,0.642695,0.0,0.285636,0.071412,0,0.642952,0.357048,0,0.285893,0.714107,0.9997687000,inspect_p2,inspect,2,,,1,0.0,1.0,0,34.188623
5,236,GG:0.285702;GB:0.714298,0.0,0.0,0.0,0.0,0.285702,0.714298,0.0,0.0,0.0,0,1.0,0,0,0.285702,0.714298,0.7428682000,inspect_p2,inspect,2,,,1,0.0,1.0,0,26.297911
5,237,GG:0.204538;GB:0.511377;BG:0.227265;BB:0.05682,0.0,0.0,0.0,0.0,0.204538,0.511377,0.0,0.227265,0.05682,0,0.715915,0.284085,0,0.431803,0.568197,0.8159158000,inspect_p2,inspect,2,,,1,0.0,1.0,0,30.744575
5,238,GG:0.799991;GB:0.200009,0.0,0.0,0.0,0.0,0.799991,0.200009,0.0,0.0,0.0,0,1.0,0,0,0.799991,0.200009,0.2800081000,inspect_p2,inspect,2,,,1,0.0,1.0,0,14.083547
5,239,GG:0.719992;GB:0.180008;BG:0.079999;BB:0.020001,0.0,0.0,0.0,0.0,0.719992,0.180008,0.0,0.079999,0.020001,0,0.9,0.1,0,0.799991,0.200009,0.3520072000,inspect_p2,inspect,2,,,1,0.0,1.0,0,18.550214
5,240,GG:0.002565;GB:0.641215;BG:0.284973;BB:0.071247,0.0,0.0,0.0,0.0,0.002565,0.641215,0.0,0.284973,0.071247,0,0.64378,0.35622,0,0.287538,0.712462,0.9976915000,inspect_p2,inspect,2,,,1,0.0,1.0,0,34.149732
5,241,GN:0.900005;BN:0.099995,0.0,0.0,0.0,0.900005,0.0,0.0,0.099995,0.0,0.0,0,0.900005,0.099995,1.0,0,0,,buy_p2_test,buy,2,,,23.75,0.0,1.0,0,36.549817
5,242,GG:0.204547;GB:0.511369;BG:0.227268;BB:0.056816,0.0,0.0,0.0,0.0,0.204547,0.511369,0.0,0.227268,0.056816,0,0.715916,0.284084,0,0.431815,0.568185,0.8159077000,inspect_p2,inspect,2,,,1,0.0,1.0,0,30.744256
5,243,GG:3e-06;GB:0.64286;BG:0.285709;BB:0.071428,0.0,0.0,0.0,0.0,3e-06,0.64286,0.0,0.285709,0.071428,0,0.642863,0.357137,0,0.285712,0.714288,0.9999973000,inspect_p2,inspect,2,,,1,0.0,1.0,0,34.192831
5,244,GG:0.002565;GB:0.641196;BG:0.28499;BB:0.071249,0.0,0.0,0.0,0.0,0.002565,0.641196,0.0,0.28499,0.071249,0,0.643761,0.356239,0,0.287555,0.712445,0.9976915000,inspect_p2,inspect,2,,,1,0.0,1.0,0,34.149663
5,245,GB:0.642852;BG:0.285717;BB:0.071431,0.0,0.0,0.0,0.0,0.0,0.642852,0.0,0.285717,0.071431,0,0.642852,0.357148,0,0.285717,0.714283,1.0000000000,inspect_p2,inspect,2,,,1,0.0,1.0,0,34.19293
5,246,GG:2.6e-05;GB:0.642828;BG:0.285717;BB:0.071429,0.0,0.0,0.0,0.0,2.6e-05,0.642828,0.0,0.285717,0.071429,0,0.642854,0.357146,0,0.285743,0.714257,0.9999766000,inspect_p2,inspect,2,,,1,0.0,1.0,0,34.192431
5,247,GG:0.473666;BG:0.526334,0.0,0.0,0.0,0.0,0.473666,0.0,0.0,0.526334,0.0,0,0.473666,0.526334,0,1.0,0,0.5737006000,inspect_p1,inspect,1,,,8,0.0,1.0,0,20.789628
5,248,GG:0.025069;GB:0.626727;BG:0.278564;BB:0.06964,0.0,0.0,0.0,0.0,0.025069,0.626727,0.0,0.278564,0.06964,0,0.651796,0.348204,0,0.303633,0.696367,0.9774379000,inspect_p2,inspect,2,,,1,0.0,1.0,0,33.770191
5,249,GG:0.899993;BG:0.100007,0.0,0.0,0.0,0.0,0.899993,0.0,0.0,0.100007,0.0,0,0.899993,0.100007,0,1.0,0,0.1900063000,assemble_notest_disassemble,assemble,,0,1,8.850094,0.8099937,0.1900063,0,12.800256
5,250,GG:0.719994;GB:0.179999;BG:0.080006;BB:0.020001,0.0,0.0,0.0,0.0,0.719994,0.179999,0.0,0.080006,0.020001,0,0.899993,0.100007,0,0.8,0.2,0.3520054000,inspect_p2,inspect,2,,,1,0.0,1.0,0,18.550242
5,251,GB:0.642848;BG:0.285719;BB:0.071433,0.0,0.0,0.0,0.0,0.0,0.642848,0.0,0.285719,0.071433,0,0.642848,0.357152,0,0.285719,0.714281,1.0000000000,inspect_p2,inspect,2,,,1,0.0,1.0,0,34.192975
5,252,GG:0.002565;GB:0.641216;BG:0.284972;BB:0.071247,0.0,0.0,0.0,0.0,0.002565,0.641216,0.0,0.284972,0.071247,0,0.643781,0.356219,0,0.287537,0.712463,0.9976915000,inspect_p2,inspect,2,,,1,0.0,1.0,0,34.149744
5,253,GG:0.285706;GB:0.714294,0.0,0.0,0.0,0.0,0.285706,0.714294,0.0,0.0,0.0,0,1.0,0,0,0.285706,0.714294,0.7428646000,inspect_p2,inspect,2,,,1,0.0,1.0,0,26.297816
5,254,GG:2.6e-05;GB:0.642843;BG:0.285702;BB:0.071429,0.0,0.0,0.0,0.0,2.6e-05,0.642843,0.0,0.285702,0.071429,0,0.642869,0.357131,0,0.285728,0.714272,0.9999766000,inspect_p2,inspect,2,,,1,0.0,1.0,0,34.192544
5,255,GG:0.038459;GB:0.961541,0.0,0.0,0.0,0.0,0.038459,0.961541,0.0,0.0,0.0,0,1.0,0,0,0.038459,0.961541,0.9653869000,inspect_p2,inspect,2,,,1,0.0,1.0,0,32.169932
5,256,NG:0.799989;NB:0.200011,0.0,0.799989,0.200011,0.0,0.0,0.0,0.0,0.0,0.0,1.0,0,0,0,0.799989,0.200011,,buy_p1_notest,buy,1,,,4,0.0,1.0,0,22.550262
5,257,GG:0.025069;GB:0.626751;BG:0.27854;BB:0.06964,0.0,0.0,0.0,0.0,0.025069,0.626751,0.0,0.27854,0.06964,0,0.65182,0.34818,0,0.303609,0.696391,0.9774379000,inspect_p2,inspect,2,,,1,0.0,1.0,0,33.770364
5,258,GG:0.285703;GB:0.714297,0.0,0.0,0.0,0.0,0.285703,0.714297,0.0,0.0,0.0,0,1.0,0,0,0.285703,0.714297,0.7428673000,inspect_p2,inspect,2,,,1,0.0,1.0,0,26.297887
5,259,GG:0.204539;GB:0.511376;BG:0.227265;BB:0.05682,0.0,0.0,0.0,0.0,0.204539,0.511376,0.0,0.227265,0.05682,0,0.715915,0.284085,0,0.431804,0.568196,0.8159149000,inspect_p2,inspect,2,,,1,0.0,1.0,0,30.744556
5,260,GG:0.008921;BG:0.991079,0.0,0.0,0.0,0.0,0.008921,0.0,0.0,0.991079,0.0,0,0.008921,0.991079,0,1.0,0,0.9919711000,inspect_p1,inspect,1,,,8,0.0,1.0,0,24.724469
5,261,GG:0.000257;GB:0.642699;BG:0.285632;BB:0.071412,0.0,0.0,0.0,0.0,0.000257,0.642699,0.0,0.285632,0.071412,0,0.642956,0.357044,0,0.285889,0.714111,0.9997687000,inspect_p2,inspect,2,,,1,0.0,1.0,0,34.18865
5,262,GG:0.900005;BG:0.099995,0.0,0.0,0.0,0.0,0.900005,0.0,0.0,0.099995,0.0,0,0.900005,0.099995,0,1.0,0,0.1899955000,assemble_notest_disassemble,assemble,,0,1,8.849932,0.8100045,0.1899955,0,12.799817
5,263,GG:0.720004;GB:0.180001;BG:0.079996;BB:0.019999,0.0,0.0,0.0,0.0,0.720004,0.180001,0.0,0.079996,0.019999,0,0.900005,0.099995,0,0.8,0.2,0.3519964000,inspect_p2,inspect,2,,,1,0.0,1.0,0,18.549817
5,264,GN:0.900004;BN:0.099996,0.0,0.0,0.0,0.900004,0.0,0.0,0.099996,0.0,0.0,0,0.900004,0.099996,1.0,0,0,,buy_p2_notest,buy,2,,,18,0.0,1.0,0,36.549846
5,265,GG:0.02507;GB:0.626749;BG:0.278546;BB:0.069635,0.0,0.0,0.0,0.0,0.02507,0.626749,0.0,0.278546,0.069635,0,0.651819,0.348181,0,0.303616,0.696384,0.9774370000,inspect_p2,inspect,2,,,1,0.0,1.0,0,33.770126
5,266,GB:0.642862;BG:0.28571;BB:0.071428,0.0,0.0,0.0,0.0,0.0,0.642862,0.0,0.28571,0.071428,0,0.642862,0.357138,0,0.28571,0.71429,1.0000000000,inspect_p2,inspect,2,,,1,0.0,1.0,0,34.192881
5,267,GG:0.000257;GB:0.64268;BG:0.285649;BB:0.071414,0.0,0.0,0.0,0.0,0.000257,0.64268,0.0,0.285649,0.071414,0,0.642937,0.357063,0,0.285906,0.714094,0.9997687000,inspect_p2,inspect,2,,,1,0.0,1.0,0,34.18858
5,268,GG:3e-06;GB:0.642842;BG:0.285724;BB:0.071431,0.0,0.0,0.0,0.0,3e-06,0.642842,0.0,0.285724,0.071431,0,0.642845,0.357155,0,0.285727,0.714273,0.9999973000,inspect_p2,inspect,2,,,1,0.0,1.0,0,34.192815
5,269,GG:0.082563;BG:0.917437,0.0,0.0,0.0,0.0,0.082563,0.0,0.0,0.917437,0.0,0,0.082563,0.917437,0,1.0,0,0.9256933000,inspect_p1,inspect,1,,,8,0.0,1.0,0,24.100967
5,270,GG:0.002565;GB:0.641194;BG:0.284994;BB:0.071247,0.0,0.0,0.0,0.0,0.002565,0.641194,0.0,0.284994,0.071247,0,0.643759,0.356241,0,0.287559,0.712441,0.9976915000,inspect_p2,inspect,2,,,1,0.0,1.0,0,34.149569
5,271,GG:0.473665;BG:0.526335,0.0,0.0,0.0,0.0,0.473665,0.0,0.0,0.526335,0.0,0,0.473665,0.526335,0,1.0,0,0.5737015000,inspect_p1,inspect,1,,,8,0.0,1.0,0,20.789637
5,272,GG:0.204541;GB:0.511353;BG:0.227286;BB:0.05682,0.0,0.0,0.0,0.0,0.204541,0.511353,0.0,0.227286,0.05682,0,0.715894,0.284106,0,0.431827,0.568173,0.8159131000,inspect_p2,inspect,2,,,1,0.0,1.0,0,30.744358
5,273,GG:0.000257;GB:0.6427;BG:0.285631;BB:0.071412,0.0,0.0,0.0,0.0,0.000257,0.6427,0.0,0.285631,0.071412,0,0.642957,0.357043,0,0.285888,0.714112,0.9997687000,inspect_p2,inspect,2,,,1,0.0,1.0,0,34.188661
5,274,GG:3e-06;GB:0.642857;BG:0.285709;BB:0.071431,0.0,0.0,0.0,0.0,3e-06,0.642857,0.0,0.285709,0.071431,0,0.64286,0.35714,0,0.285712,0.714288,0.9999973000,inspect_p2,inspect,2,,,1,0.0,1.0,0,34.192925
5,275,GG:0.799989;GB:0.200011,0.0,0.0,0.0,0.0,0.799989,0.200011,0.0,0.0,0.0,0,1.0,0,0,0.799989,0.200011,0.2800099000,inspect_p2,inspect,2,,,1,0.0,1.0,0,14.083595
5,276,GG:0.71999;GB:0.18001;BG:0.079999;BB:0.020001,0.0,0.0,0.0,0.0,0.71999,0.18001,0.0,0.079999,0.020001,0,0.9,0.1,0,0.799989,0.200011,0.3520090000,inspect_p2,inspect,2,,,1,0.0,1.0,0,18.550262
5,277,GG:0.002565;GB:0.641218;BG:0.28497;BB:0.071247,0.0,0.0,0.0,0.0,0.002565,0.641218,0.0,0.28497,0.071247,0,0.643783,0.356217,0,0.287535,0.712465,0.9976915000,inspect_p2,inspect,2,,,1,0.0,1.0,0,34.149767
5,278,GG:2.6e-05;GB:0.642847;BG:0.285698;BB:0.071429,0.0,0.0,0.0,0.0,2.6e-05,0.642847,0.0,0.285698,0.071429,0,0.642873,0.357127,0,0.285724,0.714276,0.9999766000,inspect_p2,inspect,2,,,1,0.0,1.0,0,34.192565
5,279,GG:0.473698;BG:0.526302,0.0,0.0,0.0,0.0,0.473698,0.0,0.0,0.526302,0.0,0,0.473698,0.526302,0,1.0,0,0.5736718000,inspect_p1,inspect,1,,,8,0.0,1.0,0,20.789357
5,280,GG:0.204549;GB:0.511371;BG:0.227264;BB:0.056816,0.0,0.0,0.0,0.0,0.204549,0.511371,0.0,0.227264,0.056816,0,0.71592,0.28408,0,0.431813,0.568187,0.8159059000,inspect_p2,inspect,2,,,1,0.0,1.0,0,30.744245
5,281,GG:0.900004;BG:0.099996,0.0,0.0,0.0,0.0,0.900004,0.0,0.0,0.099996,0.0,0,0.900004,0.099996,0,1.0,0,0.1899964000,assemble_notest_disassemble,assemble,,0,1,8.849946,0.8100036,0.1899964,0,12.799854
5,282,GG:0.720003;GB:0.180001;BG:0.079997;BB:0.019999,0.0,0.0,0.0,0.0,0.720003,0.180001,0.0,0.079997,0.019999,0,0.900004,0.099996,0,0.8,0.2,0.3519973000,inspect_p2,inspect,2,,,1,0.0,1.0,0,18.549846
5,283,GG:0.002565;GB:0.641217;BG:0.284976;BB:0.071242,0.0,0.0,0.0,0.0,0.002565,0.641217,0.0,0.284976,0.071242,0,0.643782,0.356218,0,0.287541,0.712459,0.9976915000,inspect_p2,inspect,2,,,1,0.0,1.0,0,34.149547
5,284,GG:2.6e-05;GB:0.642828;BG:0.285715;BB:0.071431,0.0,0.0,0.0,0.0,2.6e-05,0.642828,0.0,0.285715,0.071431,0,0.642854,0.357146,0,0.285741,0.714259,0.9999766000,inspect_p2,inspect,2,,,1,0.0,1.0,0,34.192496
5,285,GB:0.642844;BG:0.285725;BB:0.071431,0.0,0.0,0.0,0.0,0.0,0.642844,0.0,0.285725,0.071431,0,0.642844,0.357156,0,0.285725,0.714275,1.0000000000,inspect_p2,inspect,2,,,1,0.0,1.0,0,34.192863
5,286,GG:0.000257;GB:0.642678;BG:0.285653;BB:0.071412,0.0,0.0,0.0,0.0,0.000257,0.642678,0.0,0.285653,0.071412,0,0.642935,0.357065,0,0.28591,0.71409,0.9997687000,inspect_p2,inspect,2,,,1,0.0,1.0,0,34.188486
5,287,GG:0.473664;BG:0.526336,0.0,0.0,0.0,0.0,0.473664,0.0,0.0,0.526336,0.0,0,0.473664,0.526336,0,1.0,0,0.5737024000,inspect_p1,inspect,1,,,8,0.0,1.0,0,20.789645
5,288,GG:0.025069;GB:0.626725;BG:0.278566;BB:0.06964,0.0,0.0,0.0,0.0,0.025069,0.626725,0.0,0.278566,0.06964,0,0.651794,0.348206,0,0.303635,0.696365,0.9774379000,inspect_p2,inspect,2,,,1,0.0,1.0,0,33.770166
5,289,GG:2.6e-05;GB:0.642848;BG:0.285697;BB:0.071429,0.0,0.0,0.0,0.0,2.6e-05,0.642848,0.0,0.285697,0.071429,0,0.642874,0.357126,0,0.285723,0.714277,0.9999766000,inspect_p2,inspect,2,,,1,0.0,1.0,0,34.192576
5,290,GB:0.642859;BG:0.28571;BB:0.071431,0.0,0.0,0.0,0.0,0.0,0.642859,0.0,0.28571,0.071431,0,0.642859,0.357141,0,0.28571,0.71429,1.0000000000,inspect_p2,inspect,2,,,1,0.0,1.0,0,34.192976
5,291,GG:0.2857;GB:0.7143,0.0,0.0,0.0,0.0,0.2857,0.7143,0.0,0.0,0.0,0,1.0,0,0,0.2857,0.7143,0.7428700000,inspect_p2,inspect,2,,,1,0.0,1.0,0,26.297958
5,292,GG:0.204537;GB:0.511379;BG:0.227264;BB:0.05682,0.0,0.0,0.0,0.0,0.204537,0.511379,0.0,0.227264,0.05682,0,0.715916,0.284084,0,0.431801,0.568199,0.8159167000,inspect_p2,inspect,2,,,1,0.0,1.0,0,30.744594
5,293,GG:0.000257;GB:0.642702;BG:0.285629;BB:0.071412,0.0,0.0,0.0,0.0,0.000257,0.642702,0.0,0.285629,0.071412,0,0.642959,0.357041,0,0.285886,0.714114,0.9997687000,inspect_p2,inspect,2,,,1,0.0,1.0,0,34.188685
5,294,GG:3e-06;GB:0.642861;BG:0.285705;BB:0.071431,0.0,0.0,0.0,0.0,3e-06,0.642861,0.0,0.285705,0.071431,0,0.642864,0.357136,0,0.285708,0.714292,0.9999973000,inspect_p2,inspect,2,,,1,0.0,1.0,0,34.192972
5,295,GG:0.082573;BG:0.917427,0.0,0.0,0.0,0.0,0.082573,0.0,0.0,0.917427,0.0,0,0.082573,0.917427,0,1.0,0,0.9256843000,inspect_p1,inspect,1,,,8,0.0,1.0,0,24.100882
5,296,GG:0.02507;GB:0.626753;BG:0.278542;BB:0.069635,0.0,0.0,0.0,0.0,0.02507,0.626753,0.0,0.278542,0.069635,0,0.651823,0.348177,0,0.303612,0.696388,0.9774370000,inspect_p2,inspect,2,,,1,0.0,1.0,0,33.770173
5,297,GG:0.473695;BG:0.526305,0.0,0.0,0.0,0.0,0.473695,0.0,0.0,0.526305,0.0,0,0.473695,0.526305,0,1.0,0,0.5736745000,inspect_p1,inspect,1,,,8,0.0,1.0,0,20.789383
5,298,GG:0.204548;GB:0.51137;BG:0.227266;BB:0.056816,0.0,0.0,0.0,0.0,0.204548,0.51137,0.0,0.227266,0.056816,0,0.715918,0.284082,0,0.431814,0.568186,0.8159068000,inspect_p2,inspect,2,,,1,0.0,1.0,0,30.744241
5,299,GG:0.000257;GB:0.642701;BG:0.285635;BB:0.071407,0.0,0.0,0.0,0.0,0.000257,0.642701,0.0,0.285635,0.071407,0,0.642958,0.357042,0,0.285892,0.714108,0.9997687000,inspect_p2,inspect,2,,,1,0.0,1.0,0,34.188462
5,300,GG:3e-06;GB:0.642842;BG:0.285722;BB:0.071433,0.0,0.0,0.0,0.0,3e-06,0.642842,0.0,0.285722,0.071433,0,0.642845,0.357155,0,0.285725,0.714275,0.9999973000,inspect_p2,inspect,2,,,1,0.0,1.0,0,34.192906
5,301,GG:2.6e-05;GB:0.642826;BG:0.285719;BB:0.071429,0.0,0.0,0.0,0.0,2.6e-05,0.642826,0.0,0.285719,0.071429,0,0.642852,0.357148,0,0.285745,0.714255,0.9999766000,inspect_p2,inspect,2,,,1,0.0,1.0,0,34.192408
5,302,GG:0.002565;GB:0.641192;BG:0.284996;BB:0.071247,0.0,0.0,0.0,0.0,0.002565,0.641192,0.0,0.284996,0.071247,0,0.643757,0.356243,0,0.287561,0.712439,0.9976915000,inspect_p2,inspect,2,,,1,0.0,1.0,0,34.149546
5,303,GG:3e-06;GB:0.642862;BG:0.285704;BB:0.071431,0.0,0.0,0.0,0.0,3e-06,0.642862,0.0,0.285704,0.071431,0,0.642865,0.357135,0,0.285707,0.714293,0.9999973000,inspect_p2,inspect,2,,,1,0.0,1.0,0,34.192958
5,304,GG:0.025068;GB:0.626755;BG:0.278538;BB:0.069639,0.0,0.0,0.0,0.0,0.025068,0.626755,0.0,0.278538,0.069639,0,0.651823,0.348177,0,0.303606,0.696394,0.9774388000,inspect_p2,inspect,2,,,1,0.0,1.0,0,33.77036
5,305,GG:2.6e-05;GB:0.64285;BG:0.285695;BB:0.071429,0.0,0.0,0.0,0.0,2.6e-05,0.64285,0.0,0.285695,0.071429,0,0.642876,0.357124,0,0.285721,0.714279,0.9999766000,inspect_p2,inspect,2,,,1,0.0,1.0,0,34.1926
5,306,GB:0.642863;BG:0.285706;BB:0.071431,0.0,0.0,0.0,0.0,0.0,0.642863,0.0,0.285706,0.071431,0,0.642863,0.357137,0,0.285706,0.714294,1.0000000000,inspect_p2,inspect,2,,,1,0.0,1.0,0,34.192996
5,307,GG:0.082572;BG:0.917428,0.0,0.0,0.0,0.0,0.082572,0.0,0.0,0.917428,0.0,0,0.082572,0.917428,0,1.0,0,0.9256852000,inspect_p1,inspect,1,,,8,0.0,1.0,0,24.100891
5,308,GG:0.002565;GB:0.641221;BG:0.284972;BB:0.071242,0.0,0.0,0.0,0.0,0.002565,0.641221,0.0,0.284972,0.071242,0,0.643786,0.356214,0,0.287537,0.712463,0.9976915000,inspect_p2,inspect,2,,,1,0.0,1.0,0,34.149565
5,309,GG:0.02507;GB:0.626751;BG:0.278544;BB:0.069635,0.0,0.0,0.0,0.0,0.02507,0.626751,0.0,0.278544,0.069635,0,0.651821,0.348179,0,0.303614,0.696386,0.9774370000,inspect_p2,inspect,2,,,1,0.0,1.0,0,33.770149
5,310,GG:2.6e-05;GB:0.642849;BG:0.285701;BB:0.071424,0.0,0.0,0.0,0.0,2.6e-05,0.642849,0.0,0.285701,0.071424,0,0.642875,0.357125,0,0.285727,0.714273,0.9999766000,inspect_p2,inspect,2,,,1,0.0,1.0,0,34.192357
5,311,GN:0.899992;BN:0.100008,0.0,0.0,0.0,0.899992,0.0,0.0,0.100008,0.0,0.0,0,0.899992,0.100008,1.0,0,0,,buy_p2_notest,buy,2,,,18,0.0,1.0,0,36.550278
5,312,GB:0.642844;BG:0.285723;BB:0.071433,0.0,0.0,0.0,0.0,0.0,0.642844,0.0,0.285723,0.071433,0,0.642844,0.357156,0,0.285723,0.714277,1.0000000000,inspect_p2,inspect,2,,,1,0.0,1.0,0,34.192928
5,313,GG:3e-06;GB:0.64284;BG:0.285726;BB:0.071431,0.0,0.0,0.0,0.0,3e-06,0.64284,0.0,0.285726,0.071431,0,0.642843,0.357157,0,0.285729,0.714271,0.9999973000,inspect_p2,inspect,2,,,1,0.0,1.0,0,34.192792
5,314,GG:0.000257;GB:0.642676;BG:0.285655;BB:0.071412,0.0,0.0,0.0,0.0,0.000257,0.642676,0.0,0.285655,0.071412,0,0.642933,0.357067,0,0.285912,0.714088,0.9997687000,inspect_p2,inspect,2,,,1,0.0,1.0,0,34.188463
5,315,GB:0.642864;BG:0.285705;BB:0.071431,0.0,0.0,0.0,0.0,0.0,0.642864,0.0,0.285705,0.071431,0,0.642864,0.357136,0,0.285705,0.714295,1.0000000000,inspect_p2,inspect,2,,,1,0.0,1.0,0,34.193008
5,316,GG:0.038458;GB:0.961542,0.0,0.0,0.0,0.0,0.038458,0.961542,0.0,0.0,0.0,0,1.0,0,0,0.038458,0.961542,0.9653878000,inspect_p2,inspect,2,,,1,0.0,1.0,0,32.169956
5,317,GG:0.002565;GB:0.641222;BG:0.284967;BB:0.071246,0.0,0.0,0.0,0.0,0.002565,0.641222,0.0,0.284967,0.071246,0,0.643787,0.356213,0,0.287532,0.712468,0.9976915000,inspect_p2,inspect,2,,,1,0.0,1.0,0,34.149755
5,318,NG:0.799988;NB:0.200012,0.0,0.799988,0.200012,0.0,0.0,0.0,0.0,0.0,0.0,1.0,0,0,0,0.799988,0.200012,,buy_p1_notest,buy,1,,,4,0.0,1.0,0,22.550278
5,319,GG:3e-06;GB:0.642864;BG:0.285702;BB:0.071431,0.0,0.0,0.0,0.0,3e-06,0.642864,0.0,0.285702,0.071431,0,0.642867,0.357133,0,0.285705,0.714295,0.9999973000,inspect_p2,inspect,2,,,1,0.0,1.0,0,34.192981
5,320,GN:0.900006;BN:0.099994,0.0,0.0,0.0,0.900006,0.0,0.0,0.099994,0.0,0.0,0,0.900006,0.099994,1.0,0,0,,buy_p2_test,buy,2,,,23.75,0.0,1.0,0,36.54978
5,321,GG:0.000257;GB:0.642705;BG:0.285631;BB:0.071407,0.0,0.0,0.0,0.0,0.000257,0.642705,0.0,0.285631,0.071407,0,0.642962,0.357038,0,0.285888,0.714112,0.9997687000,inspect_p2,inspect,2,,,1,0.0,1.0,0,34.188483
5,322,GG:0.002565;GB:0.641219;BG:0.284974;BB:0.071242,0.0,0.0,0.0,0.0,0.002565,0.641219,0.0,0.284974,0.071242,0,0.643784,0.356216,0,0.287539,0.712461,0.9976915000,inspect_p2,inspect,2,,,1,0.0,1.0,0,34.149542
5,323,GG:3e-06;GB:0.642863;BG:0.285708;BB:0.071426,0.0,0.0,0.0,0.0,3e-06,0.642863,0.0,0.285708,0.071426,0,0.642866,0.357134,0,0.285711,0.714289,0.9999973000,inspect_p2,inspect,2,,,1,0.0,1.0,0,34.19276
5,324,GG:0.899992;BG:0.100008,0.0,0.0,0.0,0.0,0.899992,0.0,0.0,0.100008,0.0,0,0.899992,0.100008,0,1.0,0,0.1900072000,assemble_notest_disassemble,assemble,,0,1,8.850108,0.8099928,0.1900072,0,12.800293
5,325,GG:0.719994;GB:0.179998;BG:0.080006;BB:0.020002,0.0,0.0,0.0,0.0,0.719994,0.179998,0.0,0.080006,0.020002,0,0.899992,0.100008,0,0.8,0.2,0.3520054000,inspect_p2,inspect,2,,,1,0.0,1.0,0,18.550278
5,326,GB:0.642842;BG:0.285727;BB:0.071431,0.0,0.0,0.0,0.0,0.0,0.642842,0.0,0.285727,0.071431,0,0.642842,0.357158,0,0.285727,0.714273,1.0000000000,inspect_p2,inspect,2,,,1,0.0,1.0,0,34.192839
5,327,GG:2.6e-05;GB:0.642824;BG:0.285721;BB:0.071429,0.0,0.0,0.0,0.0,2.6e-05,0.642824,0.0,0.285721,0.071429,0,0.64285,0.35715,0,0.285747,0.714253,0.9999766000,inspect_p2,inspect,2,,,1,0.0,1.0,0,34.192384
5,328,GG:0.000257;GB:0.642706;BG:0.285626;BB:0.071411,0.0,0.0,0.0,0.0,0.000257,0.642706,0.0,0.285626,0.071411,0,0.642963,0.357037,0,0.285883,0.714117,0.9997687000,inspect_p2,inspect,2,,,1,0.0,1.0,0,34.188673
5,329,GG:0.799988;GB:0.200012,0.0,0.0,0.0,0.0,0.799988,0.200012,0.0,0.0,0.0,0,1.0,0,0,0.799988,0.200012,0.2800108000,inspect_p2,inspect,2,,,1,0.0,1.0,0,14.083618
5,330,GG:0.719989;GB:0.180011;BG:0.079999;BB:0.020001,0.0,0.0,0.0,0.0,0.719989,0.180011,0.0,0.079999,0.020001,0,0.9,0.1,0,0.799988,0.200012,0.3520099000,inspect_p2,inspect,2,,,1,0.0,1.0,0,18.550278
5,331,GB:0.642866;BG:0.285703;BB:0.071431,0.0,0.0,0.0,0.0,0.0,0.642866,0.0,0.285703,0.071431,0,0.642866,0.357134,0,0.285703,0.714297,1.0000000000,inspect_p2,inspect,2,,,1,0.0,1.0,0,34.193032
5,332,GG:0.900006;BG:0.099994,0.0,0.0,0.0,0.0,0.900006,0.0,0.0,0.099994,0.0,0,0.900006,0.099994,0,1.0,0,0.1899946000,assemble_notest_disassemble,assemble,,0,1,8.849919,0.8100054,0.1899946,0,12.79978
5,333,GG:0.720005;GB:0.180001;BG:0.079995;BB:0.019999,0.0,0.0,0.0,0.0,0.720005,0.180001,0.0,0.079995,0.019999,0,0.900006,0.099994,0,0.8,0.2,0.3519955000,inspect_p2,inspect,2,,,1,0.0,1.0,0,18.549787
5,334,GG:2.6e-05;GB:0.642853;BG:0.285697;BB:0.071424,0.0,0.0,0.0,0.0,2.6e-05,0.642853,0.0,0.285697,0.071424,0,0.642879,0.357121,0,0.285723,0.714277,0.9999766000,inspect_p2,inspect,2,,,1,0.0,1.0,0,34.192404
5,335,GG:0.000257;GB:0.642703;BG:0.285633;BB:0.071407,0.0,0.0,0.0,0.0,0.000257,0.642703,0.0,0.285633,0.071407,0,0.64296,0.35704,0,0.28589,0.71411,0.9997687000,inspect_p2,inspect,2,,,1,0.0,1.0,0,34.188459
5,336,GB:0.642865;BG:0.285709;BB:0.071426,0.0,0.0,0.0,0.0,0.0,0.642865,0.0,0.285709,0.071426,0,0.642865,0.357135,0,0.285709,0.714291,1.0000000000,inspect_p2,inspect,2,,,1,0.0,1.0,0,34.19281
5,337,GG:0.473662;BG:0.526338,0.0,0.0,0.0,0.0,0.473662,0.0,0.0,0.526338,0.0,0,0.473662,0.526338,0,1.0,0,0.5737042000,inspect_p1,inspect,1,,,8,0.0,1.0,0,20.789662
5,338,GN:0.89999;BN:0.10001,0.0,0.0,0.0,0.89999,0.0,0.0,0.10001,0.0,0.0,0,0.89999,0.10001,1.0,0,0,,buy_p2_test,buy,2,,,23.75,0.0,1.0,0,36.550366
5,339,GG:0.204541;GB:0.51135;BG:0.227286;BB:0.056823,0.0,0.0,0.0,0.0,0.204541,0.51135,0.0,0.227286,0.056823,0,0.715891,0.284109,0,0.431827,0.568173,0.8159131000,inspect_p2,inspect,2,,,1,0.0,1.0,0,30.744461
5,340,GG:3e-06;GB:0.642838;BG:0.285728;BB:0.071431,0.0,0.0,0.0,0.0,3e-06,0.642838,0.0,0.285728,0.071431,0,0.642841,0.357159,0,0.285731,0.714269,0.9999973000,inspect_p2,inspect,2,,,1,0.0,1.0,0,34.192788
5,341,GG:2.6e-05;GB:0.642854;BG:0.285692;BB:0.071428,0.0,0.0,0.0,0.0,2.6e-05,0.642854,0.0,0.285692,0.071428,0,0.64288,0.35712,0,0.285718,0.714282,0.9999766000,inspect_p2,inspect,2,,,1,0.0,1.0,0,34.192594
5,342,GG:0.285699;GB:0.714301,0.0,0.0,0.0,0.0,0.285699,0.714301,0.0,0.0,0.0,0,1.0,0,0,0.285699,0.714301,0.7428709000,inspect_p2,inspect,2,,,1,0.0,1.0,0,26.297982
5,343,GG:0.204537;GB:0.511381;BG:0.227263;BB:0.056819,0.0,0.0,0.0,0.0,0.204537,0.511381,0.0,0.227263,0.056819,0,0.715918,0.284082,0,0.4318,0.5682,0.8159167000,inspect_p2,inspect,2,,,1,0.0,1.0,0,30.744552
5,344,GG:0.473701;BG:0.526299,0.0,0.0,0.0,0.0,0.473701,0.0,0.0,0.526299,0.0,0,0.473701,0.526299,0,1.0,0,0.5736691000,inspect_p1,inspect,1,,,8,0.0,1.0,0,20.789332
5,345,GG:0.204549;GB:0.511374;BG:0.227261;BB:0.056816,0.0,0.0,0.0,0.0,0.204549,0.511374,0.0,0.227261,0.056816,0,0.715923,0.284077,0,0.43181,0.56819,0.8159059000,inspect_p2,inspect,2,,,1,0.0,1.0,0,30.744282
5,346,GG:3e-06;GB:0.642867;BG:0.285704;BB:0.071426,0.0,0.0,0.0,0.0,3e-06,0.642867,0.0,0.285704,0.071426,0,0.64287,0.35713,0,0.285707,0.714293,0.9999973000,inspect_p2,inspect,2,,,1,0.0,1.0,0,34.192785
5,347,GG:2.6e-05;GB:0.642851;BG:0.285699;BB:0.071424,0.0,0.0,0.0,0.0,2.6e-05,0.642851,0.0,0.285699,0.071424,0,0.642877,0.357123,0,0.285725,0.714275,0.9999766000,inspect_p2,inspect,2,,,1,0.0,1.0,0,34.19238
5,348,GG:0.082562;BG:0.917438,0.0,0.0,0.0,0.0,0.082562,0.0,0.0,0.917438,0.0,0,0.082562,0.917438,0,1.0,0,0.9256942000,inspect_p1,inspect,1,,,8,0.0,1.0,0,24.100975
5,349,GG:0.89999;BG:0.10001,0.0,0.0,0.0,0.0,0.89999,0.0,0.0,0.10001,0.0,0,0.89999,0.10001,0,1.0,0,0.1900090000,assemble_notest_disassemble,assemble,,0,1,8.850135,0.809991,0.190009,0,12.800366
5,350,GG:0.719992;GB:0.179998;BG:0.080008;BB:0.020002,0.0,0.0,0.0,0.0,0.719992,0.179998,0.0,0.080008,0.020002,0,0.89999,0.10001,0,0.8,0.2,0.3520072000,inspect_p2,inspect,2,,,1,0.0,1.0,0,18.550366
5,351,GG:0.025069;GB:0.626722;BG:0.278566;BB:0.069643,0.0,0.0,0.0,0.0,0.025069,0.626722,0.0,0.278566,0.069643,0,0.651791,0.348209,0,0.303635,0.696365,0.9774379000,inspect_p2,inspect,2,,,1,0.0,1.0,0,33.770268
5,352,GB:0.64284;BG:0.285729;BB:0.071431,0.0,0.0,0.0,0.0,0.0,0.64284,0.0,0.285729,0.071431,0,0.64284,0.35716,0,0.285729,0.714271,1.0000000000,inspect_p2,inspect,2,,,1,0.0,1.0,0,34.192816
5,353,GG:3e-06;GB:0.642868;BG:0.285699;BB:0.07143,0.0,0.0,0.0,0.0,3e-06,0.642868,0.0,0.285699,0.07143,0,0.642871,0.357129,0,0.285702,0.714298,0.9999973000,inspect_p2,inspect,2,,,1,0.0,1.0,0,34.192975
5,354,GG:0.025068;GB:0.626757;BG:0.278537;BB:0.069638,0.0,0.0,0.0,0.0,0.025068,0.626757,0.0,0.278537,0.069638,0,0.651825,0.348175,0,0.303605,0.696395,0.9774388000,inspect_p2,inspect,2,,,1,0.0,1.0,0,33.770337
5,355,GG:0.082574;BG:0.917426,0.0,0.0,0.0,0.0,0.082574,0.0,0.0,0.917426,0.0,0,0.082574,0.917426,0,1.0,0,0.9256834000,inspect_p1,inspect,1,,,8,0.0,1.0,0,24.100874
5,356,GG:0.02507;GB:0.626757;BG:0.278538;BB:0.069635,0.0,0.0,0.0,0.0,0.02507,0.626757,0.0,0.278538,0.069635,0,0.651827,0.348173,0,0.303608,0.696392,0.9774370000,inspect_p2,inspect,2,,,1,0.0,1.0,0,33.770192
5,357,GB:0.642869;BG:0.285705;BB:0.071426,0.0,0.0,0.0,0.0,0.0,0.642869,0.0,0.285705,0.071426,0,0.642869,0.357131,0,0.285705,0.714295,1.0000000000,inspect_p2,inspect,2,,,1,0.0,1.0,0,34.192836
5,358,GG:3e-06;GB:0.642865;BG:0.285706;BB:0.071426,0.0,0.0,0.0,0.0,3e-06,0.642865,0.0,0.285706,0.071426,0,0.642868,0.357132,0,0.285709,0.714291,0.9999973000,inspect_p2,inspect,2,,,1,0.0,1.0,0,34.192783
5,359,GG:0.473657;BG:0.526343,0.0,0.0,0.0,0.0,0.473657,0.0,0.0,0.526343,0.0,0,0.473657,0.526343,0,1.0,0,0.5737087000,inspect_p1,inspect,1,,,8,0.0,1.0,0,20.789704
5,360,GG:0.204539;GB:0.511347;BG:0.227291;BB:0.056823,0.0,0.0,0.0,0.0,0.204539,0.511347,0.0,0.227291,0.056823,0,0.715886,0.284114,0,0.43183,0.56817,0.8159149000,inspect_p2,inspect,2,,,1,0.0,1.0,0,30.74446
5,361,GN:0.899991;BN:0.100009,0.0,0.0,0.0,0.899991,0.0,0.0,0.100009,0.0,0.0,0,0.899991,0.100009,1.0,0,0,,buy_p2_test,buy,2,,,23.75,0.0,1.0,0,36.55033
5,362,GG:0.002565;GB:0.641188;BG:0.284996;BB:0.071251,0.0,0.0,0.0,0.0,0.002565,0.641188,0.0,0.284996,0.071251,0,0.643753,0.356247,0,0.287561,0.712439,0.9976915000,inspect_p2,inspect,2,,,1,0.0,1.0,0,34.149702
5,363,GB:0.64287;BG:0.2857;BB:0.07143,0.0,0.0,0.0,0.0,0.0,0.64287,0.0,0.2857,0.07143,0,0.64287,0.35713,0,0.2857,0.7143,1.0000000000,inspect_p2,inspect,2,,,1,0.0,1.0,0,34.193025
5,364,GG:0.002565;GB:0.641224;BG:0.284966;BB:0.071245,0.0,0.0,0.0,0.0,0.002565,0.641224,0.0,0.284966,0.071245,0,0.643789,0.356211,0,0.287531,0.712469,0.9976915000,inspect_p2,inspect,2,,,1,0.0,1.0,0,34.149704
5,365,GG:0.002565;GB:0.641225;BG:0.284968;BB:0.071242,0.0,0.0,0.0,0.0,0.002565,0.641225,0.0,0.284968,0.071242,0,0.64379,0.35621,0,0.287533,0.712467,0.9976915000,inspect_p2,inspect,2,,,1,0.0,1.0,0,34.149577
5,366,GB:0.642867;BG:0.285707;BB:0.071426,0.0,0.0,0.0,0.0,0.0,0.642867,0.0,0.285707,0.071426,0,0.642867,0.357133,0,0.285707,0.714293,1.0000000000,inspect_p2,inspect,2,,,1,0.0,1.0,0,34.192812
5,367,GG:0.082561;BG:0.917439,0.0,0.0,0.0,0.0,0.082561,0.0,0.0,0.917439,0.0,0,0.082561,0.917439,0,1.0,0,0.9256951000,inspect_p1,inspect,1,,,8,0.0,1.0,0,24.100984
5,368,GG:0.473656;BG:0.526344,0.0,0.0,0.0,0.0,0.473656,0.0,0.0,0.526344,0.0,0,0.473656,0.526344,0,1.0,0,0.5737096000,inspect_p1,inspect,1,,,8,0.0,1.0,0,20.789713
5,369,GN:0.899989;BN:0.100011,0.0,0.0,0.0,0.899989,0.0,0.0,0.100011,0.0,0.0,0,0.899989,0.100011,1.0,0,0,,buy_p2_notest,buy,2,,,18,0.0,1.0,0,36.550396
5,370,GG:0.025069;GB:0.626716;BG:0.278572;BB:0.069643,0.0,0.0,0.0,0.0,0.025069,0.626716,0.0,0.278572,0.069643,0,0.651785,0.348215,0,0.303641,0.696359,0.9774379000,inspect_p2,inspect,2,,,1,0.0,1.0,0,33.770223
5,371,GG:0.899991;BG:0.100009,0.0,0.0,0.0,0.0,0.899991,0.0,0.0,0.100009,0.0,0,0.899991,0.100009,0,1.0,0,0.1900081000,assemble_notest_disassemble,assemble,,0,1,8.850122,0.8099919,0.1900081,0,12.80033
5,372,GG:0.719993;GB:0.179998;BG:0.080007;BB:0.020002,0.0,0.0,0.0,0.0,0.719993,0.179998,0.0,0.080007,0.020002,0,0.899991,0.100009,0,0.8,0.2,0.3520063000,inspect_p2,inspect,2,,,1,0.0,1.0,0,18.550338
5,373,GG:0.000257;GB:0.642672;BG:0.285655;BB:0.071416,0.0,0.0,0.0,0.0,0.000257,0.642672,0.0,0.285655,0.071416,0,0.642929,0.357071,0,0.285912,0.714088,0.9997687000,inspect_p2,inspect,2,,,1,0.0,1.0,0,34.188619
5,374,GG:0.000257;GB:0.642708;BG:0.285625;BB:0.07141,0.0,0.0,0.0,0.0,0.000257,0.642708,0.0,0.285625,0.07141,0,0.642965,0.357035,0,0.285882,0.714118,0.9997687000,inspect_p2,inspect,2,,,1,0.0,1.0,0,34.188621
5,375,GN:0.900007;BN:0.099993,0.0,0.0,0.0,0.900007,0.0,0.0,0.099993,0.0,0.0,0,0.900007,0.099993,1.0,0,0,,buy_p2_notest,buy,2,,,18,0.0,1.0,0,36.549729
5,376,GG:0.000257;GB:0.642709;BG:0.285627;BB:0.071407,0.0,0.0,0.0,0.0,0.000257,0.642709,0.0,0.285627,0.071407,0,0.642966,0.357034,0,0.285884,0.714116,0.9997687000,inspect_p2,inspect,2,,,1,0.0,1.0,0,34.18853
5,377,GG:0.08256;BG:0.91744,0.0,0.0,0.0,0.0,0.08256,0.0,0.0,0.91744,0.0,0,0.08256,0.91744,0,1.0,0,0.9256960000,inspect_p1,inspect,1,,,8,0.0,1.0,0,24.100992
5,378,GG:0.899989;BG:0.100011,0.0,0.0,0.0,0.0,0.899989,0.0,0.0,0.100011,0.0,0,0.899989,0.100011,0,1.0,0,0.1900099000,assemble_notest_disassemble,assemble,,0,1,8.850148,0.8099901,0.1900099,0,12.800403
5,379,GG:0.719991;GB:0.179998;BG:0.080009;BB:0.020002,0.0,0.0,0.0,0.0,0.719991,0.179998,0.0,0.080009,0.020002,0,0.899989,0.100011,0,0.8,0.2,0.3520081000,inspect_p2,inspect,2,,,1,0.0,1.0,0,18.550396
5,380,GG:0.002565;GB:0.641182;BG:0.285002;BB:0.071251,0.0,0.0,0.0,0.0,0.002565,0.641182,0.0,0.285002,0.071251,0,0.643747,0.356253,0,0.287567,0.712433,0.9976915000,inspect_p2,inspect,2,,,1,0.0,1.0,0,34.149652
5,381,GG:0.473659;BG:0.526341,0.0,0.0,0.0,0.0,0.473659,0.0,0.0,0.526341,0.0,0,0.473659,0.526341,0,1.0,0,0.5737069000,inspect_p1,inspect,1,,,8,0.0,1.0,0,20.789687
5,382,GG:0.20454;GB:0.511348;BG:0.227289;BB:0.056823,0.0,0.0,0.0,0.0,0.20454,0.511348,0.0,0.227289,0.056823,0,0.715888,0.284112,0,0.431829,0.568171,0.8159140000,inspect_p2,inspect,2,,,1,0.0,1.0,0,30.744444
5,383,GG:2.6e-05;GB:0.64282;BG:0.285721;BB:0.071433,0.0,0.0,0.0,0.0,2.6e-05,0.64282,0.0,0.285721,0.071433,0,0.642846,0.357154,0,0.285747,0.714253,0.9999766000,inspect_p2,inspect,2,,,1,0.0,1.0,0,34.192535
5,384,GG:2.6e-05;GB:0.642856;BG:0.285691;BB:0.071427,0.0,0.0,0.0,0.0,2.6e-05,0.642856,0.0,0.285691,0.071427,0,0.642882,0.357118,0,0.285717,0.714283,0.9999766000,inspect_p2,inspect,2,,,1,0.0,1.0,0,34.192542
5,385,GG:0.900007;BG:0.099993,0.0,0.0,0.0,0.0,0.900007,0.0,0.0,0.099993,0.0,0,0.900007,0.099993,0,1.0,0,0.1899937000,assemble_notest_disassemble,assemble,,0,1,8.849905,0.8100063,0.1899937,0,12.799743
5,386,GG:0.720006;GB:0.180001;BG:0.079994;BB:0.019999,0.0,0.0,0.0,0.0,0.720006,0.180001,0.0,0.079994,0.019999,0,0.900007,0.099993,0,0.8,0.2,0.3519946000,inspect_p2,inspect,2,,,1,0.0,1.0,0,18.549729
5,387,GG:2.6e-05;GB:0.642857;BG:0.285693;BB:0.071424,0.0,0.0,0.0,0.0,2.6e-05,0.642857,0.0,0.285693,0.071424,0,0.642883,0.357117,0,0.285719,0.714281,0.9999766000,inspect_p2,inspect,2,,,1,0.0,1.0,0,34.192424
5,388,GG:0.473654;BG:0.526346,0.0,0.0,0.0,0.0,0.473654,0.0,0.0,0.526346,0.0,0,0.473654,0.526346,0,1.0,0,0.5737114000,inspect_p1,inspect,1,,,8,0.0,1.0,0,20.78973
5,389,GG:0.204538;GB:0.511346;BG:0.227293;BB:0.056823,0.0,0.0,0.0,0.0,0.204538,0.511346,0.0,0.227293,0.056823,0,0.715884,0.284116,0,0.431831,0.568169,0.8159158000,inspect_p2,inspect,2,,,1,0.0,1.0,0,30.744455
5,390,GG:0.000257;GB:0.642666;BG:0.285661;BB:0.071416,0.0,0.0,0.0,0.0,0.000257,0.642666,0.0,0.285661,0.071416,0,0.642923,0.357077,0,0.285918,0.714082,0.9997687000,inspect_p2,inspect,2,,,1,0.0,1.0,0,34.18857
5,391,GG:0.47366;BG:0.52634,0.0,0.0,0.0,0.0,0.47366,0.0,0.0,0.52634,0.0,0,0.47366,0.52634,0,1.0,0,0.5737060000,inspect_p1,inspect,1,,,8,0.0,1.0,0,20.789679
5,392,GG:0.025069;GB:0.626718;BG:0.27857;BB:0.069643,0.0,0.0,0.0,0.0,0.025069,0.626718,0.0,0.27857,0.069643,0,0.651787,0.348213,0,0.303639,0.696361,0.9774379000,inspect_p2,inspect,2,,,1,0.0,1.0,0,33.770245
5,393,GG:3e-06;GB:0.642834;BG:0.285728;BB:0.071435,0.0,0.0,0.0,0.0,3e-06,0.642834,0.0,0.285728,0.071435,0,0.642837,0.357163,0,0.285731,0.714269,0.9999973000,inspect_p2,inspect,2,,,1,0.0,1.0,0,34.192919
5,394,GG:3e-06;GB:0.64287;BG:0.285698;BB:0.071429,0.0,0.0,0.0,0.0,3e-06,0.64287,0.0,0.285698,0.071429,0,0.642873,0.357127,0,0.285701,0.714299,0.9999973000,inspect_p2,inspect,2,,,1,0.0,1.0,0,34.192961
5,395,GG:0.473704;BG:0.526296,0.0,0.0,0.0,0.0,0.473704,0.0,0.0,0.526296,0.0,0,0.473704,0.526296,0,1.0,0,0.5736664000,inspect_p1,inspect,1,,,8,0.0,1.0,0,20.789306
5,396,GG:0.900008;BG:0.099992,0.0,0.0,0.0,0.0,0.900008,0.0,0.0,0.099992,0.0,0,0.900008,0.099992,0,1.0,0,0.1899928000,assemble_notest_disassemble,assemble,,0,1,8.849892,0.8100072,0.1899928,0,12.799707
5,397,GG:0.20455;GB:0.511375;BG:0.227259;BB:0.056816,0.0,0.0,0.0,0.0,0.20455,0.511375,0.0,0.227259,0.056816,0,0.715925,0.284075,0,0.431809,0.568191,0.8159050000,inspect_p2,inspect,2,,,1,0.0,1.0,0,30.744283
5,398,GG:3e-06;GB:0.642871;BG:0.2857;BB:0.071426,0.0,0.0,0.0,0.0,3e-06,0.642871,0.0,0.2857,0.071426,0,0.642874,0.357126,0,0.285703,0.714297,0.9999973000,inspect_p2,inspect,2,,,1,0.0,1.0,0,34.192832
5,399,GG:0.473653;BG:0.526347,0.0,0.0,0.0,0.0,0.473653,0.0,0.0,0.526347,0.0,0,0.473653,0.526347,0,1.0,0,0.5737123000,inspect_p1,inspect,1,,,8,0.0,1.0,0,20.789738
5,400,GG:0.025069;GB:0.626714;BG:0.278574;BB:0.069643,0.0,0.0,0.0,0.0,0.025069,0.626714,0.0,0.278574,0.069643,0,0.651783,0.348217,0,0.303643,0.696357,0.9774379000,inspect_p2,inspect,2,,,1,0.0,1.0,0,33.770198
5,401,GG:2.6e-05;GB:0.642814;BG:0.285727;BB:0.071433,0.0,0.0,0.0,0.0,2.6e-05,0.642814,0.0,0.285727,0.071433,0,0.64284,0.35716,0,0.285753,0.714247,0.9999766000,inspect_p2,inspect,2,,,1,0.0,1.0,0,34.192486
5,402,GG:0.002565;GB:0.641184;BG:0.285;BB:0.071251,0.0,0.0,0.0,0.0,0.002565,0.641184,0.0,0.285,0.071251,0,0.643749,0.356251,0,0.287565,0.712435,0.9976915000,inspect_p2,inspect,2,,,1,0.0,1.0,0,34.149675
5,403,GB:0.642836;BG:0.285729;BB:0.071435,0.0,0.0,0.0,0.0,0.0,0.642836,0.0,0.285729,0.071435,0,0.642836,0.357164,0,0.285729,0.714271,1.0000000000,inspect_p2,inspect,2,,,1,0.0,1.0,0,34.192967
5,404,GB:0.642872;BG:0.285699;BB:0.071429,0.0,0.0,0.0,0.0,0.0,0.642872,0.0,0.285699,0.071429,0,0.642872,0.357128,0,0.285699,0.714301,1.0000000000,inspect_p2,inspect,2,,,1,0.0,1.0,0,34.192974
5,405,GG:0.082575;BG:0.917425,0.0,0.0,0.0,0.0,0.082575,0.0,0.0,0.917425,0.0,0,0.082575,0.917425,0,1.0,0,0.9256825000,inspect_p1,inspect,1,,,8,0.0,1.0,0,24.100865
5,406,GG:0.473706;BG:0.526294,0.0,0.0,0.0,0.0,0.473706,0.0,0.0,0.526294,0.0,0,0.473706,0.526294,0,1.0,0,0.5736646000,inspect_p1,inspect,1,,,8,0.0,1.0,0,20.789289
5,407,GG:0.473705;BG:0.526295,0.0,0.0,0.0,0.0,0.473705,0.0,0.0,0.526295,0.0,0,0.473705,0.526295,0,1.0,0,0.5736655000,inspect_p1,inspect,1,,,8,0.0,1.0,0,20.789298
5,408,GG:0.02507;GB:0.626758;BG:0.278536;BB:0.069636,0.0,0.0,0.0,0.0,0.02507,0.626758,0.0,0.278536,0.069636,0,0.651828,0.348172,0,0.303606,0.696394,0.9774370000,inspect_p2,inspect,2,,,1,0.0,1.0,0,33.770243
5,409,GB:0.642873;BG:0.285701;BB:0.071426,0.0,0.0,0.0,0.0,0.0,0.642873,0.0,0.285701,0.071426,0,0.642873,0.357127,0,0.285701,0.714299,1.0000000000,inspect_p2,inspect,2,,,1,0.0,1.0,0,34.192882
5,410,GG:0.082559;BG:0.917441,0.0,0.0,0.0,0.0,0.082559,0.0,0.0,0.917441,0.0,0,0.082559,0.917441,0,1.0,0,0.9256969000,inspect_p1,inspect,1,,,8,0.0,1.0,0,24.101001
5,411,GG:0.002565;GB:0.64118;BG:0.285004;BB:0.071251,0.0,0.0,0.0,0.0,0.002565,0.64118,0.0,0.285004,0.071251,0,0.643745,0.356255,0,0.287569,0.712431,0.9976915000,inspect_p2,inspect,2,,,1,0.0,1.0,0,34.149628
5,412,GN:0.899988;BN:0.100012,0.0,0.0,0.0,0.899988,0.0,0.0,0.100012,0.0,0.0,0,0.899988,0.100012,1.0,0,0,,buy_p2_notest,buy,2,,,18,0.0,1.0,0,36.550425
5,413,GG:3e-06;GB:0.642828;BG:0.285734;BB:0.071435,0.0,0.0,0.0,0.0,3e-06,0.642828,0.0,0.285734,0.071435,0,0.642831,0.357169,0,0.285737,0.714263,0.9999973000,inspect_p2,inspect,2,,,1,0.0,1.0,0,34.19287
5,414,GG:0.000257;GB:0.642668;BG:0.285659;BB:0.071416,0.0,0.0,0.0,0.0,0.000257,0.642668,0.0,0.285659,0.071416,0,0.642925,0.357075,0,0.285916,0.714084,0.9997687000,inspect_p2,inspect,2,,,1,0.0,1.0,0,34.188593
5,415,GG:0.002565;GB:0.641226;BG:0.284966;BB:0.071243,0.0,0.0,0.0,0.0,0.002565,0.641226,0.0,0.284966,0.071243,0,0.643791,0.356209,0,0.287531,0.712469,0.9976915000,inspect_p2,inspect,2,,,1,0.0,1.0,0,34.149663
5,416,GG:0.000257;GB:0.642664;BG:0.285663;BB:0.071416,0.0,0.0,0.0,0.0,0.000257,0.642664,0.0,0.285663,0.071416,0,0.642921,0.357079,0,0.28592,0.71408,0.9997687000,inspect_p2,inspect,2,,,1,0.0,1.0,0,34.188546
5,417,GG:0.899988;BG:0.100012,0.0,0.0,0.0,0.0,0.899988,0.0,0.0,0.100012,0.0,0,0.899988,0.100012,0,1.0,0,0.1900108000,assemble_notest_disassemble,assemble,,0,1,8.850162,0.8099892,0.1900108,0,12.80044
5,418,GG:0.71999;GB:0.179998;BG:0.08001;BB:0.020002,0.0,0.0,0.0,0.0,0.71999,0.179998,0.0,0.08001,0.020002,0,0.899988,0.100012,0,0.8,0.2,0.3520090000,inspect_p2,inspect,2,,,1,0.0,1.0,0,18.550425
5,419,GB:0.64283;BG:0.285735;BB:0.071435,0.0,0.0,0.0,0.0,0.0,0.64283,0.0,0.285735,0.071435,0,0.64283,0.35717,0,0.285735,0.714265,1.0000000000,inspect_p2,inspect,2,,,1,0.0,1.0,0,34.192918
5,420,GG:2.6e-05;GB:0.642816;BG:0.285725;BB:0.071433,0.0,0.0,0.0,0.0,2.6e-05,0.642816,0.0,0.285725,0.071433,0,0.642842,0.357158,0,0.285751,0.714249,0.9999766000,inspect_p2,inspect,2,,,1,0.0,1.0,0,34.192488
5,421,GG:0.000257;GB:0.64271;BG:0.285625;BB:0.071408,0.0,0.0,0.0,0.0,0.000257,0.64271,0.0,0.285625,0.071408,0,0.642967,0.357033,0,0.285882,0.714118,0.9997687000,inspect_p2,inspect,2,,,1,0.0,1.0,0,34.18858
5,422,GG:2.6e-05;GB:0.642812;BG:0.285729;BB:0.071433,0.0,0.0,0.0,0.0,2.6e-05,0.642812,0.0,0.285729,0.071433,0,0.642838,0.357162,0,0.285755,0.714245,0.9999766000,inspect_p2,inspect,2,,,1,0.0,1.0,0,34.192462
5,423,GG:0.473651;BG:0.526349,0.0,0.0,0.0,0.0,0.473651,0.0,0.0,0.526349,0.0,0,0.473651,0.526349,0,1.0,0,0.5737141000,inspect_p1,inspect,1,,,8,0.0,1.0,0,20.789755
5,424,GG:0.204537;GB:0.511346;BG:0.227295;BB:0.056822,0.0,0.0,0.0,0.0,0.204537,0.511346,0.0,0.227295,0.056822,0,0.715883,0.284117,0,0.431832,0.568168,0.8159167000,inspect_p2,inspect,2,,,1,0.0,1.0,0,30.744417
5,425,GG:3e-06;GB:0.64283;BG:0.285732;BB:0.071435,0.0,0.0,0.0,0.0,3e-06,0.64283,0.0,0.285732,0.071435,0,0.642833,0.357167,0,0.285735,0.714265,0.9999973000,inspect_p2,inspect,2,,,1,0.0,1.0,0,34.192893
5,426,GG:2.6e-05;GB:0.642858;BG:0.285691;BB:0.071425,0.0,0.0,0.0,0.0,2.6e-05,0.642858,0.0,0.285691,0.071425,0,0.642884,0.357116,0,0.285717,0.714283,0.9999766000,inspect_p2,inspect,2,,,1,0.0,1.0,0,34.192474
5,427,GG:3e-06;GB:0.642826;BG:0.285736;BB:0.071435,0.0,0.0,0.0,0.0,3e-06,0.642826,0.0,0.285736,0.071435,0,0.642829,0.357171,0,0.285739,0.714261,0.9999973000,inspect_p2,inspect,2,,,1,0.0,1.0,0,34.192846
5,428,NG:0.800005;NB:0.199995,0.0,0.800005,0.199995,0.0,0.0,0.0,0.0,0.0,0.0,1.0,0,0,0,0.800005,0.199995,,inspect_p2,inspect,2,,,1,0.0,1.0,0,22.549882
5,429,GG:0.473649;BG:0.526351,0.0,0.0,0.0,0.0,0.473649,0.0,0.0,0.526351,0.0,0,0.473649,0.526351,0,1.0,0,0.5737159000,inspect_p1,inspect,1,,,8,0.0,1.0,0,20.789772
5,430,GG:0.025068;GB:0.626714;BG:0.278576;BB:0.069642,0.0,0.0,0.0,0.0,0.025068,0.626714,0.0,0.278576,0.069642,0,0.651782,0.348218,0,0.303644,0.696356,0.9774388000,inspect_p2,inspect,2,,,1,0.0,1.0,0,33.770171
5,431,GB:0.642832;BG:0.285733;BB:0.071435,0.0,0.0,0.0,0.0,0.0,0.642832,0.0,0.285733,0.071435,0,0.642832,0.357168,0,0.285733,0.714267,1.0000000000,inspect_p2,inspect,2,,,1,0.0,1.0,0,34.192941
5,432,GG:3e-06;GB:0.642872;BG:0.285698;BB:0.071427,0.0,0.0,0.0,0.0,3e-06,0.642872,0.0,0.285698,0.071427,0,0.642875,0.357125,0,0.285701,0.714299,0.9999973000,inspect_p2,inspect,2,,,1,0.0,1.0,0,34.192877
5,433,GB:0.642828;BG:0.285737;BB:0.071435,0.0,0.0,0.0,0.0,0.0,0.642828,0.0,0.285737,0.071435,0,0.642828,0.357172,0,0.285737,0.714263,1.0000000000,inspect_p2,inspect,2,,,1,0.0,1.0,0,34.192894
5,434,GG:0.800005;GB:0.199995,0.0,0.0,0.0,0.0,0.800005,0.199995,0.0,0.0,0.0,0,1.0,0,0,0.800005,0.199995,0.2799955000,inspect_p2,inspect,2,,,1,0.0,1.0,0,14.083215
5,435,GG:0.720003;GB:0.179996;BG:0.080001;BB:0.02,0.0,0.0,0.0,0.0,0.720003,0.179996,0.0,0.080001,0.02,0,0.899999,0.100001,0,0.800004,0.199996,0.3519973000,inspect_p2,inspect,2,,,1,0.0,1.0,0,18.549947
5,436,GG:0.082558;BG:0.917442,0.0,0.0,0.0,0.0,0.082558,0.0,0.0,0.917442,0.0,0,0.082558,0.917442,0,1.0,0,0.9256978000,inspect_p1,inspect,1,,,8,0.0,1.0,0,24.101009
5,437,GG:0.082557;BG:0.917443,0.0,0.0,0.0,0.0,0.082557,0.0,0.0,0.917443,0.0,0,0.082557,0.917443,0,1.0,0,0.9256987000,inspect_p1,inspect,1,,,8,0.0,1.0,0,24.101018
5,438,GG:0.002565;GB:0.64118;BG:0.285006;BB:0.071249,0.0,0.0,0.0,0.0,0.002565,0.64118,0.0,0.285006,0.071249,0,0.643745,0.356255,0,0.287571,0.712429,0.9976915000,inspect_p2,inspect,2,,,1,0.0,1.0,0,34.149558
5,439,GB:0.642874;BG:0.285699;BB:0.071427,0.0,0.0,0.0,0.0,0.0,0.642874,0.0,0.285699,0.071427,0,0.642874,0.357126,0,0.285699,0.714301,1.0000000000,inspect_p2,inspect,2,,,1,0.0,1.0,0,34.192927
5,440,GG:0.285721;GB:0.714279,0.0,0.0,0.0,0.0,0.285721,0.714279,0.0,0.0,0.0,0,1.0,0,0,0.285721,0.714279,0.7428511000,inspect_p2,inspect,2,,,1,0.0,1.0,0,26.29746
5,441,GG:0.204548;GB:0.511356;BG:0.227277;BB:0.056819,0.0,0.0,0.0,0.0,0.204548,0.511356,0.0,0.227277,0.056819,0,0.715904,0.284096,0,0.431825,0.568175,0.8159068000,inspect_p2,inspect,2,,,1,0.0,1.0,0,30.744269
5,442,GG:0.008918;BG:0.991082,0.0,0.0,0.0,0.0,0.008918,0.0,0.0,0.991082,0.0,0,0.008918,0.991082,0,1.0,0,0.9919738000,inspect_p1,inspect,1,,,8,0.0,1.0,0,24.724495
5,443,NG:0.800006;NB:0.199994,0.0,0.800006,0.199994,0.0,0.0,0.0,0.0,0.0,0.0,1.0,0,0,0,0.800006,0.199994,,buy_p1_notest,buy,1,,,4,0.0,1.0,0,22.54984
5,444,GG:0.000257;GB:0.642664;BG:0.285665;BB:0.071414,0.0,0.0,0.0,0.0,0.000257,0.642664,0.0,0.285665,0.071414,0,0.642921,0.357079,0,0.285922,0.714078,0.9997687000,inspect_p2,inspect,2,,,1,0.0,1.0,0,34.188476
5,445,GG:0.02507;GB:0.626733;BG:0.278558;BB:0.069639,0.0,0.0,0.0,0.0,0.02507,0.626733,0.0,0.278558,0.069639,0,0.651803,0.348197,0,0.303628,0.696372,0.9774370000,inspect_p2,inspect,2,,,1,0.0,1.0,0,33.770178
5,446,GG:0.800006;GB:0.199994,0.0,0.0,0.0,0.0,0.800006,0.199994,0.0,0.0,0.0,0,1.0,0,0,0.800006,0.199994,0.2799946000,inspect_p2,inspect,2,,,1,0.0,1.0,0,14.083191
5,447,GG:0.720005;GB:0.179995;BG:0.080001;BB:0.019999,0.0,0.0,0.0,0.0,0.720005,0.179995,0.0,0.080001,0.019999,0,0.9,0.1,0,0.800006,0.199994,0.3519955000,inspect_p2,inspect,2,,,1,0.0,1.0,0,18.54984
5,448,GG:2.6e-05;GB:0.642812;BG:0.285731;BB:0.071431,0.0,0.0,0.0,0.0,2.6e-05,0.642812,0.0,0.285731,0.071431,0,0.642838,0.357162,0,0.285757,0.714243,0.9999766000,inspect_p2,inspect,2,,,1,0.0,1.0,0,34.192371
5,449,GG:0.002565;GB:0.6412;BG:0.284988;BB:0.071247,0.0,0.0,0.0,0.0,0.002565,0.6412,0.0,0.284988,0.071247,0,0.643765,0.356235,0,0.287553,0.712447,0.9976915000,inspect_p2,inspect,2,,,1,0.0,1.0,0,34.149603
5,450,GG:0.285722;GB:0.714278,0.0,0.0,0.0,0.0,0.285722,0.714278,0.0,0.0,0.0,0,1.0,0,0,0.285722,0.714278,0.7428502000,inspect_p2,inspect,2,,,1,0.0,1.0,0,26.297436
5,451,NG:0.80001;NB:0.19999,0.0,0.80001,0.19999,0.0,0.0,0.0,0.0,0.0,0.0,1.0,0,0,0,0.80001,0.19999,,buy_p1_notest,buy,1,,,4,0.0,1.0,0,22.549763
5,452,GG:0.204549;GB:0.511357;BG:0.227278;BB:0.056816,0.0,0.0,0.0,0.0,0.204549,0.511357,0.0,0.227278,0.056816,0,0.715906,0.284094,0,0.431827,0.568173,0.8159059000,inspect_p2,inspect,2,,,1,0.0,1.0,0,30.744133
5,453,GG:3e-06;GB:0.642826;BG:0.285738;BB:0.071433,0.0,0.0,0.0,0.0,3e-06,0.642826,0.0,0.285738,0.071433,0,0.642829,0.357171,0,0.285741,0.714259,0.9999973000,inspect_p2,inspect,2,,,1,0.0,1.0,0,34.192781
5,454,GG:0.000257;GB:0.642684;BG:0.285647;BB:0.071412,0.0,0.0,0.0,0.0,0.000257,0.642684,0.0,0.285647,0.071412,0,0.642941,0.357059,0,0.285904,0.714096,0.9997687000,inspect_p2,inspect,2,,,1,0.0,1.0,0,34.18852
5,455,GG:0.80001;GB:0.19999,0.0,0.0,0.0,0.0,0.80001,0.19999,0.0,0.0,0.0,0,1.0,0,0,0.80001,0.19999,0.2799910000,inspect_p2,inspect,2,,,1,0.0,1.0,0,14.083096
5,456,GG:0.720009;GB:0.179991;BG:0.080001;BB:0.019999,0.0,0.0,0.0,0.0,0.720009,0.179991,0.0,0.080001,0.019999,0,0.9,0.1,0,0.80001,0.19999,0.3519919000,inspect_p2,inspect,2,,,1,0.0,1.0,0,18.549763
5,457,GG:0.02507;GB:0.626736;BG:0.278559;BB:0.069635,0.0,0.0,0.0,0.0,0.02507,0.626736,0.0,0.278559,0.069635,0,0.651806,0.348194,0,0.303629,0.696371,0.9774370000,inspect_p2,inspect,2,,,1,0.0,1.0,0,33.770012
5,458,GB:0.642828;BG:0.285739;BB:0.071433,0.0,0.0,0.0,0.0,0.0,0.642828,0.0,0.285739,0.071433,0,0.642828,0.357172,0,0.285739,0.714261,1.0000000000,inspect_p2,inspect,2,,,1,0.0,1.0,0,34.192828
5,459,GG:2.6e-05;GB:0.642832;BG:0.285713;BB:0.071429,0.0,0.0,0.0,0.0,2.6e-05,0.642832,0.0,0.285713,0.071429,0,0.642858,0.357142,0,0.285739,0.714261,0.9999766000,inspect_p2,inspect,2,,,1,0.0,1.0,0,34.192452
5,460,GG:0.285727;GB:0.714273,0.0,0.0,0.0,0.0,0.285727,0.714273,0.0,0.0,0.0,0,1.0,0,0,0.285727,0.714273,0.7428457000,inspect_p2,inspect,2,,,1,0.0,1.0,0,26.297317
5,461,GG:0.204553;GB:0.511349;BG:0.227281;BB:0.056817,0.0,0.0,0.0,0.0,0.204553,0.511349,0.0,0.227281,0.056817,0,0.715902,0.284098,0,0.431834,0.568166,0.8159023000,inspect_p2,inspect,2,,,1,0.0,1.0,0,30.744087
5,462,NG:0.800011;NB:0.199989,0.0,0.800011,0.199989,0.0,0.0,0.0,0.0,0.0,0.0,1.0,0,0,0,0.800011,0.199989,,inspect_p2,inspect,2,,,1,0.0,1.0,0,22.549739
5,463,GG:0.002565;GB:0.641204;BG:0.284989;BB:0.071242,0.0,0.0,0.0,0.0,0.002565,0.641204,0.0,0.284989,0.071242,0,0.643769,0.356231,0,0.287554,0.712446,0.9976915000,inspect_p2,inspect,2,,,1,0.0,1.0,0,34.149414
5,464,GG:3e-06;GB:0.642846;BG:0.28572;BB:0.071431,0.0,0.0,0.0,0.0,3e-06,0.642846,0.0,0.28572,0.071431,0,0.642849,0.357151,0,0.285723,0.714277,0.9999973000,inspect_p2,inspect,2,,,1,0.0,1.0,0,34.192862
5,465,GG:0.038464;GB:0.961536,0.0,0.0,0.0,0.0,0.038464,0.961536,0.0,0.0,0.0,0,1.0,0,0,0.038464,0.961536,0.9653824000,inspect_p2,inspect,2,,,1,0.0,1.0,0,32.169813
5,466,GG:0.285728;GB:0.714272,0.0,0.0,0.0,0.0,0.285728,0.714272,0.0,0.0,0.0,0,1.0,0,0,0.285728,0.714272,0.7428448000,inspect_p2,inspect,2,,,1,0.0,1.0,0,26.297293
5,467,NG:0.800009;NB:0.199991,0.0,0.800009,0.199991,0.0,0.0,0.0,0.0,0.0,0.0,1.0,0,0,0,0.800009,0.199991,,buy_p1_notest,buy,1,,,4,0.0,1.0,0,22.549779
5,468,GG:0.025071;GB:0.626728;BG:0.278564;BB:0.069637,0.0,0.0,0.0,0.0,0.025071,0.626728,0.0,0.278564,0.069637,0,0.651799,0.348201,0,0.303635,0.696365,0.9774361000,inspect_p2,inspect,2,,,1,0.0,1.0,0,33.770041
5,469,GG:0.800011;GB:0.199989,0.0,0.0,0.0,0.0,0.800011,0.199989,0.0,0.0,0.0,0,1.0,0,0,0.800011,0.199989,0.2799901000,inspect_p2,inspect,2,,,1,0.0,1.0,0,14.083072
5,470,GG:0.72001;GB:0.17999;BG:0.080001;BB:0.019999,0.0,0.0,0.0,0.0,0.72001,0.17999,0.0,0.080001,0.019999,0,0.9,0.1,0,0.800011,0.199989,0.3519910000,inspect_p2,inspect,2,,,1,0.0,1.0,0,18.549745
5,471,NG:0.800012;NB:0.199988,0.0,0.800012,0.199988,0.0,0.0,0.0,0.0,0.0,0.0,1.0,0,0,0,0.800012,0.199988,,inspect_p2,inspect,2,,,1,0.0,1.0,0,22.549715
5,472,GG:0.000257;GB:0.642688;BG:0.285648;BB:0.071407,0.0,0.0,0.0,0.0,0.000257,0.642688,0.0,0.285648,0.071407,0,0.642945,0.357055,0,0.285905,0.714095,0.9997687000,inspect_p2,inspect,2,,,1,0.0,1.0,0,34.188331
5,473,GB:0.642848;BG:0.285721;BB:0.071431,0.0,0.0,0.0,0.0,0.0,0.642848,0.0,0.285721,0.071431,0,0.642848,0.357152,0,0.285721,0.714279,1.0000000000,inspect_p2,inspect,2,,,1,0.0,1.0,0,34.192883
5,474,GG:0.800009;GB:0.199991,0.0,0.0,0.0,0.0,0.800009,0.199991,0.0,0.0,0.0,0,1.0,0,0,0.800009,0.199991,0.2799919000,inspect_p2,inspect,2,,,1,0.0,1.0,0,14.08312
5,475,GG:0.720008;GB:0.179992;BG:0.080001;BB:0.019999,0.0,0.0,0.0,0.0,0.720008,0.179992,0.0,0.080001,0.019999,0,0.9,0.1,0,0.800009,0.199991,0.3519928000,inspect_p2,inspect,2,,,1,0.0,1.0,0,18.549779
5,476,GG:0.002565;GB:0.641195;BG:0.284995;BB:0.071245,0.0,0.0,0.0,0.0,0.002565,0.641195,0.0,0.284995,0.071245,0,0.64376,0.35624,0,0.28756,0.71244,0.9976915000,inspect_p2,inspect,2,,,1,0.0,1.0,0,34.149474
5,477,GG:0.204554;GB:0.511348;BG:0.227281;BB:0.056817,0.0,0.0,0.0,0.0,0.204554,0.511348,0.0,0.227281,0.056817,0,0.715902,0.284098,0,0.431835,0.568165,0.8159014000,inspect_p2,inspect,2,,,1,0.0,1.0,0,30.744064
5,478,GG:0.800012;GB:0.199988,0.0,0.0,0.0,0.0,0.800012,0.199988,0.0,0.0,0.0,0,1.0,0,0,0.800012,0.199988,0.2799892000,inspect_p2,inspect,2,,,1,0.0,1.0,0,14.083048
5,479,GG:0.720011;GB:0.179989;BG:0.080001;BB:0.019999,0.0,0.0,0.0,0.0,0.720011,0.179989,0.0,0.080001,0.019999,0,0.9,0.1,0,0.800012,0.199988,0.3519901000,inspect_p2,inspect,2,,,1,0.0,1.0,0,18.549721
5,480,GG:2.6e-05;GB:0.642836;BG:0.285714;BB:0.071424,0.0,0.0,0.0,0.0,2.6e-05,0.642836,0.0,0.285714,0.071424,0,0.642862,0.357138,0,0.28574,0.71426,0.9999766000,inspect_p2,inspect,2,,,1,0.0,1.0,0,34.192246
5,481,GG:0.285726;GB:0.714274,0.0,0.0,0.0,0.0,0.285726,0.714274,0.0,0.0,0.0,0,1.0,0,0,0.285726,0.714274,0.7428466000,inspect_p2,inspect,2,,,1,0.0,1.0,0,26.297341
5,482,GG:0.204552;GB:0.511351;BG:0.22728;BB:0.056817,0.0,0.0,0.0,0.0,0.204552,0.511351,0.0,0.22728,0.056817,0,0.715903,0.284097,0,0.431832,0.568168,0.8159032000,inspect_p2,inspect,2,,,1,0.0,1.0,0,30.744101
5,483,NG:0.800008;NB:0.199992,0.0,0.800008,0.199992,0.0,0.0,0.0,0.0,0.0,0.0,1.0,0,0,0,0.800008,0.199992,,buy_p1_notest,buy,1,,,4,0.0,1.0,0,22.549803
5,484,GG:0.000257;GB:0.642679;BG:0.285654;BB:0.07141,0.0,0.0,0.0,0.0,0.000257,0.642679,0.0,0.285654,0.07141,0,0.642936,0.357064,0,0.285911,0.714089,0.9997687000,inspect_p2,inspect,2,,,1,0.0,1.0,0,34.188411
5,485,GG:0.285729;GB:0.714271,0.0,0.0,0.0,0.0,0.285729,0.714271,0.0,0.0,0.0,0,1.0,0,0,0.285729,0.714271,0.7428439000,inspect_p2,inspect,2,,,1,0.0,1.0,0,26.29727
5,486,GG:0.28573;GB:0.71427,0.0,0.0,0.0,0.0,0.28573,0.71427,0.0,0.0,0.0,0,1.0,0,0,0.28573,0.71427,0.7428430000,inspect_p2,inspect,2,,,1,0.0,1.0,0,26.297246
5,487,GG:0.204554;GB:0.511347;BG:0.227282;BB:0.056817,0.0,0.0,0.0,0.0,0.204554,0.511347,0.0,0.227282,0.056817,0,0.715901,0.284099,0,0.431836,0.568164,0.8159014000,inspect_p2,inspect,2,,,1,0.0,1.0,0,30.744055
5,488,GG:3e-06;GB:0.64285;BG:0.285721;BB:0.071426,0.0,0.0,0.0,0.0,3e-06,0.64285,0.0,0.285721,0.071426,0,0.642853,0.357147,0,0.285724,0.714276,0.9999973000,inspect_p2,inspect,2,,,1,0.0,1.0,0,34.192656
5,489,GG:0.025071;GB:0.62673;BG:0.278562;BB:0.069637,0.0,0.0,0.0,0.0,0.025071,0.62673,0.0,0.278562,0.069637,0,0.651801,0.348199,0,0.303633,0.696367,0.9774361000,inspect_p2,inspect,2,,,1,0.0,1.0,0,33.770045
5,490,GG:0.800008;GB:0.199992,0.0,0.0,0.0,0.0,0.800008,0.199992,0.0,0.0,0.0,0,1.0,0,0,0.800008,0.199992,0.2799928000,inspect_p2,inspect,2,,,1,0.0,1.0,0,14.083143
5,491,GG:0.720007;GB:0.179993;BG:0.080001;BB:0.019999,0.0,0.0,0.0,0.0,0.720007,0.179993,0.0,0.080001,0.019999,0,0.9,0.1,0,0.800008,0.199992,0.3519937000,inspect_p2,inspect,2,,,1,0.0,1.0,0,18.549803
5,492,GG:2.6e-05;GB:0.642827;BG:0.28572;BB:0.071427,0.0,0.0,0.0,0.0,2.6e-05,0.642827,0.0,0.28572,0.071427,0,0.642853,0.357147,0,0.285746,0.714254,0.9999766000,inspect_p2,inspect,2,,,1,0.0,1.0,0,34.192306
5,493,GG:0.025071;GB:0.626726;BG:0.278566;BB:0.069637,0.0,0.0,0.0,0.0,0.025071,0.626726,0.0,0.278566,0.069637,0,0.651797,0.348203,0,0.303637,0.696363,0.9774361000,inspect_p2,inspect,2,,,1,0.0,1.0,0,33.770018
5,494,GB:0.642852;BG:0.285722;BB:0.071426,0.0,0.0,0.0,0.0,0.0,0.642852,0.0,0.285722,0.071426,0,0.642852,0.357148,0,0.285722,0.714278,1.0000000000,inspect_p2,inspect,2,,,1,0.0,1.0,0,34.192677
5,495,GG:0.002565;GB:0.641197;BG:0.284993;BB:0.071245,0.0,0.0,0.0,0.0,0.002565,0.641197,0.0,0.284993,0.071245,0,0.643762,0.356238,0,0.287558,0.712442,0.9976915000,inspect_p2,inspect,2,,,1,0.0,1.0,0,34.149498
5,496,GG:0.285724;GB:0.714276,0.0,0.0,0.0,0.0,0.285724,0.714276,0.0,0.0,0.0,0,1.0,0,0,0.285724,0.714276,0.7428484000,inspect_p2,inspect,2,,,1,0.0,1.0,0,26.297388
5,497,GG:0.204551;GB:0.511353;BG:0.22728;BB:0.056816,0.0,0.0,0.0,0.0,0.204551,0.511353,0.0,0.22728,0.056816,0,0.715904,0.284096,0,0.431831,0.568169,0.8159041000,inspect_p2,inspect,2,,,1,0.0,1.0,0,30.74407
5,498,NG:0.800007;NB:0.199993,0.0,0.800007,0.199993,0.0,0.0,0.0,0.0,0.0,0.0,1.0,0,0,0,0.800007,0.199993,,buy_p1_notest,buy,1,,,4,0.0,1.0,0,22.549816
5,499,GG:3e-06;GB:0.642841;BG:0.285727;BB:0.071429,0.0,0.0,0.0,0.0,3e-06,0.642841,0.0,0.285727,0.071429,0,0.642844,0.357156,0,0.28573,0.71427,0.9999973000,inspect_p2,inspect,2,,,1,0.0,1.0,0,34.192716
5,500,GG:0.002565;GB:0.641193;BG:0.284997;BB:0.071245,0.0,0.0,0.0,0.0,0.002565,0.641193,0.0,0.284997,0.071245,0,0.643758,0.356242,0,0.287562,0.712438,0.9976915000,inspect_p2,inspect,2,,,1,0.0,1.0,0,34.149471
5,501,GG:0.000257;GB:0.642681;BG:0.285652;BB:0.07141,0.0,0.0,0.0,0.0,0.000257,0.642681,0.0,0.285652,0.07141,0,0.642938,0.357062,0,0.285909,0.714091,0.9997687000,inspect_p2,inspect,2,,,1,0.0,1.0,0,34.188415
5,502,GG:0.02507;GB:0.626732;BG:0.278562;BB:0.069636,0.0,0.0,0.0,0.0,0.02507,0.626732,0.0,0.278562,0.069636,0,0.651802,0.348198,0,0.303632,0.696368,0.9774370000,inspect_p2,inspect,2,,,1,0.0,1.0,0,33.770039
5,503,GG:0.800007;GB:0.199993,0.0,0.0,0.0,0.0,0.800007,0.199993,0.0,0.0,0.0,0,1.0,0,0,0.800007,0.199993,0.2799937000,inspect_p2,inspect,2,,,1,0.0,1.0,0,14.083167
5,504,GG:0.720006;GB:0.179994;BG:0.080001;BB:0.019999,0.0,0.0,0.0,0.0,0.720006,0.179994,0.0,0.080001,0.019999,0,0.9,0.1,0,0.800007,0.199993,0.3519946000,inspect_p2,inspect,2,,,1,0.0,1.0,0,18.549816
5,505,GB:0.642843;BG:0.285728;BB:0.071429,0.0,0.0,0.0,0.0,0.0,0.642843,0.0,0.285728,0.071429,0,0.642843,0.357157,0,0.285728,0.714272,1.0000000000,inspect_p2,inspect,2,,,1,0.0,1.0,0,34.192764
5,506,GG:0.000257;GB:0.642677;BG:0.285656;BB:0.07141,0.0,0.0,0.0,0.0,0.000257,0.642677,0.0,0.285656,0.07141,0,0.642934,0.357066,0,0.285913,0.714087,0.9997687000,inspect_p2,inspect,2,,,1,0.0,1.0,0,34.188388
5,507,GG:2.6e-05;GB:0.642829;BG:0.285718;BB:0.071427,0.0,0.0,0.0,0.0,2.6e-05,0.642829,0.0,0.285718,0.071427,0,0.642855,0.357145,0,0.285744,0.714256,0.9999766000,inspect_p2,inspect,2,,,1,0.0,1.0,0,34.19233
5,508,GG:0.002565;GB:0.6412;BG:0.284992;BB:0.071243,0.0,0.0,0.0,0.0,0.002565,0.6412,0.0,0.284992,0.071243,0,0.643765,0.356235,0,0.287557,0.712443,0.9976915000,inspect_p2,inspect,2,,,1,0.0,1.0,0,34.149425
5,509,GG:0.285723;GB:0.714277,0.0,0.0,0.0,0.0,0.285723,0.714277,0.0,0.0,0.0,0,1.0,0,0,0.285723,0.714277,0.7428493000,inspect_p2,inspect,2,,,1,0.0,1.0,0,26.297412
5,510,GG:0.20455;GB:0.511355;BG:0.227279;BB:0.056816,0.0,0.0,0.0,0.0,0.20455,0.511355,0.0,0.227279,0.056816,0,0.715905,0.284095,0,0.431829,0.568171,0.8159050000,inspect_p2,inspect,2,,,1,0.0,1.0,0,30.744102
5,511,GG:2.6e-05;GB:0.642825;BG:0.285722;BB:0.071427,0.0,0.0,0.0,0.0,2.6e-05,0.642825,0.0,0.285722,0.071427,0,0.642851,0.357149,0,0.285748,0.714252,0.9999766000,inspect_p2,inspect,2,,,1,0.0,1.0,0,34.192309
5,512,GG:3e-06;GB:0.642843;BG:0.285725;BB:0.071429,0.0,0.0,0.0,0.0,3e-06,0.642843,0.0,0.285725,0.071429,0,0.642846,0.357154,0,0.285728,0.714272,0.9999973000,inspect_p2,inspect,2,,,1,0.0,1.0,0,34.19274
5,513,GG:0.000257;GB:0.642684;BG:0.285651;BB:0.071408,0.0,0.0,0.0,0.0,0.000257,0.642684,0.0,0.285651,0.071408,0,0.642941,0.357059,0,0.285908,0.714092,0.9997687000,inspect_p2,inspect,2,,,1,0.0,1.0,0,34.188342
5,514,GG:0.02507;GB:0.626733;BG:0.278561;BB:0.069636,0.0,0.0,0.0,0.0,0.02507,0.626733,0.0,0.278561,0.069636,0,0.651803,0.348197,0,0.303631,0.696369,0.9774370000,inspect_p2,inspect,2,,,1,0.0,1.0,0,33.770052
5,515,GG:3e-06;GB:0.642839;BG:0.285729;BB:0.071429,0.0,0.0,0.0,0.0,3e-06,0.642839,0.0,0.285729,0.071429,0,0.642842,0.357158,0,0.285732,0.714268,0.9999973000,inspect_p2,inspect,2,,,1,0.0,1.0,0,34.192693
5,516,GB:0.642845;BG:0.285726;BB:0.071429,0.0,0.0,0.0,0.0,0.0,0.642845,0.0,0.285726,0.071429,0,0.642845,0.357155,0,0.285726,0.714274,1.0000000000,inspect_p2,inspect,2,,,1,0.0,1.0,0,34.192761
5,517,GG:2.6e-05;GB:0.642832;BG:0.285717;BB:0.071425,0.0,0.0,0.0,0.0,2.6e-05,0.642832,0.0,0.285717,0.071425,0,0.642858,0.357142,0,0.285743,0.714257,0.9999766000,inspect_p2,inspect,2,,,1,0.0,1.0,0,34.192274
5,518,GG:0.002565;GB:0.641201;BG:0.284991;BB:0.071243,0.0,0.0,0.0,0.0,0.002565,0.641201,0.0,0.284991,0.071243,0,0.643766,0.356234,0,0.287556,0.712444,0.9976915000,inspect_p2,inspect,2,,,1,0.0,1.0,0,34.149437
5,519,GB:0.642841;BG:0.28573;BB:0.071429,0.0,0.0,0.0,0.0,0.0,0.642841,0.0,0.28573,0.071429,0,0.642841,0.357159,0,0.28573,0.71427,1.0000000000,inspect_p2,inspect,2,,,1,0.0,1.0,0,34.192741
5,520,GG:3e-06;GB:0.642846;BG:0.285724;BB:0.071427,0.0,0.0,0.0,0.0,3e-06,0.642846,0.0,0.285724,0.071427,0,0.642849,0.357151,0,0.285727,0.714273,0.9999973000,inspect_p2,inspect,2,,,1,0.0,1.0,0,34.192684
5,521,GG:0.000257;GB:0.642685;BG:0.28565;BB:0.071408,0.0,0.0,0.0,0.0,0.000257,0.642685,0.0,0.28565,0.071408,0,0.642942,0.357058,0,0.285907,0.714093,0.9997687000,inspect_p2,inspect,2,,,1,0.0,1.0,0,34.188353
5,522,GB:0.642848;BG:0.285725;BB:0.071427,0.0,0.0,0.0,0.0,0.0,0.642848,0.0,0.285725,0.071427,0,0.642848,0.357152,0,0.285725,0.714275,1.0000000000,inspect_p2,inspect,2,,,1,0.0,1.0,0,34.192705
5,523,GG:2.6e-05;GB:0.642833;BG:0.285716;BB:0.071425,0.0,0.0,0.0,0.0,2.6e-05,0.642833,0.0,0.285716,0.071425,0,0.642859,0.357141,0,0.285742,0.714258,0.9999766000,inspect_p2,inspect,2,,,1,0.0,1.0,0,34.192285
5,524,GG:3e-06;GB:0.642847;BG:0.285723;BB:0.071427,0.0,0.0,0.0,0.0,3e-06,0.642847,0.0,0.285723,0.071427,0,0.64285,0.35715,0,0.285726,0.714274,0.9999973000,inspect_p2,inspect,2,,,1,0.0,1.0,0,34.192669
5,525,GB:0.642849;BG:0.285724;BB:0.071427,0.0,0.0,0.0,0.0,0.0,0.642849,0.0,0.285724,0.071427,0,0.642849,0.357151,0,0.285724,0.714276,1.0000000000,inspect_p2,inspect,2,,,1,0.0,1.0,0,34.192717
6,0,NN:1,1.0,0.0,0.0,0.0,0.0,0.0,0.0,0.0,0.0,1.0,0,0,1.0,0,0,,buy_p1_notest,buy,1,,,4,0.0,1.0,0,34.32133
6,1,GN:1,0.0,0.0,0.0,1.0,0.0,0.0,0.0,0.0,0.0,0,1.0,0,1.0,0,0,,buy_p2_notest,buy,2,,,18,0.0,1.0,0,28.32133
6,2,GN:0.95;BN:0.05,0.0,0.0,0.0,0.95,0.0,0.0,0.05,0.0,0.0,0,0.95,0.05,1.0,0,0,,buy_p2_notest,buy,2,,,18,0.0,1.0,0,30.32133
6,3,NG:1,0.0,1.0,0.0,0.0,0.0,0.0,0.0,0.0,0.0,1.0,0,0,0,1.0,0,,buy_p1_notest,buy,1,,,4,0.0,1.0,0,14.32133
6,4,NG:0.95;NB:0.05,0.0,0.95,0.05,0.0,0.0,0.0,0.0,0.0,0.0,1.0,0,0,0,0.95,0.05,,buy_p1_notest,buy,1,,,4,0.0,1.0,0,16.32133
6,5,GG:1,0.0,0.0,0.0,0.0,1.0,0.0,0.0,0.0,0.0,0,1.0,0,0,1.0,0,0.0500000000,assemble_notest_scrap,assemble,,0,0,6.5,0.95,0.05,0,8.216066
6,6,GG:0.95;GB:0.05,0.0,0.0,0.0,0.0,0.95,0.05,0.0,0.0,0.0,0,1.0,0,0,0.95,0.05,0.0975000000,assemble_notest_scrap,assemble,,0,0,6.975,0.9025,0.0975,0,10.32133
6,7,GG:0.95;BG:0.05,0.0,0.0,0.0,0.0,0.95,0.0,0.0,0.05,0.0,0,0.95,0.05,0,1.0,0,0.0975000000,assemble_notest_scrap,assemble,,0,0,6.975,0.9025,0.0975,0,10.32133
6,8,GG:0.9025;GB:0.0475;BG:0.0475;BB:0.0025,0.0,0.0,0.0,0.0,0.9025,0.0475,0.0,0.0475,0.0025,0,0.95,0.05,0,0.95,0.05,0.1426250000,assemble_notest_scrap,assemble,,0,0,7.42625,0.857375,0.142625,0,12.32133
6,9,GG:0.487179;GB:0.512821,0.0,0.0,0.0,0.0,0.487179,0.512821,0.0,0.0,0.0,0,1.0,0,0,0.487179,0.512821,0.5371799500,inspect_p2,inspect,2,,,3,0.0,1.0,0,21.526468
6,10,GG:0.487179;BG:0.512821,0.0,0.0,0.0,0.0,0.487179,0.0,0.0,0.512821,0.0,0,0.487179,0.512821,0,1.0,0,0.5371799500,inspect_p1,inspect,1,,,2,0.0,1.0,0,13.346974
6,11,GG:0.316389;GB:0.333042;BG:0.333041;BB:0.017528,0.0,0.0,0.0,0.0,0.316389,0.333042,0.0,0.333041,0.017528,0,0.649431,0.350569,0,0.64943,0.35057,0.6994304500,inspect_p1,inspect,1,,,2,0.0,1.0,0,21.701693
6,12,GG:0.045346;GB:0.954654,0.0,0.0,0.0,0.0,0.045346,0.954654,0.0,0.0,0.0,0,1.0,0,0,0.045346,0.954654,0.9569213000,inspect_p2,inspect,2,,,3,0.0,1.0,0,30.409636
6,13,GG:0.045346;BG:0.954654,0.0,0.0,0.0,0.0,0.045346,0.0,0.0,0.954654,0.0,0,0.045346,0.954654,0,1.0,0,0.9569213000,inspect_p1,inspect,1,,,2,0.0,1.0,0,16.04448
6,14,NG:0.950001;NB:0.049999,0.0,0.950001,0.049999,0.0,0.0,0.0,0.0,0.0,0.0,1.0,0,0,0,0.950001,0.049999,,buy_p1_notest,buy,1,,,4,0.0,1.0,0,16.321288
6,15,GG:0.48718;BG:0.51282,0.0,0.0,0.0,0.0,0.48718,0.0,0.0,0.51282,0.0,0,0.48718,0.51282,0,1.0,0,0.5371790000,inspect_p1,inspect,1,,,2,0.0,1.0,0,13.346968
6,16,GN:0.950001;BN:0.049999,0.0,0.0,0.0,0.950001,0.0,0.0,0.049999,0.0,0.0,0,0.950001,0.049999,1.0,0,0,,buy_p2_notest,buy,2,,,18,0.0,1.0,0,30.321288
6,17,GG:0.022618;GB:0.476162;BG:0.47616;BB:0.02506,0.0,0.0,0.0,0.0,0.022618,0.476162,0.0,0.47616,0.02506,0,0.49878,0.50122,0,0.498778,0.501222,0.9785129000,inspect_p1,inspect,1,,,2,0.0,1.0,0,25.348243
6,18,GG:0.002369;GB:0.997631,0.0,0.0,0.0,0.0,0.002369,0.997631,0.0,0.0,0.0,0,1.0,0,0,0.002369,0.997631,0.9977494500,inspect_p2,inspect,2,,,3,0.0,1.0,0,31.2737
6,19,GG:0.002369;BG:0.997631,0.0,0.0,0.0,0.0,0.002369,0.0,0.0,0.997631,0.0,0,0.002369,0.997631,0,1.0,0,0.9977494500,inspect_p1,inspect,1,,,2,0.0,1.0,0,16.306866
6,20,GG:0.950001;GB:0.049999,0.0,0.0,0.0,0.0,0.950001,0.049999,0.0,0.0,0.0,0,1.0,0,0,0.950001,0.049999,0.0974990500,assemble_notest_scrap,assemble,,0,0,6.974991,0.90250095,0.09749905,0,10.321288
6,21,GG:0.902501;GB:0.047499;BG:0.0475;BB:0.0025,0.0,0.0,0.0,0.0,0.902501,0.047499,0.0,0.0475,0.0025,0,0.95,0.05,0,0.950001,0.049999,0.1426240500,assemble_notest_scrap,assemble,,0,0,7.426241,0.85737595,0.14262405,0,12.321288
6,22,GG:0.950001;BG:0.049999,0.0,0.0,0.0,0.0,0.950001,0.0,0.0,0.049999,0.0,0,0.950001,0.049999,0,1.0,0,0.0974990500,assemble_notest_scrap,assemble,,0,0,6.974991,0.90250095,0.09749905,0,10.321288
6,23,GG:0.902501;GB:0.0475;BG:0.047499;BB:0.0025,0.0,0.0,0.0,0.0,0.902501,0.0475,0.0,0.047499,0.0025,0,0.950001,0.049999,0,0.95,0.05,0.1426240500,assemble_notest_scrap,assemble,,0,0,7.426241,0.85737595,0.14262405,0,12.321288
6,24,GG:0.045347;GB:0.954653,0.0,0.0,0.0,0.0,0.045347,0.954653,0.0,0.0,0.0,0,1.0,0,0,0.045347,0.954653,0.9569203500,inspect_p2,inspect,2,,,3,0.0,1.0,0,30.409616
6,25,NG:0.950002;NB:0.049998,0.0,0.950002,0.049998,0.0,0.0,0.0,0.0,0.0,0.0,1.0,0,0,0,0.950002,0.049998,,buy_p1_notest,buy,1,,,4,0.0,1.0,0,16.321245
6,26,GG:0.045347;BG:0.954653,0.0,0.0,0.0,0.0,0.045347,0.0,0.0,0.954653,0.0,0,0.045347,0.954653,0,1.0,0,0.9569203500,inspect_p1,inspect,1,,,2,0.0,1.0,0,16.044474
6,27,GN:0.950002;BN:0.049998,0.0,0.0,0.0,0.950002,0.0,0.0,0.049998,0.0,0.0,0,0.950002,0.049998,1.0,0,0,,buy_p2_notest,buy,2,,,18,0.0,1.0,0,30.321245
6,28,GG:0.001156;GB:0.486618;BG:0.486616;BB:0.02561,0.0,0.0,0.0,0.0,0.001156,0.486618,0.0,0.486616,0.02561,0,0.487774,0.512226,0,0.487772,0.512228,0.9989018000,inspect_p1,inspect,1,,,2,0.0,1.0,0,25.614633
6,29,GG:0.000119;GB:0.999881,0.0,0.0,0.0,0.0,0.000119,0.999881,0.0,0.0,0.0,0,1.0,0,0,0.000119,0.999881,0.9998869500,inspect_p2,inspect,2,,,3,0.0,1.0,0,31.318937
6,30,GG:0.000119;BG:0.999881,0.0,0.0,0.0,0.0,0.000119,0.0,0.0,0.999881,0.0,0,0.000119,0.999881,0,1.0,0,0.9998869500,inspect_p1,inspect,1,,,2,0.0,1.0,0,16.320603
6,31,GG:0.487185;GB:0.512815,0.0,0.0,0.0,0.0,0.487185,0.512815,0.0,0.0,0.0,0,1.0,0,0,0.487185,0.512815,0.5371742500,inspect_p2,inspect,2,,,3,0.0,1.0,0,21.526347
6,32,GN:0.949999;BN:0.050001,0.0,0.0,0.0,0.949999,0.0,0.0,0.050001,0.0,0.0,0,0.949999,0.050001,1.0,0,0,,buy_p2_notest,buy,2,,,18,0.0,1.0,0,30.321372
6,33,GG:0.316392;GB:0.333036;BG:0.333043;BB:0.017529,0.0,0.0,0.0,0.0,0.316392,0.333036,0.0,0.333043,0.017529,0,0.649428,0.350572,0,0.649435,0.350565,0.6994276000,inspect_p1,inspect,1,,,2,0.0,1.0,0,21.701615
6,34,GG:0.487185;BG:0.512815,0.0,0.0,0.0,0.0,0.487185,0.0,0.0,0.512815,0.0,0,0.487185,0.512815,0,1.0,0,0.5371742500,inspect_p1,inspect,1,,,2,0.0,1.0,0,13.346937
6,35,NG:0.949999;NB:0.050001,0.0,0.949999,0.050001,0.0,0.0,0.0,0.0,0.0,0.0,1.0,0,0,0,0.949999,0.050001,,buy_p1_notest,buy,1,,,4,0.0,1.0,0,16.321372
6,36,GG:0.316392;GB:0.333043;BG:0.333036;BB:0.017529,0.0,0.0,0.0,0.0,0.316392,0.333043,0.0,0.333036,0.017529,0,0.649435,0.350565,0,0.649428,0.350572,0.6994276000,inspect_p1,inspect,1,,,2,0.0,1.0,0,21.701745
6,37,GG:0.950002;GB:0.049998,0.0,0.0,0.0,0.0,0.950002,0.049998,0.0,0.0,0.0,0,1.0,0,0,0.950002,0.049998,0.0974981000,assemble_notest_scrap,assemble,,0,0,6.974981,0.9025019,0.0974981,0,10.321245
6,38,GG:0.902502;GB:0.047498;BG:0.0475;BB:0.0025,0.0,0.0,0.0,0.0,0.902502,0.047498,0.0,0.0475,0.0025,0,0.95,0.05,0,0.950002,0.049998,0.1426231000,assemble_notest_scrap,assemble,,0,0,7.426231,0.8573769,0.1426231,0,12.321245
6,39,GG:0.950002;BG:0.049998,0.0,0.0,0.0,0.0,0.950002,0.0,0.0,0.049998,0.0,0,0.950002,0.049998,0,1.0,0,0.0974981000,assemble_notest_scrap,assemble,,0,0,6.974981,0.9025019,0.0974981,0,10.321245
6,40,GG:0.902502;GB:0.0475;BG:0.047498;BB:0.0025,0.0,0.0,0.0,0.0,0.902502,0.0475,0.0,0.047498,0.0025,0,0.950002,0.049998,0,0.95,0.05,0.1426231000,assemble_notest_scrap,assemble,,0,0,7.426231,0.8573769,0.1426231,0,12.321245
6,41,GG:0.00237;GB:0.99763,0.0,0.0,0.0,0.0,0.00237,0.99763,0.0,0.0,0.0,0,1.0,0,0,0.00237,0.99763,0.9977485000,inspect_p2,inspect,2,,,3,0.0,1.0,0,31.27368
6,42,NG:0.950003;NB:0.049997,0.0,0.950003,0.049997,0.0,0.0,0.0,0.0,0.0,0.0,1.0,0,0,0,0.950003,0.049997,,buy_p1_notest,buy,1,,,4,0.0,1.0,0,16.321203
6,43,GG:0.00237;BG:0.99763,0.0,0.0,0.0,0.0,0.00237,0.0,0.0,0.99763,0.0,0,0.00237,0.99763,0,1.0,0,0.9977485000,inspect_p1,inspect,1,,,2,0.0,1.0,0,16.30686
6,44,GN:0.950003;BN:0.049997,0.0,0.0,0.0,0.950003,0.0,0.0,0.049997,0.0,0.0,0,0.950003,0.049997,1.0,0,0,,buy_p2_notest,buy,2,,,18,0.0,1.0,0,30.321203
6,45,GG:5.8e-05;GB:0.487153;BG:0.487151;BB:0.025638,0.0,0.0,0.0,0.0,5.8e-05,0.487153,0.0,0.487151,0.025638,0,0.487211,0.512789,0,0.487209,0.512791,0.9999449000,inspect_p1,inspect,1,,,2,0.0,1.0,0,25.628264
6,46,GG:6e-06;GB:0.999994,0.0,0.0,0.0,0.0,6e-06,0.999994,0.0,0.0,0.0,0,1.0,0,0,6e-06,0.999994,0.9999943000,inspect_p2,inspect,2,,,3,0.0,1.0,0,31.321209
6,47,GG:6e-06;BG:0.999994,0.0,0.0,0.0,0.0,6e-06,0.0,0.0,0.999994,0.0,0,6e-06,0.999994,0,1.0,0,0.9999943000,inspect_p1,inspect,1,,,2,0.0,1.0,0,16.321293
6,48,GG:0.949999;BG:0.050001,0.0,0.0,0.0,0.0,0.949999,0.0,0.0,0.050001,0.0,0,0.949999,0.050001,0,1.0,0,0.0975009500,assemble_notest_scrap,assemble,,0,0,6.97501,0.90249905,0.09750095,0,10.321372
6,49,GG:0.902499;GB:0.0475;BG:0.047501;BB:0.0025,0.0,0.0,0.0,0.0,0.902499,0.0475,0.0,0.047501,0.0025,0,0.949999,0.050001,0,0.95,0.05,0.1426259500,assemble_notest_scrap,assemble,,0,0,7.42626,0.85737405,0.14262595,0,12.321372
6,50,GG:0.487186;GB:0.512814,0.0,0.0,0.0,0.0,0.487186,0.512814,0.0,0.0,0.0,0,1.0,0,0,0.487186,0.512814,0.5371733000,inspect_p2,inspect,2,,,3,0.0,1.0,0,21.526327
6,51,GN:0.949998;BN:0.050002,0.0,0.0,0.0,0.949998,0.0,0.0,0.050002,0.0,0.0,0,0.949998,0.050002,1.0,0,0,,buy_p2_notest,buy,2,,,18,0.0,1.0,0,30.321414
6,52,GG:0.022618;GB:0.476155;BG:0.476165;BB:0.025062,0.0,0.0,0.0,0.0,0.022618,0.476155,0.0,0.476165,0.025062,0,0.498773,0.501227,0,0.498783,0.501217,0.9785129000,inspect_p1,inspect,1,,,2,0.0,1.0,0,25.348208
6,53,GG:0.949999;GB:0.050001,0.0,0.0,0.0,0.0,0.949999,0.050001,0.0,0.0,0.0,0,1.0,0,0,0.949999,0.050001,0.0975009500,assemble_notest_scrap,assemble,,0,0,6.97501,0.90249905,0.09750095,0,10.321372
6,54,GG:0.902499;GB:0.047501;BG:0.0475;BB:0.0025,0.0,0.0,0.0,0.0,0.902499,0.047501,0.0,0.0475,0.0025,0,0.95,0.05,0,0.949999,0.050001,0.1426259500,assemble_notest_scrap,assemble,,0,0,7.42626,0.85737405,0.14262595,0,12.321372
6,55,GG:0.48718;GB:0.51282,0.0,0.0,0.0,0.0,0.48718,0.51282,0.0,0.0,0.0,0,1.0,0,0,0.48718,0.51282,0.5371790000,inspect_p2,inspect,2,,,3,0.0,1.0,0,21.526448
6,56,NG:0.949998;NB:0.050002,0.0,0.949998,0.050002,0.0,0.0,0.0,0.0,0.0,0.0,1.0,0,0,0,0.949998,0.050002,,buy_p1_notest,buy,1,,,4,0.0,1.0,0,16.321414
6,57,GG:0.487186;BG:0.512814,0.0,0.0,0.0,0.0,0.487186,0.0,0.0,0.512814,0.0,0,0.487186,0.512814,0,1.0,0,0.5371733000,inspect_p1,inspect,1,,,2,0.0,1.0,0,13.346931
6,58,GG:0.022618;GB:0.476165;BG:0.476155;BB:0.025062,0.0,0.0,0.0,0.0,0.022618,0.476165,0.0,0.476155,0.025062,0,0.498783,0.501217,0,0.498773,0.501227,0.9785129000,inspect_p1,inspect,1,,,2,0.0,1.0,0,25.34838
6,59,GG:0.48719;GB:0.51281,0.0,0.0,0.0,0.0,0.48719,0.51281,0.0,0.0,0.0,0,1.0,0,0,0.48719,0.51281,0.5371695000,inspect_p2,inspect,2,,,3,0.0,1.0,0,21.526246
6,60,GG:0.316394;GB:0.333032;BG:0.333045;BB:0.017529,0.0,0.0,0.0,0.0,0.316394,0.333032,0.0,0.333045,0.017529,0,0.649426,0.350574,0,0.649439,0.350561,0.6994257000,inspect_p1,inspect,1,,,2,0.0,1.0,0,21.701553
6,61,GG:0.48719;BG:0.51281,0.0,0.0,0.0,0.0,0.48719,0.0,0.0,0.51281,0.0,0,0.48719,0.51281,0,1.0,0,0.5371695000,inspect_p1,inspect,1,,,2,0.0,1.0,0,13.346906
6,62,GG:0.316394;GB:0.333045;BG:0.333032;BB:0.017529,0.0,0.0,0.0,0.0,0.316394,0.333045,0.0,0.333032,0.017529,0,0.649439,0.350561,0,0.649426,0.350574,0.6994257000,inspect_p1,inspect,1,,,2,0.0,1.0,0,21.70178
6,63,GG:0.950003;GB:0.049997,0.0,0.0,0.0,0.0,0.950003,0.049997,0.0,0.0,0.0,0,1.0,0,0,0.950003,0.049997,0.0974971500,assemble_notest_scrap,assemble,,0,0,6.974972,0.90250285,0.09749715,0,10.321203
6,64,GG:0.902503;GB:0.047497;BG:0.0475;BB:0.0025,0.0,0.0,0.0,0.0,0.902503,0.047497,0.0,0.0475,0.0025,0,0.95,0.05,0,0.950003,0.049997,0.1426221500,assemble_notest_scrap,assemble,,0,0,7.426222,0.85737785,0.14262215,0,12.321203
6,65,GG:0.950003;BG:0.049997,0.0,0.0,0.0,0.0,0.950003,0.0,0.0,0.049997,0.0,0,0.950003,0.049997,0,1.0,0,0.0974971500,assemble_notest_scrap,assemble,,0,0,6.974972,0.90250285,0.09749715,0,10.321203
6,66,GG:0.902503;GB:0.0475;BG:0.047497;BB:0.0025,0.0,0.0,0.0,0.0,0.902503,0.0475,0.0,0.047497,0.0025,0,0.950003,0.049997,0,0.95,0.05,0.1426221500,assemble_notest_scrap,assemble,,0,0,7.426222,0.85737785,0.14262215,0,12.321203
6,67,GG:3e-06;GB:0.48718;BG:0.487178;BB:0.025639,0.0,0.0,0.0,0.0,3e-06,0.48718,0.0,0.487178,0.025639,0,0.487183,0.512817,0,0.487181,0.512819,0.9999971500,inspect_p1,inspect,1,,,2,0.0,1.0,0,25.62893
6,68,GB:1,0.0,0.0,0.0,0.0,0.0,1.0,0.0,0.0,0.0,0,1.0,0,0,0,1.0,1.0000000000,inspect_p2,inspect,2,,,3,0.0,1.0,0,31.32133
6,69,BG:1,0.0,0.0,0.0,0.0,0.0,0.0,0.0,1.0,0.0,0,0,1.0,0,1.0,0,1.0000000000,inspect_p1,inspect,1,,,2,0.0,1.0,0,16.32133
6,70,GG:0.487174;BG:0.512826,0.0,0.0,0.0,0.0,0.487174,0.0,0.0,0.512826,0.0,0,0.487174,0.512826,0,1.0,0,0.5371847000,inspect_p1,inspect,1,,,2,0.0,1.0,0,13.347004
6,71,GG:0.316387;GB:0.333039;BG:0.333046;BB:0.017528,0.0,0.0,0.0,0.0,0.316387,0.333039,0.0,0.333046,0.017528,0,0.649426,0.350574,0,0.649433,0.350567,0.6994323500,inspect_p1,inspect,1,,,2,0.0,1.0,0,21.701652
6,72,GG:0.949998;BG:0.050002,0.0,0.0,0.0,0.0,0.949998,0.0,0.0,0.050002,0.0,0,0.949998,0.050002,0,1.0,0,0.0975019000,assemble_notest_scrap,assemble,,0,0,6.975019,0.9024981,0.0975019,0,10.321414
6,73,GG:0.902498;GB:0.0475;BG:0.047502;BB:0.0025,0.0,0.0,0.0,0.0,0.902498,0.0475,0.0,0.047502,0.0025,0,0.949998,0.050002,0,0.95,0.05,0.1426269000,assemble_notest_scrap,assemble,,0,0,7.426269,0.8573731,0.1426269,0,12.321414
6,74,GG:0.001156;GB:0.486611;BG:0.486621;BB:0.025612,0.0,0.0,0.0,0.0,0.001156,0.486611,0.0,0.486621,0.025612,0,0.487767,0.512233,0,0.487777,0.512223,0.9989018000,inspect_p1,inspect,1,,,2,0.0,1.0,0,25.614614
6,75,GG:0.487174;GB:0.512826,0.0,0.0,0.0,0.0,0.487174,0.512826,0.0,0.0,0.0,0,1.0,0,0,0.487174,0.512826,0.5371847000,inspect_p2,inspect,2,,,3,0.0,1.0,0,21.526568
6,76,GG:0.316387;GB:0.333046;BG:0.333039;BB:0.017528,0.0,0.0,0.0,0.0,0.316387,0.333046,0.0,0.333039,0.017528,0,0.649433,0.350567,0,0.649426,0.350574,0.6994323500,inspect_p1,inspect,1,,,2,0.0,1.0,0,21.701769
6,77,GG:0.949998;GB:0.050002,0.0,0.0,0.0,0.0,0.949998,0.050002,0.0,0.0,0.0,0,1.0,0,0,0.949998,0.050002,0.0975019000,assemble_notest_scrap,assemble,,0,0,6.975019,0.9024981,0.0975019,0,10.321414
6,78,GG:0.902498;GB:0.047502;BG:0.0475;BB:0.0025,0.0,0.0,0.0,0.0,0.902498,0.047502,0.0,0.0475,0.0025,0,0.95,0.05,0,0.949998,0.050002,0.1426269000,assemble_notest_scrap,assemble,,0,0,7.426269,0.8573731,0.1426269,0,12.321414
6,79,GG:0.001156;GB:0.486621;BG:0.486611;BB:0.025612,0.0,0.0,0.0,0.0,0.001156,0.486621,0.0,0.486611,0.025612,0,0.487777,0.512223,0,0.487767,0.512233,0.9989018000,inspect_p1,inspect,1,,,2,0.0,1.0,0,25.614785
6,80,GG:0.045348;GB:0.954652,0.0,0.0,0.0,0.0,0.045348,0.954652,0.0,0.0,0.0,0,1.0,0,0,0.045348,0.954652,0.9569194000,inspect_p2,inspect,2,,,3,0.0,1.0,0,30.409596
6,81,GN:0.949997;BN:0.050003,0.0,0.0,0.0,0.949997,0.0,0.0,0.050003,0.0,0.0,0,0.949997,0.050003,1.0,0,0,,buy_p2_notest,buy,2,,,18,0.0,1.0,0,30.321456
6,82,GG:0.022618;GB:0.476151;BG:0.476169;BB:0.025062,0.0,0.0,0.0,0.0,0.022618,0.476151,0.0,0.476169,0.025062,0,0.498769,0.501231,0,0.498787,0.501213,0.9785129000,inspect_p1,inspect,1,,,2,0.0,1.0,0,25.348141
6,83,GG:0.045348;BG:0.954652,0.0,0.0,0.0,0.0,0.045348,0.0,0.0,0.954652,0.0,0,0.045348,0.954652,0,1.0,0,0.9569194000,inspect_p1,inspect,1,,,2,0.0,1.0,0,16.044468
6,84,NG:0.949997;NB:0.050003,0.0,0.949997,0.050003,0.0,0.0,0.0,0.0,0.0,0.0,1.0,0,0,0,0.949997,0.050003,,buy_p1_notest,buy,1,,,4,0.0,1.0,0,16.321456
6,85,GG:0.022618;GB:0.476169;BG:0.476151;BB:0.025062,0.0,0.0,0.0,0.0,0.022618,0.476169,0.0,0.476151,0.025062,0,0.498787,0.501213,0,0.498769,0.501231,0.9785129000,inspect_p1,inspect,1,,,2,0.0,1.0,0,25.348457
6,86,GG:0.487195;GB:0.512805,0.0,0.0,0.0,0.0,0.487195,0.512805,0.0,0.0,0.0,0,1.0,0,0,0.487195,0.512805,0.5371647500,inspect_p2,inspect,2,,,3,0.0,1.0,0,21.526146
6,87,GG:0.316397;GB:0.333027;BG:0.333047;BB:0.017529,0.0,0.0,0.0,0.0,0.316397,0.333027,0.0,0.333047,0.017529,0,0.649424,0.350576,0,0.649444,0.350556,0.6994228500,inspect_p1,inspect,1,,,2,0.0,1.0,0,21.701464
6,88,GG:0.487195;BG:0.512805,0.0,0.0,0.0,0.0,0.487195,0.0,0.0,0.512805,0.0,0,0.487195,0.512805,0,1.0,0,0.5371647500,inspect_p1,inspect,1,,,2,0.0,1.0,0,13.346876
6,89,GG:0.316397;GB:0.333047;BG:0.333027;BB:0.017529,0.0,0.0,0.0,0.0,0.316397,0.333047,0.0,0.333027,0.017529,0,0.649444,0.350556,0,0.649424,0.350576,0.6994228500,inspect_p1,inspect,1,,,2,0.0,1.0,0,21.701793
6,90,NG:0.950004;NB:0.049996,0.0,0.950004,0.049996,0.0,0.0,0.0,0.0,0.0,0.0,1.0,0,0,0,0.950004,0.049996,,buy_p1_notest,buy,1,,,4,0.0,1.0,0,16.321161
6,91,GN:0.950004;BN:0.049996,0.0,0.0,0.0,0.950004,0.0,0.0,0.049996,0.0,0.0,0,0.950004,0.049996,1.0,0,0,,buy_p2_notest,buy,2,,,18,0.0,1.0,0,30.321161
6,92,GB:0.487182;BG:0.487179;BB:0.025639,0.0,0.0,0.0,0.0,0.0,0.487182,0.0,0.487179,0.025639,0,0.487182,0.512818,0,0.487179,0.512821,1.0000000000,inspect_p1,inspect,1,,,2,0.0,1.0,0,25.628973
6,93,GG:0.045345;BG:0.954655,0.0,0.0,0.0,0.0,0.045345,0.0,0.0,0.954655,0.0,0,0.045345,0.954655,0,1.0,0,0.9569222500,inspect_p1,inspect,1,,,2,0.0,1.0,0,16.044486
6,94,GG:0.022617;GB:0.476156;BG:0.476167;BB:0.02506,0.0,0.0,0.0,0.0,0.022617,0.476156,0.0,0.476167,0.02506,0,0.498773,0.501227,0,0.498784,0.501216,0.9785138500,inspect_p1,inspect,1,,,2,0.0,1.0,0,25.348143
6,95,GG:0.487169;BG:0.512831,0.0,0.0,0.0,0.0,0.487169,0.0,0.0,0.512831,0.0,0,0.487169,0.512831,0,1.0,0,0.5371894500,inspect_p1,inspect,1,,,2,0.0,1.0,0,13.347035
6,96,GG:0.316384;GB:0.333037;BG:0.333051;BB:0.017528,0.0,0.0,0.0,0.0,0.316384,0.333037,0.0,0.333051,0.017528,0,0.649421,0.350579,0,0.649435,0.350565,0.6994352000,inspect_p1,inspect,1,,,2,0.0,1.0,0,21.701611
6,97,GG:5.8e-05;GB:0.487146;BG:0.487156;BB:0.02564,0.0,0.0,0.0,0.0,5.8e-05,0.487146,0.0,0.487156,0.02564,0,0.487204,0.512796,0,0.487214,0.512786,0.9999449000,inspect_p1,inspect,1,,,2,0.0,1.0,0,25.628224
6,98,GG:0.045345;GB:0.954655,0.0,0.0,0.0,0.0,0.045345,0.954655,0.0,0.0,0.0,0,1.0,0,0,0.045345,0.954655,0.9569222500,inspect_p2,inspect,2,,,3,0.0,1.0,0,30.409656
6,99,GG:0.022617;GB:0.476167;BG:0.476156;BB:0.02506,0.0,0.0,0.0,0.0,0.022617,0.476167,0.0,0.476156,0.02506,0,0.498784,0.501216,0,0.498773,0.501227,0.9785138500,inspect_p1,inspect,1,,,2,0.0,1.0,0,25.348329
6,100,GG:0.487169;GB:0.512831,0.0,0.0,0.0,0.0,0.487169,0.512831,0.0,0.0,0.0,0,1.0,0,0,0.487169,0.512831,0.5371894500,inspect_p2,inspect,2,,,3,0.0,1.0,0,21.526669
6,101,GG:0.316384;GB:0.333051;BG:0.333037;BB:0.017528,0.0,0.0,0.0,0.0,0.316384,0.333051,0.0,0.333037,0.017528,0,0.649435,0.350565,0,0.649421,0.350579,0.6994352000,inspect_p1,inspect,1,,,2,0.0,1.0,0,21.701857
6,102,GG:5.8e-05;GB:0.487156;BG:0.487146;BB:0.02564,0.0,0.0,0.0,0.0,5.8e-05,0.487156,0.0,0.487146,0.02564,0,0.487214,0.512786,0,0.487204,0.512796,0.9999449000,inspect_p1,inspect,1,,,2,0.0,1.0,0,25.628396
6,103,GG:0.949997;BG:0.050003,0.0,0.0,0.0,0.0,0.949997,0.0,0.0,0.050003,0.0,0,0.949997,0.050003,0,1.0,0,0.0975028500,assemble_notest_scrap,assemble,,0,0,6.975029,0.90249715,0.09750285,0,10.321456
6,104,GG:0.902497;GB:0.0475;BG:0.047503;BB:0.0025,0.0,0.0,0.0,0.0,0.902497,0.0475,0.0,0.047503,0.0025,0,0.949997,0.050003,0,0.95,0.05,0.1426278500,assemble_notest_scrap,assemble,,0,0,7.426279,0.85737215,0.14262785,0,12.321456
6,105,GG:0.001156;GB:0.486607;BG:0.486625;BB:0.025612,0.0,0.0,0.0,0.0,0.001156,0.486607,0.0,0.486625,0.025612,0,0.487763,0.512237,0,0.487781,0.512219,0.9989018000,inspect_p1,inspect,1,,,2,0.0,1.0,0,25.614533
6,106,GG:0.949997;GB:0.050003,0.0,0.0,0.0,0.0,0.949997,0.050003,0.0,0.0,0.0,0,1.0,0,0,0.949997,0.050003,0.0975028500,assemble_notest_scrap,assemble,,0,0,6.975029,0.90249715,0.09750285,0,10.321456
6,107,GG:0.902497;GB:0.047503;BG:0.0475;BB:0.0025,0.0,0.0,0.0,0.0,0.902497,0.047503,0.0,0.0475,0.0025,0,0.95,0.05,0,0.949997,0.050003,0.1426278500,assemble_notest_scrap,assemble,,0,0,7.426279,0.85737215,0.14262785,0,12.321456
6,108,GG:0.001156;GB:0.486625;BG:0.486607;BB:0.025612,0.0,0.0,0.0,0.0,0.001156,0.486625,0.0,0.486607,0.025612,0,0.487781,0.512219,0,0.487763,0.512237,0.9989018000,inspect_p1,inspect,1,,,2,0.0,1.0,0,25.614845
6,109,GG:0.045349;GB:0.954651,0.0,0.0,0.0,0.0,0.045349,0.954651,0.0,0.0,0.0,0,1.0,0,0,0.045349,0.954651,0.9569184500,inspect_p2,inspect,2,,,3,0.0,1.0,0,30.409576
6,110,GG:0.487196;GB:0.512804,0.0,0.0,0.0,0.0,0.487196,0.512804,0.0,0.0,0.0,0,1.0,0,0,0.487196,0.512804,0.5371638000,inspect_p2,inspect,2,,,3,0.0,1.0,0,21.526126
6,111,GG:0.487181;BG:0.512819,0.0,0.0,0.0,0.0,0.487181,0.0,0.0,0.512819,0.0,0,0.487181,0.512819,0,1.0,0,0.5371780500,inspect_p1,inspect,1,,,2,0.0,1.0,0,13.346961
6,112,GG:0.022618;GB:0.476145;BG:0.476175;BB:0.025062,0.0,0.0,0.0,0.0,0.022618,0.476145,0.0,0.476175,0.025062,0,0.498763,0.501237,0,0.498793,0.501207,0.9785129000,inspect_p1,inspect,1,,,2,0.0,1.0,0,25.348036
6,113,GG:0.045349;BG:0.954651,0.0,0.0,0.0,0.0,0.045349,0.0,0.0,0.954651,0.0,0,0.045349,0.954651,0,1.0,0,0.9569184500,inspect_p1,inspect,1,,,2,0.0,1.0,0,16.044462
6,114,GG:0.487181;GB:0.512819,0.0,0.0,0.0,0.0,0.487181,0.512819,0.0,0.0,0.0,0,1.0,0,0,0.487181,0.512819,0.5371780500,inspect_p2,inspect,2,,,3,0.0,1.0,0,21.526427
6,115,GG:0.487196;BG:0.512804,0.0,0.0,0.0,0.0,0.487196,0.0,0.0,0.512804,0.0,0,0.487196,0.512804,0,1.0,0,0.5371638000,inspect_p1,inspect,1,,,2,0.0,1.0,0,13.34687
6,116,GG:0.022618;GB:0.476175;BG:0.476145;BB:0.025062,0.0,0.0,0.0,0.0,0.022618,0.476175,0.0,0.476145,0.025062,0,0.498793,0.501207,0,0.498763,0.501237,0.9785129000,inspect_p1,inspect,1,,,2,0.0,1.0,0,25.348552
6,117,GG:0.950004;GB:0.049996,0.0,0.0,0.0,0.0,0.950004,0.049996,0.0,0.0,0.0,0,1.0,0,0,0.950004,0.049996,0.0974962000,assemble_notest_scrap,assemble,,0,0,6.974962,0.9025038,0.0974962,0,10.321161
6,118,GG:0.902504;GB:0.047496;BG:0.0475;BB:0.0025,0.0,0.0,0.0,0.0,0.902504,0.047496,0.0,0.0475,0.0025,0,0.95,0.05,0,0.950004,0.049996,0.1426212000,assemble_notest_scrap,assemble,,0,0,7.426212,0.8573788,0.1426212,0,12.321161
6,119,GG:0.950004;BG:0.049996,0.0,0.0,0.0,0.0,0.950004,0.0,0.0,0.049996,0.0,0,0.950004,0.049996,0,1.0,0,0.0974962000,assemble_notest_scrap,assemble,,0,0,6.974962,0.9025038,0.0974962,0,10.321161
6,120,GG:0.902504;GB:0.0475;BG:0.047496;BB:0.0025,0.0,0.0,0.0,0.0,0.902504,0.0475,0.0,0.047496,0.0025,0,0.950004,0.049996,0,0.95,0.05,0.1426212000,assemble_notest_scrap,assemble,,0,0,7.426212,0.8573788,0.1426212,0,12.321161
6,121,GG:0.045344;BG:0.954656,0.0,0.0,0.0,0.0,0.045344,0.0,0.0,0.954656,0.0,0,0.045344,0.954656,0,1.0,0,0.9569232000,inspect_p1,inspect,1,,,2,0.0,1.0,0,16.044493
6,122,GG:0.001156;GB:0.486611;BG:0.486623;BB:0.02561,0.0,0.0,0.0,0.0,0.001156,0.486611,0.0,0.486623,0.02561,0,0.487767,0.512233,0,0.487779,0.512221,0.9989018000,inspect_p1,inspect,1,,,2,0.0,1.0,0,25.614528
6,123,GG:0.487168;BG:0.512832,0.0,0.0,0.0,0.0,0.487168,0.0,0.0,0.512832,0.0,0,0.487168,0.512832,0,1.0,0,0.5371904000,inspect_p1,inspect,1,,,2,0.0,1.0,0,13.347041
6,124,GG:0.022617;GB:0.476151;BG:0.476172;BB:0.02506,0.0,0.0,0.0,0.0,0.022617,0.476151,0.0,0.476172,0.02506,0,0.498768,0.501232,0,0.498789,0.501211,0.9785138500,inspect_p1,inspect,1,,,2,0.0,1.0,0,25.348063
6,125,GG:3e-06;GB:0.487173;BG:0.487183;BB:0.025641,0.0,0.0,0.0,0.0,3e-06,0.487173,0.0,0.487183,0.025641,0,0.487176,0.512824,0,0.487186,0.512814,0.9999971500,inspect_p1,inspect,1,,,2,0.0,1.0,0,25.628911
6,126,GG:0.045344;GB:0.954656,0.0,0.0,0.0,0.0,0.045344,0.954656,0.0,0.0,0.0,0,1.0,0,0,0.045344,0.954656,0.9569232000,inspect_p2,inspect,2,,,3,0.0,1.0,0,30.409677
6,127,GG:0.001156;GB:0.486623;BG:0.486611;BB:0.02561,0.0,0.0,0.0,0.0,0.001156,0.486623,0.0,0.486611,0.02561,0,0.487779,0.512221,0,0.487767,0.512233,0.9989018000,inspect_p1,inspect,1,,,2,0.0,1.0,0,25.614729
6,128,GG:0.487168;GB:0.512832,0.0,0.0,0.0,0.0,0.487168,0.512832,0.0,0.0,0.0,0,1.0,0,0,0.487168,0.512832,0.5371904000,inspect_p2,inspect,2,,,3,0.0,1.0,0,21.526689
6,129,GG:0.022617;GB:0.476172;BG:0.476151;BB:0.02506,0.0,0.0,0.0,0.0,0.022617,0.476172,0.0,0.476151,0.02506,0,0.498789,0.501211,0,0.498768,0.501232,0.9785138500,inspect_p1,inspect,1,,,2,0.0,1.0,0,25.348421
6,130,GG:3e-06;GB:0.487183;BG:0.487173;BB:0.025641,0.0,0.0,0.0,0.0,3e-06,0.487183,0.0,0.487173,0.025641,0,0.487186,0.512814,0,0.487176,0.512824,0.9999971500,inspect_p1,inspect,1,,,2,0.0,1.0,0,25.629082
6,131,GG:0.487164;BG:0.512836,0.0,0.0,0.0,0.0,0.487164,0.0,0.0,0.512836,0.0,0,0.487164,0.512836,0,1.0,0,0.5371942000,inspect_p1,inspect,1,,,2,0.0,1.0,0,13.347065
6,132,GG:0.316382;GB:0.333035;BG:0.333055;BB:0.017528,0.0,0.0,0.0,0.0,0.316382,0.333035,0.0,0.333055,0.017528,0,0.649417,0.350583,0,0.649437,0.350563,0.6994371000,inspect_p1,inspect,1,,,2,0.0,1.0,0,21.70159
6,133,GG:5.8e-05;GB:0.487142;BG:0.48716;BB:0.02564,0.0,0.0,0.0,0.0,5.8e-05,0.487142,0.0,0.48716,0.02564,0,0.4872,0.5128,0,0.487218,0.512782,0.9999449000,inspect_p1,inspect,1,,,2,0.0,1.0,0,25.628164
6,134,GG:0.487164;GB:0.512836,0.0,0.0,0.0,0.0,0.487164,0.512836,0.0,0.0,0.0,0,1.0,0,0,0.487164,0.512836,0.5371942000,inspect_p2,inspect,2,,,3,0.0,1.0,0,21.526769
6,135,GG:0.316382;GB:0.333055;BG:0.333035;BB:0.017528,0.0,0.0,0.0,0.0,0.316382,0.333055,0.0,0.333035,0.017528,0,0.649437,0.350563,0,0.649417,0.350583,0.6994371000,inspect_p1,inspect,1,,,2,0.0,1.0,0,21.701948
6,136,GG:5.8e-05;GB:0.48716;BG:0.487142;BB:0.02564,0.0,0.0,0.0,0.0,5.8e-05,0.48716,0.0,0.487142,0.02564,0,0.487218,0.512782,0,0.4872,0.5128,0.9999449000,inspect_p1,inspect,1,,,2,0.0,1.0,0,25.628477
6,137,GG:0.001156;GB:0.486601;BG:0.486631;BB:0.025612,0.0,0.0,0.0,0.0,0.001156,0.486601,0.0,0.486631,0.025612,0,0.487757,0.512243,0,0.487787,0.512213,0.9989018000,inspect_p1,inspect,1,,,2,0.0,1.0,0,25.614443
6,138,GG:0.001156;GB:0.486631;BG:0.486601;BB:0.025612,0.0,0.0,0.0,0.0,0.001156,0.486631,0.0,0.486601,0.025612,0,0.487787,0.512213,0,0.487757,0.512243,0.9989018000,inspect_p1,inspect,1,,,2,0.0,1.0,0,25.614957
6,139,GG:0.487201;GB:0.512799,0.0,0.0,0.0,0.0,0.487201,0.512799,0.0,0.0,0.0,0,1.0,0,0,0.487201,0.512799,0.5371590500,inspect_p2,inspect,2,,,3,0.0,1.0,0,21.526025
6,140,GN:0.949996;BN:0.050004,0.0,0.0,0.0,0.949996,0.0,0.0,0.050004,0.0,0.0,0,0.949996,0.050004,1.0,0,0,,buy_p2_notest,buy,2,,,18,0.0,1.0,0,30.321498
6,141,GG:0.316399;GB:0.333022;BG:0.33305;BB:0.017529,0.0,0.0,0.0,0.0,0.316399,0.333022,0.0,0.33305,0.017529,0,0.649421,0.350579,0,0.649449,0.350551,0.6994209500,inspect_p1,inspect,1,,,2,0.0,1.0,0,21.701355
6,142,GG:0.487201;BG:0.512799,0.0,0.0,0.0,0.0,0.487201,0.0,0.0,0.512799,0.0,0,0.487201,0.512799,0,1.0,0,0.5371590500,inspect_p1,inspect,1,,,2,0.0,1.0,0,13.346839
6,143,NG:0.949996;NB:0.050004,0.0,0.949996,0.050004,0.0,0.0,0.0,0.0,0.0,0.0,1.0,0,0,0,0.949996,0.050004,,buy_p1_notest,buy,1,,,4,0.0,1.0,0,16.321498
6,144,GG:0.316399;GB:0.33305;BG:0.333022;BB:0.017529,0.0,0.0,0.0,0.0,0.316399,0.33305,0.0,0.333022,0.017529,0,0.649449,0.350551,0,0.649421,0.350579,0.6994209500,inspect_p1,inspect,1,,,2,0.0,1.0,0,21.701834
6,145,GG:5.8e-05;GB:0.487146;BG:0.487158;BB:0.025638,0.0,0.0,0.0,0.0,5.8e-05,0.487146,0.0,0.487158,0.025638,0,0.487204,0.512796,0,0.487216,0.512784,0.9999449000,inspect_p1,inspect,1,,,2,0.0,1.0,0,25.628138
6,146,GG:0.001156;GB:0.486606;BG:0.486628;BB:0.02561,0.0,0.0,0.0,0.0,0.001156,0.486606,0.0,0.486628,0.02561,0,0.487762,0.512238,0,0.487784,0.512216,0.9989018000,inspect_p1,inspect,1,,,2,0.0,1.0,0,25.614432
6,147,GB:0.487174;BG:0.487185;BB:0.025641,0.0,0.0,0.0,0.0,0.0,0.487174,0.0,0.487185,0.025641,0,0.487174,0.512826,0,0.487185,0.512815,1.0000000000,inspect_p1,inspect,1,,,2,0.0,1.0,0,25.628918
6,148,GG:5.8e-05;GB:0.487158;BG:0.487146;BB:0.025638,0.0,0.0,0.0,0.0,5.8e-05,0.487158,0.0,0.487146,0.025638,0,0.487216,0.512784,0,0.487204,0.512796,0.9999449000,inspect_p1,inspect,1,,,2,0.0,1.0,0,25.628361
6,149,GG:0.001156;GB:0.486628;BG:0.486606;BB:0.02561,0.0,0.0,0.0,0.0,0.001156,0.486628,0.0,0.486606,0.02561,0,0.487784,0.512216,0,0.487762,0.512238,0.9989018000,inspect_p1,inspect,1,,,2,0.0,1.0,0,25.614804
6,150,GB:0.487185;BG:0.487174;BB:0.025641,0.0,0.0,0.0,0.0,0.0,0.487185,0.0,0.487174,0.025641,0,0.487185,0.512815,0,0.487174,0.512826,1.0000000000,inspect_p1,inspect,1,,,2,0.0,1.0,0,25.629105
6,151,GG:0.045343;BG:0.954657,0.0,0.0,0.0,0.0,0.045343,0.0,0.0,0.954657,0.0,0,0.045343,0.954657,0,1.0,0,0.9569241500,inspect_p1,inspect,1,,,2,0.0,1.0,0,16.044499
6,152,GG:0.487163;BG:0.512837,0.0,0.0,0.0,0.0,0.487163,0.0,0.0,0.512837,0.0,0,0.487163,0.512837,0,1.0,0,0.5371951500,inspect_p1,inspect,1,,,2,0.0,1.0,0,13.347071
6,153,GG:0.022617;GB:0.476147;BG:0.476176;BB:0.02506,0.0,0.0,0.0,0.0,0.022617,0.476147,0.0,0.476176,0.02506,0,0.498764,0.501236,0,0.498793,0.501207,0.9785138500,inspect_p1,inspect,1,,,2,0.0,1.0,0,25.347985
6,154,GG:3e-06;GB:0.487169;BG:0.487187;BB:0.025641,0.0,0.0,0.0,0.0,3e-06,0.487169,0.0,0.487187,0.025641,0,0.487172,0.512828,0,0.48719,0.51281,0.9999971500,inspect_p1,inspect,1,,,2,0.0,1.0,0,25.628829
6,155,GG:0.045343;GB:0.954657,0.0,0.0,0.0,0.0,0.045343,0.954657,0.0,0.0,0.0,0,1.0,0,0,0.045343,0.954657,0.9569241500,inspect_p2,inspect,2,,,3,0.0,1.0,0,30.409697
6,156,GG:0.487163;GB:0.512837,0.0,0.0,0.0,0.0,0.487163,0.512837,0.0,0.0,0.0,0,1.0,0,0,0.487163,0.512837,0.5371951500,inspect_p2,inspect,2,,,3,0.0,1.0,0,21.526789
6,157,GG:0.022617;GB:0.476176;BG:0.476147;BB:0.02506,0.0,0.0,0.0,0.0,0.022617,0.476176,0.0,0.476147,0.02506,0,0.498793,0.501207,0,0.498764,0.501236,0.9785138500,inspect_p1,inspect,1,,,2,0.0,1.0,0,25.348487
6,158,GG:3e-06;GB:0.487187;BG:0.487169;BB:0.025641,0.0,0.0,0.0,0.0,3e-06,0.487187,0.0,0.487169,0.025641,0,0.48719,0.51281,0,0.487172,0.512828,0.9999971500,inspect_p1,inspect,1,,,2,0.0,1.0,0,25.629142
6,159,GG:5.8e-05;GB:0.487136;BG:0.487166;BB:0.02564,0.0,0.0,0.0,0.0,5.8e-05,0.487136,0.0,0.487166,0.02564,0,0.487194,0.512806,0,0.487224,0.512776,0.9999449000,inspect_p1,inspect,1,,,2,0.0,1.0,0,25.628052
6,160,GG:5.8e-05;GB:0.487166;BG:0.487136;BB:0.02564,0.0,0.0,0.0,0.0,5.8e-05,0.487166,0.0,0.487136,0.02564,0,0.487224,0.512776,0,0.487194,0.512806,0.9999449000,inspect_p1,inspect,1,,,2,0.0,1.0,0,25.628567
6,161,GG:0.04535;GB:0.95465,0.0,0.0,0.0,0.0,0.04535,0.95465,0.0,0.0,0.0,0,1.0,0,0,0.04535,0.95465,0.9569175000,inspect_p2,inspect,2,,,3,0.0,1.0,0,30.409556
6,162,GG:0.949996;BG:0.050004,0.0,0.0,0.0,0.0,0.949996,0.0,0.0,0.050004,0.0,0,0.949996,0.050004,0,1.0,0,0.0975038000,assemble_notest_scrap,assemble,,0,0,6.975038,0.9024962,0.0975038,0,10.321498
6,163,GG:0.902496;GB:0.0475;BG:0.047504;BB:0.0025,0.0,0.0,0.0,0.0,0.902496,0.0475,0.0,0.047504,0.0025,0,0.949996,0.050004,0,0.95,0.05,0.1426288000,assemble_notest_scrap,assemble,,0,0,7.426288,0.8573712,0.1426288,0,12.321498
6,164,GG:0.487202;GB:0.512798,0.0,0.0,0.0,0.0,0.487202,0.512798,0.0,0.0,0.0,0,1.0,0,0,0.487202,0.512798,0.5371581000,inspect_p2,inspect,2,,,3,0.0,1.0,0,21.526005
6,165,GG:0.022619;GB:0.47614;BG:0.476179;BB:0.025062,0.0,0.0,0.0,0.0,0.022619,0.47614,0.0,0.476179,0.025062,0,0.498759,0.501241,0,0.498798,0.501202,0.9785119500,inspect_p1,inspect,1,,,2,0.0,1.0,0,25.347949
6,166,GG:0.04535;BG:0.95465,0.0,0.0,0.0,0.0,0.04535,0.0,0.0,0.95465,0.0,0,0.04535,0.95465,0,1.0,0,0.9569175000,inspect_p1,inspect,1,,,2,0.0,1.0,0,16.044456
6,167,GG:0.949996;GB:0.050004,0.0,0.0,0.0,0.0,0.949996,0.050004,0.0,0.0,0.0,0,1.0,0,0,0.949996,0.050004,0.0975038000,assemble_notest_scrap,assemble,,0,0,6.975038,0.9024962,0.0975038,0,10.321498
6,168,GG:0.902496;GB:0.047504;BG:0.0475;BB:0.0025,0.0,0.0,0.0,0.0,0.902496,0.047504,0.0,0.0475,0.0025,0,0.95,0.05,0,0.949996,0.050004,0.1426288000,assemble_notest_scrap,assemble,,0,0,7.426288,0.8573712,0.1426288,0,12.321498
6,169,GG:0.487202;BG:0.512798,0.0,0.0,0.0,0.0,0.487202,0.0,0.0,0.512798,0.0,0,0.487202,0.512798,0,1.0,0,0.5371581000,inspect_p1,inspect,1,,,2,0.0,1.0,0,13.346833
6,170,GG:0.022619;GB:0.476179;BG:0.47614;BB:0.025062,0.0,0.0,0.0,0.0,0.022619,0.476179,0.0,0.47614,0.025062,0,0.498798,0.501202,0,0.498759,0.501241,0.9785119500,inspect_p1,inspect,1,,,2,0.0,1.0,0,25.348623
6,171,GG:3e-06;GB:0.487173;BG:0.487185;BB:0.025639,0.0,0.0,0.0,0.0,3e-06,0.487173,0.0,0.487185,0.025639,0,0.487176,0.512824,0,0.487188,0.512812,0.9999971500,inspect_p1,inspect,1,,,2,0.0,1.0,0,25.628825
6,172,GG:5.8e-05;GB:0.487141;BG:0.487163;BB:0.025638,0.0,0.0,0.0,0.0,5.8e-05,0.487141,0.0,0.487163,0.025638,0,0.487199,0.512801,0,0.487221,0.512779,0.9999449000,inspect_p1,inspect,1,,,2,0.0,1.0,0,25.628063
6,173,GG:3e-06;GB:0.487185;BG:0.487173;BB:0.025639,0.0,0.0,0.0,0.0,3e-06,0.487185,0.0,0.487173,0.025639,0,0.487188,0.512812,0,0.487176,0.512824,0.9999971500,inspect_p1,inspect,1,,,2,0.0,1.0,0,25.629026
6,174,GG:5.8e-05;GB:0.487163;BG:0.487141;BB:0.025638,0.0,0.0,0.0,0.0,5.8e-05,0.487163,0.0,0.487141,0.025638,0,0.487221,0.512779,0,0.487199,0.512801,0.9999449000,inspect_p1,inspect,1,,,2,0.0,1.0,0,25.628436
6,175,GG:0.001156;GB:0.486602;BG:0.486632;BB:0.02561,0.0,0.0,0.0,0.0,0.001156,0.486602,0.0,0.486632,0.02561,0,0.487758,0.512242,0,0.487788,0.512212,0.9989018000,inspect_p1,inspect,1,,,2,0.0,1.0,0,25.614372
6,176,GB:0.48717;BG:0.487189;BB:0.025641,0.0,0.0,0.0,0.0,0.0,0.48717,0.0,0.487189,0.025641,0,0.48717,0.51283,0,0.487189,0.512811,1.0000000000,inspect_p1,inspect,1,,,2,0.0,1.0,0,25.628858
6,177,GG:0.001156;GB:0.486632;BG:0.486602;BB:0.02561,0.0,0.0,0.0,0.0,0.001156,0.486632,0.0,0.486602,0.02561,0,0.487788,0.512212,0,0.487758,0.512242,0.9989018000,inspect_p1,inspect,1,,,2,0.0,1.0,0,25.614885
6,178,GB:0.487189;BG:0.48717;BB:0.025641,0.0,0.0,0.0,0.0,0.0,0.487189,0.0,0.48717,0.025641,0,0.487189,0.512811,0,0.48717,0.51283,1.0000000000,inspect_p1,inspect,1,,,2,0.0,1.0,0,25.629186
6,179,GG:3e-06;GB:0.487163;BG:0.487193;BB:0.025641,0.0,0.0,0.0,0.0,3e-06,0.487163,0.0,0.487193,0.025641,0,0.487166,0.512834,0,0.487196,0.512804,0.9999971500,inspect_p1,inspect,1,,,2,0.0,1.0,0,25.628739
6,180,GG:3e-06;GB:0.487193;BG:0.487163;BB:0.025641,0.0,0.0,0.0,0.0,3e-06,0.487193,0.0,0.487163,0.025641,0,0.487196,0.512804,0,0.487166,0.512834,0.9999971500,inspect_p1,inspect,1,,,2,0.0,1.0,0,25.629254
6,181,GG:0.487158;BG:0.512842,0.0,0.0,0.0,0.0,0.487158,0.0,0.0,0.512842,0.0,0,0.487158,0.512842,0,1.0,0,0.5371999000,inspect_p1,inspect,1,,,2,0.0,1.0,0,13.347102
6,182,GG:0.316379;GB:0.333032;BG:0.333061;BB:0.017528,0.0,0.0,0.0,0.0,0.316379,0.333032,0.0,0.333061,0.017528,0,0.649411,0.350589,0,0.64944,0.35056,0.6994399500,inspect_p1,inspect,1,,,2,0.0,1.0,0,21.701558
6,183,GG:0.045351;GB:0.954649,0.0,0.0,0.0,0.0,0.045351,0.954649,0.0,0.0,0.0,0,1.0,0,0,0.045351,0.954649,0.9569165500,inspect_p2,inspect,2,,,3,0.0,1.0,0,30.409536
6,184,GG:0.001156;GB:0.486596;BG:0.486636;BB:0.025612,0.0,0.0,0.0,0.0,0.001156,0.486596,0.0,0.486636,0.025612,0,0.487752,0.512248,0,0.487792,0.512208,0.9989018000,inspect_p1,inspect,1,,,2,0.0,1.0,0,25.614347
6,185,GG:0.487158;GB:0.512842,0.0,0.0,0.0,0.0,0.487158,0.512842,0.0,0.0,0.0,0,1.0,0,0,0.487158,0.512842,0.5371999000,inspect_p2,inspect,2,,,3,0.0,1.0,0,21.52689
6,186,GG:0.316379;GB:0.333061;BG:0.333032;BB:0.017528,0.0,0.0,0.0,0.0,0.316379,0.333061,0.0,0.333032,0.017528,0,0.64944,0.35056,0,0.649411,0.350589,0.6994399500,inspect_p1,inspect,1,,,2,0.0,1.0,0,21.702042
6,187,GG:0.045351;BG:0.954649,0.0,0.0,0.0,0.0,0.045351,0.0,0.0,0.954649,0.0,0,0.045351,0.954649,0,1.0,0,0.9569165500,inspect_p1,inspect,1,,,2,0.0,1.0,0,16.04445
6,188,GG:0.001156;GB:0.486636;BG:0.486596;BB:0.025612,0.0,0.0,0.0,0.0,0.001156,0.486636,0.0,0.486596,0.025612,0,0.487792,0.512208,0,0.487752,0.512248,0.9989018000,inspect_p1,inspect,1,,,2,0.0,1.0,0,25.615031
6,189,GB:0.487174;BG:0.487187;BB:0.025639,0.0,0.0,0.0,0.0,0.0,0.487174,0.0,0.487187,0.025639,0,0.487174,0.512826,0,0.487187,0.512813,1.0000000000,inspect_p1,inspect,1,,,2,0.0,1.0,0,25.628853
6,190,GG:3e-06;GB:0.487168;BG:0.48719;BB:0.025639,0.0,0.0,0.0,0.0,3e-06,0.487168,0.0,0.48719,0.025639,0,0.487171,0.512829,0,0.487193,0.512807,0.9999971500,inspect_p1,inspect,1,,,2,0.0,1.0,0,25.628728
6,191,GB:0.487187;BG:0.487174;BB:0.025639,0.0,0.0,0.0,0.0,0.0,0.487187,0.0,0.487174,0.025639,0,0.487187,0.512813,0,0.487174,0.512826,1.0000000000,inspect_p1,inspect,1,,,2,0.0,1.0,0,25.62907
6,192,GG:3e-06;GB:0.48719;BG:0.487168;BB:0.025639,0.0,0.0,0.0,0.0,3e-06,0.48719,0.0,0.487168,0.025639,0,0.487193,0.512807,0,0.487171,0.512829,0.9999971500,inspect_p1,inspect,1,,,2,0.0,1.0,0,25.629101
6,193,GG:5.8e-05;GB:0.487137;BG:0.487167;BB:0.025638,0.0,0.0,0.0,0.0,5.8e-05,0.487137,0.0,0.487167,0.025638,0,0.487195,0.512805,0,0.487225,0.512775,0.9999449000,inspect_p1,inspect,1,,,2,0.0,1.0,0,25.628003
6,194,GG:5.8e-05;GB:0.487167;BG:0.487137;BB:0.025638,0.0,0.0,0.0,0.0,5.8e-05,0.487167,0.0,0.487137,0.025638,0,0.487225,0.512775,0,0.487195,0.512805,0.9999449000,inspect_p1,inspect,1,,,2,0.0,1.0,0,25.628517
6,195,GB:0.487164;BG:0.487195;BB:0.025641,0.0,0.0,0.0,0.0,0.0,0.487164,0.0,0.487195,0.025641,0,0.487164,0.512836,0,0.487195,0.512805,1.0000000000,inspect_p1,inspect,1,,,2,0.0,1.0,0,25.628746
6,196,GB:0.487195;BG:0.487164;BB:0.025641,0.0,0.0,0.0,0.0,0.0,0.487195,0.0,0.487164,0.025641,0,0.487195,0.512805,0,0.487164,0.512836,1.0000000000,inspect_p1,inspect,1,,,2,0.0,1.0,0,25.629276
6,197,GG:0.045342;BG:0.954658,0.0,0.0,0.0,0.0,0.045342,0.0,0.0,0.954658,0.0,0,0.045342,0.954658,0,1.0,0,0.9569251000,inspect_p1,inspect,1,,,2,0.0,1.0,0,16.044505
6,198,GG:0.487178;GB:0.512822,0.0,0.0,0.0,0.0,0.487178,0.512822,0.0,0.0,0.0,0,1.0,0,0,0.487178,0.512822,0.5371809000,inspect_p2,inspect,2,,,3,0.0,1.0,0,21.526488
6,199,GG:0.487157;BG:0.512843,0.0,0.0,0.0,0.0,0.487157,0.0,0.0,0.512843,0.0,0,0.487157,0.512843,0,1.0,0,0.5372008500,inspect_p1,inspect,1,,,2,0.0,1.0,0,13.347108
6,200,GG:0.022617;GB:0.476141;BG:0.476182;BB:0.02506,0.0,0.0,0.0,0.0,0.022617,0.476141,0.0,0.476182,0.02506,0,0.498758,0.501242,0,0.498799,0.501201,0.9785138500,inspect_p1,inspect,1,,,2,0.0,1.0,0,25.347891
6,201,GG:5.8e-05;GB:0.487131;BG:0.487171;BB:0.02564,0.0,0.0,0.0,0.0,5.8e-05,0.487131,0.0,0.487171,0.02564,0,0.487189,0.512811,0,0.487229,0.512771,0.9999449000,inspect_p1,inspect,1,,,2,0.0,1.0,0,25.627977
6,202,GG:0.045342;GB:0.954658,0.0,0.0,0.0,0.0,0.045342,0.954658,0.0,0.0,0.0,0,1.0,0,0,0.045342,0.954658,0.9569251000,inspect_p2,inspect,2,,,3,0.0,1.0,0,30.409717
6,203,GG:0.487157;GB:0.512843,0.0,0.0,0.0,0.0,0.487157,0.512843,0.0,0.0,0.0,0,1.0,0,0,0.487157,0.512843,0.5372008500,inspect_p2,inspect,2,,,3,0.0,1.0,0,21.52691
6,204,GG:0.487178;BG:0.512822,0.0,0.0,0.0,0.0,0.487178,0.0,0.0,0.512822,0.0,0,0.487178,0.512822,0,1.0,0,0.5371809000,inspect_p1,inspect,1,,,2,0.0,1.0,0,13.34698
6,205,GG:0.022617;GB:0.476182;BG:0.476141;BB:0.02506,0.0,0.0,0.0,0.0,0.022617,0.476182,0.0,0.476141,0.02506,0,0.498799,0.501201,0,0.498758,0.501242,0.9785138500,inspect_p1,inspect,1,,,2,0.0,1.0,0,25.348593
6,206,GG:5.8e-05;GB:0.487171;BG:0.487131;BB:0.02564,0.0,0.0,0.0,0.0,5.8e-05,0.487171,0.0,0.487131,0.02564,0,0.487229,0.512771,0,0.487189,0.512811,0.9999449000,inspect_p1,inspect,1,,,2,0.0,1.0,0,25.628664
6,207,NG:0.950005;NB:0.049995,0.0,0.950005,0.049995,0.0,0.0,0.0,0.0,0.0,0.0,1.0,0,0,0,0.950005,0.049995,,buy_p1_notest,buy,1,,,4,0.0,1.0,0,16.321119
6,208,GB:0.487169;BG:0.487192;BB:0.025639,0.0,0.0,0.0,0.0,0.0,0.487169,0.0,0.487192,0.025639,0,0.487169,0.512831,0,0.487192,0.512808,1.0000000000,inspect_p1,inspect,1,,,2,0.0,1.0,0,25.628757
6,209,GN:0.950005;BN:0.049995,0.0,0.0,0.0,0.950005,0.0,0.0,0.049995,0.0,0.0,0,0.950005,0.049995,1.0,0,0,,buy_p2_notest,buy,2,,,18,0.0,1.0,0,30.321119
6,210,GB:0.487192;BG:0.487169;BB:0.025639,0.0,0.0,0.0,0.0,0.0,0.487192,0.0,0.487169,0.025639,0,0.487192,0.512808,0,0.487169,0.512831,1.0000000000,inspect_p1,inspect,1,,,2,0.0,1.0,0,25.629145
6,211,GG:3e-06;GB:0.487164;BG:0.487194;BB:0.025639,0.0,0.0,0.0,0.0,3e-06,0.487164,0.0,0.487194,0.025639,0,0.487167,0.512833,0,0.487197,0.512803,0.9999971500,inspect_p1,inspect,1,,,2,0.0,1.0,0,25.628668
6,212,GG:3e-06;GB:0.487194;BG:0.487164;BB:0.025639,0.0,0.0,0.0,0.0,3e-06,0.487194,0.0,0.487164,0.025639,0,0.487197,0.512803,0,0.487167,0.512833,0.9999971500,inspect_p1,inspect,1,,,2,0.0,1.0,0,25.629183
6,213,GG:0.001156;GB:0.486596;BG:0.486638;BB:0.02561,0.0,0.0,0.0,0.0,0.001156,0.486596,0.0,0.486638,0.02561,0,0.487752,0.512248,0,0.487794,0.512206,0.9989018000,inspect_p1,inspect,1,,,2,0.0,1.0,0,25.614261
6,214,GG:3e-06;GB:0.487158;BG:0.487198;BB:0.025641,0.0,0.0,0.0,0.0,3e-06,0.487158,0.0,0.487198,0.025641,0,0.487161,0.512839,0,0.487201,0.512799,0.9999971500,inspect_p1,inspect,1,,,2,0.0,1.0,0,25.628643
6,215,GG:0.001156;GB:0.486638;BG:0.486596;BB:0.02561,0.0,0.0,0.0,0.0,0.001156,0.486638,0.0,0.486596,0.02561,0,0.487794,0.512206,0,0.487752,0.512248,0.9989018000,inspect_p1,inspect,1,,,2,0.0,1.0,0,25.614975
6,216,GG:3e-06;GB:0.487198;BG:0.487158;BB:0.025641,0.0,0.0,0.0,0.0,3e-06,0.487198,0.0,0.487158,0.025641,0,0.487201,0.512799,0,0.487161,0.512839,0.9999971500,inspect_p1,inspect,1,,,2,0.0,1.0,0,25.629329
6,217,GG:0.950005;GB:0.049995,0.0,0.0,0.0,0.0,0.950005,0.049995,0.0,0.0,0.0,0,1.0,0,0,0.950005,0.049995,0.0974952500,assemble_notest_scrap,assemble,,0,0,6.974953,0.90250475,0.09749525,0,10.321119
6,218,GG:0.902505;GB:0.047495;BG:0.0475;BB:0.0025,0.0,0.0,0.0,0.0,0.902505,0.047495,0.0,0.0475,0.0025,0,0.95,0.05,0,0.950005,0.049995,0.1426202500,assemble_notest_scrap,assemble,,0,0,7.426203,0.85737975,0.14262025,0,12.321119
6,219,GG:0.950005;BG:0.049995,0.0,0.0,0.0,0.0,0.950005,0.0,0.0,0.049995,0.0,0,0.950005,0.049995,0,1.0,0,0.0974952500,assemble_notest_scrap,assemble,,0,0,6.974953,0.90250475,0.09749525,0,10.321119
6,220,GG:0.902505;GB:0.0475;BG:0.047495;BB:0.0025,0.0,0.0,0.0,0.0,0.902505,0.0475,0.0,0.047495,0.0025,0,0.950005,0.049995,0,0.95,0.05,0.1426202500,assemble_notest_scrap,assemble,,0,0,7.426203,0.85737975,0.14262025,0,12.321119
6,221,GB:0.487165;BG:0.487196;BB:0.025639,0.0,0.0,0.0,0.0,0.0,0.487165,0.0,0.487196,0.025639,0,0.487165,0.512835,0,0.487196,0.512804,1.0000000000,inspect_p1,inspect,1,,,2,0.0,1.0,0,25.628697
6,222,GB:0.487196;BG:0.487165;BB:0.025639,0.0,0.0,0.0,0.0,0.0,0.487196,0.0,0.487165,0.025639,0,0.487196,0.512804,0,0.487165,0.512835,1.0000000000,inspect_p1,inspect,1,,,2,0.0,1.0,0,25.629226
6,223,GG:5.8e-05;GB:0.487131;BG:0.487173;BB:0.025638,0.0,0.0,0.0,0.0,5.8e-05,0.487131,0.0,0.487173,0.025638,0,0.487189,0.512811,0,0.487231,0.512769,0.9999449000,inspect_p1,inspect,1,,,2,0.0,1.0,0,25.627891
6,224,GB:0.487159;BG:0.4872;BB:0.025641,0.0,0.0,0.0,0.0,0.0,0.487159,0.0,0.4872,0.025641,0,0.487159,0.512841,0,0.4872,0.5128,1.0000000000,inspect_p1,inspect,1,,,2,0.0,1.0,0,25.628671
6,225,GG:5.8e-05;GB:0.487173;BG:0.487131;BB:0.025638,0.0,0.0,0.0,0.0,5.8e-05,0.487173,0.0,0.487131,0.025638,0,0.487231,0.512769,0,0.487189,0.512811,0.9999449000,inspect_p1,inspect,1,,,2,0.0,1.0,0,25.628607
6,226,GB:0.4872;BG:0.487159;BB:0.025641,0.0,0.0,0.0,0.0,0.0,0.4872,0.0,0.487159,0.025641,0,0.4872,0.5128,0,0.487159,0.512841,1.0000000000,inspect_p1,inspect,1,,,2,0.0,1.0,0,25.629373
6,227,GG:0.487206;GB:0.512794,0.0,0.0,0.0,0.0,0.487206,0.512794,0.0,0.0,0.0,0,1.0,0,0,0.487206,0.512794,0.5371543000,inspect_p2,inspect,2,,,3,0.0,1.0,0,21.525925
6,228,GN:0.949995;BN:0.050005,0.0,0.0,0.0,0.949995,0.0,0.0,0.050005,0.0,0.0,0,0.949995,0.050005,1.0,0,0,,buy_p2_notest,buy,2,,,18,0.0,1.0,0,30.32154
6,229,GG:0.316401;GB:0.333017;BG:0.333053;BB:0.017529,0.0,0.0,0.0,0.0,0.316401,0.333017,0.0,0.333053,0.017529,0,0.649418,0.350582,0,0.649454,0.350546,0.6994190500,inspect_p1,inspect,1,,,2,0.0,1.0,0,21.701274
6,230,GG:0.487206;BG:0.512794,0.0,0.0,0.0,0.0,0.487206,0.0,0.0,0.512794,0.0,0,0.487206,0.512794,0,1.0,0,0.5371543000,inspect_p1,inspect,1,,,2,0.0,1.0,0,13.346809
6,231,NG:0.949995;NB:0.050005,0.0,0.949995,0.050005,0.0,0.0,0.0,0.0,0.0,0.0,1.0,0,0,0,0.949995,0.050005,,buy_p1_notest,buy,1,,,4,0.0,1.0,0,16.32154
6,232,GG:0.316401;GB:0.333053;BG:0.333017;BB:0.017529,0.0,0.0,0.0,0.0,0.316401,0.333053,0.0,0.333017,0.017529,0,0.649454,0.350546,0,0.649418,0.350582,0.6994190500,inspect_p1,inspect,1,,,2,0.0,1.0,0,21.701888
6,233,GG:3e-06;GB:0.487158;BG:0.4872;BB:0.025639,0.0,0.0,0.0,0.0,3e-06,0.487158,0.0,0.4872,0.025639,0,0.487161,0.512839,0,0.487203,0.512797,0.9999971500,inspect_p1,inspect,1,,,2,0.0,1.0,0,25.628556
6,234,GG:3e-06;GB:0.4872;BG:0.487158;BB:0.025639,0.0,0.0,0.0,0.0,3e-06,0.4872,0.0,0.487158,0.025639,0,0.487203,0.512797,0,0.487161,0.512839,0.9999971500,inspect_p1,inspect,1,,,2,0.0,1.0,0,25.629273
6,235,GG:0.949995;BG:0.050005,0.0,0.0,0.0,0.0,0.949995,0.0,0.0,0.050005,0.0,0,0.949995,0.050005,0,1.0,0,0.0975047500,assemble_notest_scrap,assemble,,0,0,6.975048,0.90249525,0.09750475,0,10.32154
6,236,GG:0.902495;GB:0.0475;BG:0.047505;BB:0.0025,0.0,0.0,0.0,0.0,0.902495,0.0475,0.0,0.047505,0.0025,0,0.949995,0.050005,0,0.95,0.05,0.1426297500,assemble_notest_scrap,assemble,,0,0,7.426298,0.85737025,0.14262975,0,12.32154
6,237,GG:0.487207;GB:0.512793,0.0,0.0,0.0,0.0,0.487207,0.512793,0.0,0.0,0.0,0,1.0,0,0,0.487207,0.512793,0.5371533500,inspect_p2,inspect,2,,,3,0.0,1.0,0,21.525905
6,238,GG:0.022619;GB:0.476134;BG:0.476185;BB:0.025062,0.0,0.0,0.0,0.0,0.022619,0.476134,0.0,0.476185,0.025062,0,0.498753,0.501247,0,0.498804,0.501196,0.9785119500,inspect_p1,inspect,1,,,2,0.0,1.0,0,25.347844
6,239,GG:0.949995;GB:0.050005,0.0,0.0,0.0,0.0,0.949995,0.050005,0.0,0.0,0.0,0,1.0,0,0,0.949995,0.050005,0.0975047500,assemble_notest_scrap,assemble,,0,0,6.975048,0.90249525,0.09750475,0,10.32154
6,240,GG:0.902495;GB:0.047505;BG:0.0475;BB:0.0025,0.0,0.0,0.0,0.0,0.902495,0.047505,0.0,0.0475,0.0025,0,0.95,0.05,0,0.949995,0.050005,0.1426297500,assemble_notest_scrap,assemble,,0,0,7.426298,0.85737025,0.14262975,0,12.32154
6,241,GG:0.487207;BG:0.512793,0.0,0.0,0.0,0.0,0.487207,0.0,0.0,0.512793,0.0,0,0.487207,0.512793,0,1.0,0,0.5371533500,inspect_p1,inspect,1,,,2,0.0,1.0,0,13.346803
6,242,GG:0.022619;GB:0.476185;BG:0.476134;BB:0.025062,0.0,0.0,0.0,0.0,0.022619,0.476185,0.0,0.476134,0.025062,0,0.498804,0.501196,0,0.498753,0.501247,0.9785119500,inspect_p1,inspect,1,,,2,0.0,1.0,0,25.348718
6,243,NG:0.950006;NB:0.049994,0.0,0.950006,0.049994,0.0,0.0,0.0,0.0,0.0,0.0,1.0,0,0,0,0.950006,0.049994,,buy_p1_notest,buy,1,,,4,0.0,1.0,0,16.321077
6,244,GB:0.487159;BG:0.487202;BB:0.025639,0.0,0.0,0.0,0.0,0.0,0.487159,0.0,0.487202,0.025639,0,0.487159,0.512841,0,0.487202,0.512798,1.0000000000,inspect_p1,inspect,1,,,2,0.0,1.0,0,25.628585
6,245,GN:0.950006;BN:0.049994,0.0,0.0,0.0,0.950006,0.0,0.0,0.049994,0.0,0.0,0,0.950006,0.049994,1.0,0,0,,buy_p2_notest,buy,2,,,18,0.0,1.0,0,30.321077
6,246,GB:0.487202;BG:0.487159;BB:0.025639,0.0,0.0,0.0,0.0,0.0,0.487202,0.0,0.487159,0.025639,0,0.487202,0.512798,0,0.487159,0.512841,1.0000000000,inspect_p1,inspect,1,,,2,0.0,1.0,0,25.629316
6,247,GG:0.487153;BG:0.512847,0.0,0.0,0.0,0.0,0.487153,0.0,0.0,0.512847,0.0,0,0.487153,0.512847,0,1.0,0,0.5372046500,inspect_p1,inspect,1,,,2,0.0,1.0,0,13.347132
6,248,GG:0.316377;GB:0.33303;BG:0.333065;BB:0.017528,0.0,0.0,0.0,0.0,0.316377,0.33303,0.0,0.333065,0.017528,0,0.649407,0.350593,0,0.649442,0.350558,0.6994418500,inspect_p1,inspect,1,,,2,0.0,1.0,0,21.701522
6,249,GG:0.001156;GB:0.48659;BG:0.486642;BB:0.025612,0.0,0.0,0.0,0.0,0.001156,0.48659,0.0,0.486642,0.025612,0,0.487746,0.512254,0,0.487798,0.512202,0.9989018000,inspect_p1,inspect,1,,,2,0.0,1.0,0,25.614257
6,250,GG:0.487153;GB:0.512847,0.0,0.0,0.0,0.0,0.487153,0.512847,0.0,0.0,0.0,0,1.0,0,0,0.487153,0.512847,0.5372046500,inspect_p2,inspect,2,,,3,0.0,1.0,0,21.52699
6,251,GG:0.316377;GB:0.333065;BG:0.33303;BB:0.017528,0.0,0.0,0.0,0.0,0.316377,0.333065,0.0,0.33303,0.017528,0,0.649442,0.350558,0,0.649407,0.350593,0.6994418500,inspect_p1,inspect,1,,,2,0.0,1.0,0,21.702117
6,252,GG:0.001156;GB:0.486642;BG:0.48659;BB:0.025612,0.0,0.0,0.0,0.0,0.001156,0.486642,0.0,0.48659,0.025612,0,0.487798,0.512202,0,0.487746,0.512254,0.9989018000,inspect_p1,inspect,1,,,2,0.0,1.0,0,25.615143
6,253,GG:0.950006;GB:0.049994,0.0,0.0,0.0,0.0,0.950006,0.049994,0.0,0.0,0.0,0,1.0,0,0,0.950006,0.049994,0.0974943000,assemble_notest_scrap,assemble,,0,0,6.974943,0.9025057,0.0974943,0,10.321077
6,254,GG:0.902506;GB:0.047494;BG:0.0475;BB:0.0025,0.0,0.0,0.0,0.0,0.902506,0.047494,0.0,0.0475,0.0025,0,0.95,0.05,0,0.950006,0.049994,0.1426193000,assemble_notest_scrap,assemble,,0,0,7.426193,0.8573807,0.1426193,0,12.321077
6,255,GG:0.950006;BG:0.049994,0.0,0.0,0.0,0.0,0.950006,0.0,0.0,0.049994,0.0,0,0.950006,0.049994,0,1.0,0,0.0974943000,assemble_notest_scrap,assemble,,0,0,6.974943,0.9025057,0.0974943,0,10.321077
6,256,GG:0.902506;GB:0.0475;BG:0.047494;BB:0.0025,0.0,0.0,0.0,0.0,0.902506,0.0475,0.0,0.047494,0.0025,0,0.950006,0.049994,0,0.95,0.05,0.1426193000,assemble_notest_scrap,assemble,,0,0,7.426193,0.8573807,0.1426193,0,12.321077
6,257,GG:0.045341;BG:0.954659,0.0,0.0,0.0,0.0,0.045341,0.0,0.0,0.954659,0.0,0,0.045341,0.954659,0,1.0,0,0.9569260500,inspect_p1,inspect,1,,,2,0.0,1.0,0,16.044511
6,258,GG:0.487152;BG:0.512848,0.0,0.0,0.0,0.0,0.487152,0.0,0.0,0.512848,0.0,0,0.487152,0.512848,0,1.0,0,0.5372056000,inspect_p1,inspect,1,,,2,0.0,1.0,0,13.347138
6,259,GG:0.022616;GB:0.476137;BG:0.476187;BB:0.02506,0.0,0.0,0.0,0.0,0.022616,0.476137,0.0,0.476187,0.02506,0,0.498753,0.501247,0,0.498803,0.501197,0.9785148000,inspect_p1,inspect,1,,,2,0.0,1.0,0,25.347819
6,260,GG:5.8e-05;GB:0.487125;BG:0.487177;BB:0.02564,0.0,0.0,0.0,0.0,5.8e-05,0.487125,0.0,0.487177,0.02564,0,0.487183,0.512817,0,0.487235,0.512765,0.9999449000,inspect_p1,inspect,1,,,2,0.0,1.0,0,25.627866
6,261,GG:0.045341;GB:0.954659,0.0,0.0,0.0,0.0,0.045341,0.954659,0.0,0.0,0.0,0,1.0,0,0,0.045341,0.954659,0.9569260500,inspect_p2,inspect,2,,,3,0.0,1.0,0,30.409737
6,262,GG:0.487152;GB:0.512848,0.0,0.0,0.0,0.0,0.487152,0.512848,0.0,0.0,0.0,0,1.0,0,0,0.487152,0.512848,0.5372056000,inspect_p2,inspect,2,,,3,0.0,1.0,0,21.52701
6,263,GG:0.022616;GB:0.476187;BG:0.476137;BB:0.02506,0.0,0.0,0.0,0.0,0.022616,0.476187,0.0,0.476137,0.02506,0,0.498803,0.501197,0,0.498753,0.501247,0.9785148000,inspect_p1,inspect,1,,,2,0.0,1.0,0,25.348669
6,264,GG:5.8e-05;GB:0.487177;BG:0.487125;BB:0.02564,0.0,0.0,0.0,0.0,5.8e-05,0.487177,0.0,0.487125,0.02564,0,0.487235,0.512765,0,0.487183,0.512817,0.9999449000,inspect_p1,inspect,1,,,2,0.0,1.0,0,25.628754
6,265,GG:0.487211;GB:0.512789,0.0,0.0,0.0,0.0,0.487211,0.512789,0.0,0.0,0.0,0,1.0,0,0,0.487211,0.512789,0.5371495500,inspect_p2,inspect,2,,,3,0.0,1.0,0,21.525824
6,266,GN:0.949994;BN:0.050006,0.0,0.0,0.0,0.949994,0.0,0.0,0.050006,0.0,0.0,0,0.949994,0.050006,1.0,0,0,,buy_p2_notest,buy,2,,,18,0.0,1.0,0,30.321582
6,267,GG:0.316404;GB:0.333012;BG:0.333055;BB:0.017529,0.0,0.0,0.0,0.0,0.316404,0.333012,0.0,0.333055,0.017529,0,0.649416,0.350584,0,0.649459,0.350541,0.6994162000,inspect_p1,inspect,1,,,2,0.0,1.0,0,21.701171
6,268,GG:0.487211;BG:0.512789,0.0,0.0,0.0,0.0,0.487211,0.0,0.0,0.512789,0.0,0,0.487211,0.512789,0,1.0,0,0.5371495500,inspect_p1,inspect,1,,,2,0.0,1.0,0,13.346778
6,269,NG:0.949994;NB:0.050006,0.0,0.949994,0.050006,0.0,0.0,0.0,0.0,0.0,0.0,1.0,0,0,0,0.949994,0.050006,,buy_p1_notest,buy,1,,,4,0.0,1.0,0,16.321582
6,270,GG:0.316404;GB:0.333055;BG:0.333012;BB:0.017529,0.0,0.0,0.0,0.0,0.316404,0.333055,0.0,0.333012,0.017529,0,0.649459,0.350541,0,0.649416,0.350584,0.6994162000,inspect_p1,inspect,1,,,2,0.0,1.0,0,21.701916
6,271,GG:0.001156;GB:0.486592;BG:0.486642;BB:0.02561,0.0,0.0,0.0,0.0,0.001156,0.486592,0.0,0.486642,0.02561,0,0.487748,0.512252,0,0.487798,0.512202,0.9989018000,inspect_p1,inspect,1,,,2,0.0,1.0,0,25.614201
6,272,GG:3e-06;GB:0.487152;BG:0.487204;BB:0.025641,0.0,0.0,0.0,0.0,3e-06,0.487152,0.0,0.487204,0.025641,0,0.487155,0.512845,0,0.487207,0.512793,0.9999971500,inspect_p1,inspect,1,,,2,0.0,1.0,0,25.628553
6,273,GG:0.001156;GB:0.486642;BG:0.486592;BB:0.02561,0.0,0.0,0.0,0.0,0.001156,0.486642,0.0,0.486592,0.02561,0,0.487798,0.512202,0,0.487748,0.512252,0.9989018000,inspect_p1,inspect,1,,,2,0.0,1.0,0,25.615056
6,274,GG:3e-06;GB:0.487204;BG:0.487152;BB:0.025641,0.0,0.0,0.0,0.0,3e-06,0.487204,0.0,0.487152,0.025641,0,0.487207,0.512793,0,0.487155,0.512845,0.9999971500,inspect_p1,inspect,1,,,2,0.0,1.0,0,25.629441
6,275,GG:0.045352;GB:0.954648,0.0,0.0,0.0,0.0,0.045352,0.954648,0.0,0.0,0.0,0,1.0,0,0,0.045352,0.954648,0.9569156000,inspect_p2,inspect,2,,,3,0.0,1.0,0,30.409516
6,276,GG:0.949994;BG:0.050006,0.0,0.0,0.0,0.0,0.949994,0.0,0.0,0.050006,0.0,0,0.949994,0.050006,0,1.0,0,0.0975057000,assemble_notest_scrap,assemble,,0,0,6.975057,0.9024943,0.0975057,0,10.321582
6,277,GG:0.902494;GB:0.0475;BG:0.047506;BB:0.0025,0.0,0.0,0.0,0.0,0.902494,0.0475,0.0,0.047506,0.0025,0,0.949994,0.050006,0,0.95,0.05,0.1426307000,assemble_notest_scrap,assemble,,0,0,7.426307,0.8573693,0.1426307,0,12.321582
6,278,GG:0.487213;GB:0.512787,0.0,0.0,0.0,0.0,0.487213,0.512787,0.0,0.0,0.0,0,1.0,0,0,0.487213,0.512787,0.5371476500,inspect_p2,inspect,2,,,3,0.0,1.0,0,21.525784
6,279,GG:0.022619;GB:0.476129;BG:0.47619;BB:0.025062,0.0,0.0,0.0,0.0,0.022619,0.476129,0.0,0.47619,0.025062,0,0.498748,0.501252,0,0.498809,0.501191,0.9785119500,inspect_p1,inspect,1,,,2,0.0,1.0,0,25.347763
6,280,GG:0.045352;BG:0.954648,0.0,0.0,0.0,0.0,0.045352,0.0,0.0,0.954648,0.0,0,0.045352,0.954648,0,1.0,0,0.9569156000,inspect_p1,inspect,1,,,2,0.0,1.0,0,16.044444
6,281,GG:0.949994;GB:0.050006,0.0,0.0,0.0,0.0,0.949994,0.050006,0.0,0.0,0.0,0,1.0,0,0,0.949994,0.050006,0.0975057000,assemble_notest_scrap,assemble,,0,0,6.975057,0.9024943,0.0975057,0,10.321582
6,282,GG:0.902494;GB:0.047506;BG:0.0475;BB:0.0025,0.0,0.0,0.0,0.0,0.902494,0.047506,0.0,0.0475,0.0025,0,0.95,0.05,0,0.949994,0.050006,0.1426307000,assemble_notest_scrap,assemble,,0,0,7.426307,0.8573693,0.1426307,0,12.321582
6,283,GG:0.487213;BG:0.512787,0.0,0.0,0.0,0.0,0.487213,0.0,0.0,0.512787,0.0,0,0.487213,0.512787,0,1.0,0,0.5371476500,inspect_p1,inspect,1,,,2,0.0,1.0,0,13.346766
6,284,GG:0.022619;GB:0.47619;BG:0.476129;BB:0.025062,0.0,0.0,0.0,0.0,0.022619,0.47619,0.0,0.476129,0.025062,0,0.498809,0.501191,0,0.498748,0.501252,0.9785119500,inspect_p1,inspect,1,,,2,0.0,1.0,0,25.348809
6,285,GG:5.8e-05;GB:0.487127;BG:0.487177;BB:0.025638,0.0,0.0,0.0,0.0,5.8e-05,0.487127,0.0,0.487177,0.025638,0,0.487185,0.512815,0,0.487235,0.512765,0.9999449000,inspect_p1,inspect,1,,,2,0.0,1.0,0,25.627831
6,286,GB:0.487153;BG:0.487206;BB:0.025641,0.0,0.0,0.0,0.0,0.0,0.487153,0.0,0.487206,0.025641,0,0.487153,0.512847,0,0.487206,0.512794,1.0000000000,inspect_p1,inspect,1,,,2,0.0,1.0,0,25.62856
6,287,GG:5.8e-05;GB:0.487177;BG:0.487127;BB:0.025638,0.0,0.0,0.0,0.0,5.8e-05,0.487177,0.0,0.487127,0.025638,0,0.487235,0.512765,0,0.487185,0.512815,0.9999449000,inspect_p1,inspect,1,,,2,0.0,1.0,0,25.628689
6,288,GB:0.487206;BG:0.487153;BB:0.025641,0.0,0.0,0.0,0.0,0.0,0.487206,0.0,0.487153,0.025641,0,0.487206,0.512794,0,0.487153,0.512847,1.0000000000,inspect_p1,inspect,1,,,2,0.0,1.0,0,25.629484
6,289,GG:0.487148;BG:0.512852,0.0,0.0,0.0,0.0,0.487148,0.0,0.0,0.512852,0.0,0,0.487148,0.512852,0,1.0,0,0.5372094000,inspect_p1,inspect,1,,,2,0.0,1.0,0,13.347163
6,290,GG:0.316374;GB:0.333028;BG:0.33307;BB:0.017528,0.0,0.0,0.0,0.0,0.316374,0.333028,0.0,0.33307,0.017528,0,0.649402,0.350598,0,0.649444,0.350556,0.6994447000,inspect_p1,inspect,1,,,2,0.0,1.0,0,21.701509
6,291,GG:0.001156;GB:0.486585;BG:0.486647;BB:0.025612,0.0,0.0,0.0,0.0,0.001156,0.486585,0.0,0.486647,0.025612,0,0.487741,0.512259,0,0.487803,0.512197,0.9989018000,inspect_p1,inspect,1,,,2,0.0,1.0,0,25.614161
6,292,GG:0.487148;GB:0.512852,0.0,0.0,0.0,0.0,0.487148,0.512852,0.0,0.0,0.0,0,1.0,0,0,0.487148,0.512852,0.5372094000,inspect_p2,inspect,2,,,3,0.0,1.0,0,21.527091
6,293,GG:0.316374;GB:0.33307;BG:0.333028;BB:0.017528,0.0,0.0,0.0,0.0,0.316374,0.33307,0.0,0.333028,0.017528,0,0.649444,0.350556,0,0.649402,0.350598,0.6994447000,inspect_p1,inspect,1,,,2,0.0,1.0,0,21.702221
6,294,GG:0.001156;GB:0.486647;BG:0.486585;BB:0.025612,0.0,0.0,0.0,0.0,0.001156,0.486647,0.0,0.486585,0.025612,0,0.487803,0.512197,0,0.487741,0.512259,0.9989018000,inspect_p1,inspect,1,,,2,0.0,1.0,0,25.615217
6,295,GG:3e-06;GB:0.487154;BG:0.487204;BB:0.025639,0.0,0.0,0.0,0.0,3e-06,0.487154,0.0,0.487204,0.025639,0,0.487157,0.512843,0,0.487207,0.512793,0.9999971500,inspect_p1,inspect,1,,,2,0.0,1.0,0,25.628496
6,296,GG:3e-06;GB:0.487204;BG:0.487154;BB:0.025639,0.0,0.0,0.0,0.0,3e-06,0.487204,0.0,0.487154,0.025639,0,0.487207,0.512793,0,0.487157,0.512843,0.9999971500,inspect_p1,inspect,1,,,2,0.0,1.0,0,25.629354
6,297,GG:0.487177;GB:0.512823,0.0,0.0,0.0,0.0,0.487177,0.512823,0.0,0.0,0.0,0,1.0,0,0,0.487177,0.512823,0.5371818500,inspect_p2,inspect,2,,,3,0.0,1.0,0,21.526508
6,298,GG:0.487146;BG:0.512854,0.0,0.0,0.0,0.0,0.487146,0.0,0.0,0.512854,0.0,0,0.487146,0.512854,0,1.0,0,0.5372113000,inspect_p1,inspect,1,,,2,0.0,1.0,0,13.347175
6,299,GG:0.022616;GB:0.476132;BG:0.476192;BB:0.02506,0.0,0.0,0.0,0.0,0.022616,0.476132,0.0,0.476192,0.02506,0,0.498748,0.501252,0,0.498808,0.501192,0.9785148000,inspect_p1,inspect,1,,,2,0.0,1.0,0,25.347739
6,300,GG:5.8e-05;GB:0.48712;BG:0.487182;BB:0.02564,0.0,0.0,0.0,0.0,5.8e-05,0.48712,0.0,0.487182,0.02564,0,0.487178,0.512822,0,0.48724,0.51276,0.9999449000,inspect_p1,inspect,1,,,2,0.0,1.0,0,25.627791
6,301,GG:0.487146;GB:0.512854,0.0,0.0,0.0,0.0,0.487146,0.512854,0.0,0.0,0.0,0,1.0,0,0,0.487146,0.512854,0.5372113000,inspect_p2,inspect,2,,,3,0.0,1.0,0,21.527131
6,302,GG:0.487177;BG:0.512823,0.0,0.0,0.0,0.0,0.487177,0.0,0.0,0.512823,0.0,0,0.487177,0.512823,0,1.0,0,0.5371818500,inspect_p1,inspect,1,,,2,0.0,1.0,0,13.346986
6,303,GG:0.022616;GB:0.476192;BG:0.476132;BB:0.02506,0.0,0.0,0.0,0.0,0.022616,0.476192,0.0,0.476132,0.02506,0,0.498808,0.501192,0,0.498748,0.501252,0.9785148000,inspect_p1,inspect,1,,,2,0.0,1.0,0,25.348771
6,304,GG:5.8e-05;GB:0.487182;BG:0.48712;BB:0.02564,0.0,0.0,0.0,0.0,5.8e-05,0.487182,0.0,0.48712,0.02564,0,0.48724,0.51276,0,0.487178,0.512822,0.9999449000,inspect_p1,inspect,1,,,2,0.0,1.0,0,25.62885
6,305,GB:0.487155;BG:0.487206;BB:0.025639,0.0,0.0,0.0,0.0,0.0,0.487155,0.0,0.487206,0.025639,0,0.487155,0.512845,0,0.487206,0.512794,1.0000000000,inspect_p1,inspect,1,,,2,0.0,1.0,0,25.628525
6,306,GB:0.487206;BG:0.487155;BB:0.025639,0.0,0.0,0.0,0.0,0.0,0.487206,0.0,0.487155,0.025639,0,0.487206,0.512794,0,0.487155,0.512845,1.0000000000,inspect_p1,inspect,1,,,2,0.0,1.0,0,25.629398
6,307,GG:0.04534;BG:0.95466,0.0,0.0,0.0,0.0,0.04534,0.0,0.0,0.95466,0.0,0,0.04534,0.95466,0,1.0,0,0.9569270000,inspect_p1,inspect,1,,,2,0.0,1.0,0,16.044517
6,308,GG:0.001156;GB:0.486586;BG:0.486648;BB:0.02561,0.0,0.0,0.0,0.0,0.001156,0.486586,0.0,0.486648,0.02561,0,0.487742,0.512258,0,0.487804,0.512196,0.9989018000,inspect_p1,inspect,1,,,2,0.0,1.0,0,25.61409
6,309,GG:3e-06;GB:0.487147;BG:0.487209;BB:0.025641,0.0,0.0,0.0,0.0,3e-06,0.487147,0.0,0.487209,0.025641,0,0.48715,0.51285,0,0.487212,0.512788,0.9999971500,inspect_p1,inspect,1,,,2,0.0,1.0,0,25.628456
6,310,GG:0.04534;GB:0.95466,0.0,0.0,0.0,0.0,0.04534,0.95466,0.0,0.0,0.0,0,1.0,0,0,0.04534,0.95466,0.9569270000,inspect_p2,inspect,2,,,3,0.0,1.0,0,30.409757
6,311,GG:0.001156;GB:0.486648;BG:0.486586;BB:0.02561,0.0,0.0,0.0,0.0,0.001156,0.486648,0.0,0.486586,0.02561,0,0.487804,0.512196,0,0.487742,0.512258,0.9989018000,inspect_p1,inspect,1,,,2,0.0,1.0,0,25.615146
6,312,GG:3e-06;GB:0.487209;BG:0.487147;BB:0.025641,0.0,0.0,0.0,0.0,3e-06,0.487209,0.0,0.487147,0.025641,0,0.487212,0.512788,0,0.48715,0.51285,0.9999971500,inspect_p1,inspect,1,,,2,0.0,1.0,0,25.629516
6,313,GG:5.8e-05;GB:0.487121;BG:0.487183;BB:0.025638,0.0,0.0,0.0,0.0,5.8e-05,0.487121,0.0,0.487183,0.025638,0,0.487179,0.512821,0,0.487241,0.512759,0.9999449000,inspect_p1,inspect,1,,,2,0.0,1.0,0,25.627719
6,314,GB:0.487148;BG:0.487211;BB:0.025641,0.0,0.0,0.0,0.0,0.0,0.487148,0.0,0.487211,0.025641,0,0.487148,0.512852,0,0.487211,0.512789,1.0000000000,inspect_p1,inspect,1,,,2,0.0,1.0,0,25.628485
6,315,GG:5.8e-05;GB:0.487183;BG:0.487121;BB:0.025638,0.0,0.0,0.0,0.0,5.8e-05,0.487183,0.0,0.487121,0.025638,0,0.487241,0.512759,0,0.487179,0.512821,0.9999449000,inspect_p1,inspect,1,,,2,0.0,1.0,0,25.628779
6,316,GB:0.487211;BG:0.487148;BB:0.025641,0.0,0.0,0.0,0.0,0.0,0.487211,0.0,0.487148,0.025641,0,0.487211,0.512789,0,0.487148,0.512852,1.0000000000,inspect_p1,inspect,1,,,2,0.0,1.0,0,25.629559
6,317,GG:3e-06;GB:0.487148;BG:0.48721;BB:0.025639,0.0,0.0,0.0,0.0,3e-06,0.487148,0.0,0.48721,0.025639,0,0.487151,0.512849,0,0.487213,0.512787,0.9999971500,inspect_p1,inspect,1,,,2,0.0,1.0,0,25.628385
6,318,GG:3e-06;GB:0.48721;BG:0.487148;BB:0.025639,0.0,0.0,0.0,0.0,3e-06,0.48721,0.0,0.487148,0.025639,0,0.487213,0.512787,0,0.487151,0.512849,0.9999971500,inspect_p1,inspect,1,,,2,0.0,1.0,0,25.629444
6,319,NG:0.950007;NB:0.049993,0.0,0.950007,0.049993,0.0,0.0,0.0,0.0,0.0,0.0,1.0,0,0,0,0.950007,0.049993,,buy_p1_notest,buy,1,,,4,0.0,1.0,0,16.321035
6,320,GB:0.487149;BG:0.487212;BB:0.025639,0.0,0.0,0.0,0.0,0.0,0.487149,0.0,0.487212,0.025639,0,0.487149,0.512851,0,0.487212,0.512788,1.0000000000,inspect_p1,inspect,1,,,2,0.0,1.0,0,25.628413
6,321,GN:0.950007;BN:0.049993,0.0,0.0,0.0,0.950007,0.0,0.0,0.049993,0.0,0.0,0,0.950007,0.049993,1.0,0,0,,buy_p2_notest,buy,2,,,18,0.0,1.0,0,30.321035
6,322,GB:0.487212;BG:0.487149;BB:0.025639,0.0,0.0,0.0,0.0,0.0,0.487212,0.0,0.487149,0.025639,0,0.487212,0.512788,0,0.487149,0.512851,1.0000000000,inspect_p1,inspect,1,,,2,0.0,1.0,0,25.629488
6,323,GG:0.950007;GB:0.049993,0.0,0.0,0.0,0.0,0.950007,0.049993,0.0,0.0,0.0,0,1.0,0,0,0.950007,0.049993,0.0974933500,assemble_notest_scrap,assemble,,0,0,6.974934,0.90250665,0.09749335,0,10.321035
6,324,GG:0.902507;GB:0.047493;BG:0.0475;BB:0.0025,0.0,0.0,0.0,0.0,0.902507,0.047493,0.0,0.0475,0.0025,0,0.95,0.05,0,0.950007,0.049993,0.1426183500,assemble_notest_scrap,assemble,,0,0,7.426184,0.85738165,0.14261835,0,12.321035
6,325,GG:0.950007;BG:0.049993,0.0,0.0,0.0,0.0,0.950007,0.0,0.0,0.049993,0.0,0,0.950007,0.049993,0,1.0,0,0.0974933500,assemble_notest_scrap,assemble,,0,0,6.974934,0.90250665,0.09749335,0,10.321035
6,326,GG:0.902507;GB:0.0475;BG:0.047493;BB:0.0025,0.0,0.0,0.0,0.0,0.902507,0.0475,0.0,0.047493,0.0025,0,0.950007,0.049993,0,0.95,0.05,0.1426183500,assemble_notest_scrap,assemble,,0,0,7.426184,0.85738165,0.14261835,0,12.321035
6,327,GG:0.487216;GB:0.512784,0.0,0.0,0.0,0.0,0.487216,0.512784,0.0,0.0,0.0,0,1.0,0,0,0.487216,0.512784,0.5371448000,inspect_p2,inspect,2,,,3,0.0,1.0,0,21.525724
6,328,GN:0.949993;BN:0.050007,0.0,0.0,0.0,0.949993,0.0,0.0,0.050007,0.0,0.0,0,0.949993,0.050007,1.0,0,0,,buy_p2_notest,buy,2,,,18,0.0,1.0,0,30.321624
6,329,GG:0.316406;GB:0.333008;BG:0.333057;BB:0.017529,0.0,0.0,0.0,0.0,0.316406,0.333008,0.0,0.333057,0.017529,0,0.649414,0.350586,0,0.649463,0.350537,0.6994143000,inspect_p1,inspect,1,,,2,0.0,1.0,0,21.701095
6,330,GG:0.487216;BG:0.512784,0.0,0.0,0.0,0.0,0.487216,0.0,0.0,0.512784,0.0,0,0.487216,0.512784,0,1.0,0,0.5371448000,inspect_p1,inspect,1,,,2,0.0,1.0,0,13.346748
6,331,NG:0.949993;NB:0.050007,0.0,0.949993,0.050007,0.0,0.0,0.0,0.0,0.0,0.0,1.0,0,0,0,0.949993,0.050007,,buy_p1_notest,buy,1,,,4,0.0,1.0,0,16.321624
6,332,GG:0.316406;GB:0.333057;BG:0.333008;BB:0.017529,0.0,0.0,0.0,0.0,0.316406,0.333057,0.0,0.333008,0.017529,0,0.649463,0.350537,0,0.649414,0.350586,0.6994143000,inspect_p1,inspect,1,,,2,0.0,1.0,0,21.701937
6,333,GG:0.949993;BG:0.050007,0.0,0.0,0.0,0.0,0.949993,0.0,0.0,0.050007,0.0,0,0.949993,0.050007,0,1.0,0,0.0975066500,assemble_notest_scrap,assemble,,0,0,6.975067,0.90249335,0.09750665,0,10.321624
6,334,GG:0.902493;GB:0.0475;BG:0.047507;BB:0.0025,0.0,0.0,0.0,0.0,0.902493,0.0475,0.0,0.047507,0.0025,0,0.949993,0.050007,0,0.95,0.05,0.1426316500,assemble_notest_scrap,assemble,,0,0,7.426317,0.85736835,0.14263165,0,12.321624
6,335,GG:0.487218;GB:0.512782,0.0,0.0,0.0,0.0,0.487218,0.512782,0.0,0.0,0.0,0,1.0,0,0,0.487218,0.512782,0.5371429000,inspect_p2,inspect,2,,,3,0.0,1.0,0,21.525684
6,336,GG:0.022619;GB:0.476124;BG:0.476195;BB:0.025062,0.0,0.0,0.0,0.0,0.022619,0.476124,0.0,0.476195,0.025062,0,0.498743,0.501257,0,0.498814,0.501186,0.9785119500,inspect_p1,inspect,1,,,2,0.0,1.0,0,25.347672
6,337,GG:0.949993;GB:0.050007,0.0,0.0,0.0,0.0,0.949993,0.050007,0.0,0.0,0.0,0,1.0,0,0,0.949993,0.050007,0.0975066500,assemble_notest_scrap,assemble,,0,0,6.975067,0.90249335,0.09750665,0,10.321624
6,338,GG:0.902493;GB:0.047507;BG:0.0475;BB:0.0025,0.0,0.0,0.0,0.0,0.902493,0.047507,0.0,0.0475,0.0025,0,0.95,0.05,0,0.949993,0.050007,0.1426316500,assemble_notest_scrap,assemble,,0,0,7.426317,0.85736835,0.14263165,0,12.321624
6,339,GG:0.487218;BG:0.512782,0.0,0.0,0.0,0.0,0.487218,0.0,0.0,0.512782,0.0,0,0.487218,0.512782,0,1.0,0,0.5371429000,inspect_p1,inspect,1,,,2,0.0,1.0,0,13.346736
6,340,GG:0.022619;GB:0.476195;BG:0.476124;BB:0.025062,0.0,0.0,0.0,0.0,0.022619,0.476195,0.0,0.476124,0.025062,0,0.498814,0.501186,0,0.498743,0.501257,0.9785119500,inspect_p1,inspect,1,,,2,0.0,1.0,0,25.34888
6,341,GG:0.487143;BG:0.512857,0.0,0.0,0.0,0.0,0.487143,0.0,0.0,0.512857,0.0,0,0.487143,0.512857,0,1.0,0,0.5372141500,inspect_p1,inspect,1,,,2,0.0,1.0,0,13.347193
6,342,GG:0.316372;GB:0.333026;BG:0.333074;BB:0.017528,0.0,0.0,0.0,0.0,0.316372,0.333026,0.0,0.333074,0.017528,0,0.649398,0.350602,0,0.649446,0.350554,0.6994466000,inspect_p1,inspect,1,,,2,0.0,1.0,0,21.701473
6,343,GG:0.045353;GB:0.954647,0.0,0.0,0.0,0.0,0.045353,0.954647,0.0,0.0,0.0,0,1.0,0,0,0.045353,0.954647,0.9569146500,inspect_p2,inspect,2,,,3,0.0,1.0,0,30.409496
6,344,GG:0.001156;GB:0.48658;BG:0.486652;BB:0.025612,0.0,0.0,0.0,0.0,0.001156,0.48658,0.0,0.486652,0.025612,0,0.487736,0.512264,0,0.487808,0.512192,0.9989018000,inspect_p1,inspect,1,,,2,0.0,1.0,0,25.614086
6,345,GG:0.487143;GB:0.512857,0.0,0.0,0.0,0.0,0.487143,0.512857,0.0,0.0,0.0,0,1.0,0,0,0.487143,0.512857,0.5372141500,inspect_p2,inspect,2,,,3,0.0,1.0,0,21.527191
6,346,GG:0.316372;GB:0.333074;BG:0.333026;BB:0.017528,0.0,0.0,0.0,0.0,0.316372,0.333074,0.0,0.333026,0.017528,0,0.649446,0.350554,0,0.649398,0.350602,0.6994466000,inspect_p1,inspect,1,,,2,0.0,1.0,0,21.702297
6,347,GG:0.045353;BG:0.954647,0.0,0.0,0.0,0.0,0.045353,0.0,0.0,0.954647,0.0,0,0.045353,0.954647,0,1.0,0,0.9569146500,inspect_p1,inspect,1,,,2,0.0,1.0,0,16.044438
6,348,GG:0.001156;GB:0.486652;BG:0.48658;BB:0.025612,0.0,0.0,0.0,0.0,0.001156,0.486652,0.0,0.48658,0.025612,0,0.487808,0.512192,0,0.487736,0.512264,0.9989018000,inspect_p1,inspect,1,,,2,0.0,1.0,0,25.615314
6,349,GG:0.487141;BG:0.512859,0.0,0.0,0.0,0.0,0.487141,0.0,0.0,0.512859,0.0,0,0.487141,0.512859,0,1.0,0,0.5372160500,inspect_p1,inspect,1,,,2,0.0,1.0,0,13.347206
6,350,GG:0.022616;GB:0.476128;BG:0.476196;BB:0.02506,0.0,0.0,0.0,0.0,0.022616,0.476128,0.0,0.476196,0.02506,0,0.498744,0.501256,0,0.498812,0.501188,0.9785148000,inspect_p1,inspect,1,,,2,0.0,1.0,0,25.347661
6,351,GG:5.8e-05;GB:0.487115;BG:0.487187;BB:0.02564,0.0,0.0,0.0,0.0,5.8e-05,0.487115,0.0,0.487187,0.02564,0,0.487173,0.512827,0,0.487245,0.512755,0.9999449000,inspect_p1,inspect,1,,,2,0.0,1.0,0,25.627694
6,352,GG:0.487141;GB:0.512859,0.0,0.0,0.0,0.0,0.487141,0.512859,0.0,0.0,0.0,0,1.0,0,0,0.487141,0.512859,0.5372160500,inspect_p2,inspect,2,,,3,0.0,1.0,0,21.527232
6,353,GG:0.022616;GB:0.476196;BG:0.476128;BB:0.02506,0.0,0.0,0.0,0.0,0.022616,0.476196,0.0,0.476128,0.02506,0,0.498812,0.501188,0,0.498744,0.501256,0.9785148000,inspect_p1,inspect,1,,,2,0.0,1.0,0,25.348827
6,354,GG:5.8e-05;GB:0.487187;BG:0.487115;BB:0.02564,0.0,0.0,0.0,0.0,5.8e-05,0.487187,0.0,0.487115,0.02564,0,0.487245,0.512755,0,0.487173,0.512827,0.9999449000,inspect_p1,inspect,1,,,2,0.0,1.0,0,25.628925
6,355,GG:0.045339;BG:0.954661,0.0,0.0,0.0,0.0,0.045339,0.0,0.0,0.954661,0.0,0,0.045339,0.954661,0,1.0,0,0.9569279500,inspect_p1,inspect,1,,,2,0.0,1.0,0,16.044523
6,356,GG:0.001156;GB:0.486582;BG:0.486652;BB:0.02561,0.0,0.0,0.0,0.0,0.001156,0.486582,0.0,0.486652,0.02561,0,0.487738,0.512262,0,0.487808,0.512192,0.9989018000,inspect_p1,inspect,1,,,2,0.0,1.0,0,25.61403
6,357,GG:3e-06;GB:0.487142;BG:0.487214;BB:0.025641,0.0,0.0,0.0,0.0,3e-06,0.487142,0.0,0.487214,0.025641,0,0.487145,0.512855,0,0.487217,0.512783,0.9999971500,inspect_p1,inspect,1,,,2,0.0,1.0,0,25.628381
6,358,GG:0.045339;GB:0.954661,0.0,0.0,0.0,0.0,0.045339,0.954661,0.0,0.0,0.0,0,1.0,0,0,0.045339,0.954661,0.9569279500,inspect_p2,inspect,2,,,3,0.0,1.0,0,30.409777
6,359,GG:0.001156;GB:0.486652;BG:0.486582;BB:0.02561,0.0,0.0,0.0,0.0,0.001156,0.486652,0.0,0.486582,0.02561,0,0.487808,0.512192,0,0.487738,0.512262,0.9989018000,inspect_p1,inspect,1,,,2,0.0,1.0,0,25.615227
6,360,GG:3e-06;GB:0.487214;BG:0.487142;BB:0.025641,0.0,0.0,0.0,0.0,3e-06,0.487214,0.0,0.487142,0.025641,0,0.487217,0.512783,0,0.487145,0.512855,0.9999971500,inspect_p1,inspect,1,,,2,0.0,1.0,0,25.629612
6,361,GG:5.8e-05;GB:0.487117;BG:0.487187;BB:0.025638,0.0,0.0,0.0,0.0,5.8e-05,0.487117,0.0,0.487187,0.025638,0,0.487175,0.512825,0,0.487245,0.512755,0.9999449000,inspect_p1,inspect,1,,,2,0.0,1.0,0,25.62766
6,362,GB:0.487143;BG:0.487216;BB:0.025641,0.0,0.0,0.0,0.0,0.0,0.487143,0.0,0.487216,0.025641,0,0.487143,0.512857,0,0.487216,0.512784,1.0000000000,inspect_p1,inspect,1,,,2,0.0,1.0,0,25.628388
6,363,GG:5.8e-05;GB:0.487187;BG:0.487117;BB:0.025638,0.0,0.0,0.0,0.0,5.8e-05,0.487187,0.0,0.487117,0.025638,0,0.487245,0.512755,0,0.487175,0.512825,0.9999449000,inspect_p1,inspect,1,,,2,0.0,1.0,0,25.628839
6,364,GB:0.487216;BG:0.487143;BB:0.025641,0.0,0.0,0.0,0.0,0.0,0.487216,0.0,0.487143,0.025641,0,0.487216,0.512784,0,0.487143,0.512857,1.0000000000,inspect_p1,inspect,1,,,2,0.0,1.0,0,25.629656
6,365,GG:3e-06;GB:0.487144;BG:0.487214;BB:0.025639,0.0,0.0,0.0,0.0,3e-06,0.487144,0.0,0.487214,0.025639,0,0.487147,0.512853,0,0.487217,0.512783,0.9999971500,inspect_p1,inspect,1,,,2,0.0,1.0,0,25.628325
6,366,GG:3e-06;GB:0.487214;BG:0.487144;BB:0.025639,0.0,0.0,0.0,0.0,3e-06,0.487214,0.0,0.487144,0.025639,0,0.487217,0.512783,0,0.487147,0.512853,0.9999971500,inspect_p1,inspect,1,,,2,0.0,1.0,0,25.629526
6,367,GB:0.487145;BG:0.487216;BB:0.025639,0.0,0.0,0.0,0.0,0.0,0.487145,0.0,0.487216,0.025639,0,0.487145,0.512855,0,0.487216,0.512784,1.0000000000,inspect_p1,inspect,1,,,2,0.0,1.0,0,25.628353
6,368,GB:0.487216;BG:0.487145;BB:0.025639,0.0,0.0,0.0,0.0,0.0,0.487216,0.0,0.487145,0.025639,0,0.487216,0.512784,0,0.487145,0.512855,1.0000000000,inspect_p1,inspect,1,,,2,0.0,1.0,0,25.62957
